itemCode,discipline,category,description,specification,quantity,unit,supplier,cost,margin,sellingRate,manufacturer,brand,model
FACADE-14885,construction,Stone Cladding,Marble Cladding - Rainscreen - 25 mm - Flamed,"Supply and install 25 mm flamed marble façade cladding using rainscreen system, including panels, anchors or adhesive, subframe, restraints, joints, flashings, sealants and protection. | Code Ref: 04 42 00 / OmniClass 23-13 31 21 | Spec: Stone Type/Source: ___ | Thickness: ___ | Panel Size: ___ | Finish: ___ | Fixing System: ___ | Anchor Material: ___ | Subframe: ___ | Design Load: ___ | Water Absorption: ___ | Standard: ___ | Remarks: Pattern-based master item; verify project classification, structural design, local code, tested system, manufacturer data and consultant requirements.",,m²,,,,,,,
FACADE-14886,construction,Stone Cladding,Marble Cladding - Rainscreen - 25 mm - Honed,"Supply and install 25 mm honed marble façade cladding using rainscreen system, including panels, anchors or adhesive, subframe, restraints, joints, flashings, sealants and protection. | Code Ref: 04 42 00 / OmniClass 23-13 31 21 | Spec: Stone Type/Source: ___ | Thickness: ___ | Panel Size: ___ | Finish: ___ | Fixing System: ___ | Anchor Material: ___ | Subframe: ___ | Design Load: ___ | Water Absorption: ___ | Standard: ___ | Remarks: Pattern-based master item; verify project classification, structural design, local code, tested system, manufacturer data and consultant requirements.",,m²,,,,,,,
FACADE-14887,construction,Stone Cladding,Marble Cladding - Rainscreen - 25 mm - Leathered,"Supply and install 25 mm leathered marble façade cladding using rainscreen system, including panels, anchors or adhesive, subframe, restraints, joints, flashings, sealants and protection. | Code Ref: 04 42 00 / OmniClass 23-13 31 21 | Spec: Stone Type/Source: ___ | Thickness: ___ | Panel Size: ___ | Finish: ___ | Fixing System: ___ | Anchor Material: ___ | Subframe: ___ | Design Load: ___ | Water Absorption: ___ | Standard: ___ | Remarks: Pattern-based master item; verify project classification, structural design, local code, tested system, manufacturer data and consultant requirements.",,m²,,,,,,,
FACADE-14888,construction,Stone Cladding,Marble Cladding - Rainscreen - 25 mm - Natural Split,"Supply and install 25 mm natural split marble façade cladding using rainscreen system, including panels, anchors or adhesive, subframe, restraints, joints, flashings, sealants and protection. | Code Ref: 04 42 00 / OmniClass 23-13 31 21 | Spec: Stone Type/Source: ___ | Thickness: ___ | Panel Size: ___ | Finish: ___ | Fixing System: ___ | Anchor Material: ___ | Subframe: ___ | Design Load: ___ | Water Absorption: ___ | Standard: ___ | Remarks: Pattern-based master item; verify project classification, structural design, local code, tested system, manufacturer data and consultant requirements.",,m²,,,,,,,
FACADE-14889,construction,Stone Cladding,Marble Cladding - Rainscreen - 25 mm - Polished,"Supply and install 25 mm polished marble façade cladding using rainscreen system, including panels, anchors or adhesive, subframe, restraints, joints, flashings, sealants and protection. | Code Ref: 04 42 00 / OmniClass 23-13 31 21 | Spec: Stone Type/Source: ___ | Thickness: ___ | Panel Size: ___ | Finish: ___ | Fixing System: ___ | Anchor Material: ___ | Subframe: ___ | Design Load: ___ | Water Absorption: ___ | Standard: ___ | Remarks: Pattern-based master item; verify project classification, structural design, local code, tested system, manufacturer data and consultant requirements.",,m²,,,,,,,
FACADE-14890,construction,Stone Cladding,Marble Cladding - Rainscreen - 25 mm - Sandblasted,"Supply and install 25 mm sandblasted marble façade cladding using rainscreen system, including panels, anchors or adhesive, subframe, restraints, joints, flashings, sealants and protection. | Code Ref: 04 42 00 / OmniClass 23-13 31 21 | Spec: Stone Type/Source: ___ | Thickness: ___ | Panel Size: ___ | Finish: ___ | Fixing System: ___ | Anchor Material: ___ | Subframe: ___ | Design Load: ___ | Water Absorption: ___ | Standard: ___ | Remarks: Pattern-based master item; verify project classification, structural design, local code, tested system, manufacturer data and consultant requirements.",,m²,,,,,,,
FACADE-14891,construction,Stone Cladding,Marble Cladding - Rainscreen - 30 mm - Bush-Hammered,"Supply and install 30 mm bush-hammered marble façade cladding using rainscreen system, including panels, anchors or adhesive, subframe, restraints, joints, flashings, sealants and protection. | Code Ref: 04 42 00 / OmniClass 23-13 31 21 | Spec: Stone Type/Source: ___ | Thickness: ___ | Panel Size: ___ | Finish: ___ | Fixing System: ___ | Anchor Material: ___ | Subframe: ___ | Design Load: ___ | Water Absorption: ___ | Standard: ___ | Remarks: Pattern-based master item; verify project classification, structural design, local code, tested system, manufacturer data and consultant requirements.",,m²,,,,,,,
FACADE-14892,construction,Stone Cladding,Marble Cladding - Rainscreen - 30 mm - Flamed,"Supply and install 30 mm flamed marble façade cladding using rainscreen system, including panels, anchors or adhesive, subframe, restraints, joints, flashings, sealants and protection. | Code Ref: 04 42 00 / OmniClass 23-13 31 21 | Spec: Stone Type/Source: ___ | Thickness: ___ | Panel Size: ___ | Finish: ___ | Fixing System: ___ | Anchor Material: ___ | Subframe: ___ | Design Load: ___ | Water Absorption: ___ | Standard: ___ | Remarks: Pattern-based master item; verify project classification, structural design, local code, tested system, manufacturer data and consultant requirements.",,m²,,,,,,,
FACADE-14893,construction,Stone Cladding,Marble Cladding - Rainscreen - 30 mm - Honed,"Supply and install 30 mm honed marble façade cladding using rainscreen system, including panels, anchors or adhesive, subframe, restraints, joints, flashings, sealants and protection. | Code Ref: 04 42 00 / OmniClass 23-13 31 21 | Spec: Stone Type/Source: ___ | Thickness: ___ | Panel Size: ___ | Finish: ___ | Fixing System: ___ | Anchor Material: ___ | Subframe: ___ | Design Load: ___ | Water Absorption: ___ | Standard: ___ | Remarks: Pattern-based master item; verify project classification, structural design, local code, tested system, manufacturer data and consultant requirements.",,m²,,,,,,,
FACADE-14894,construction,Stone Cladding,Marble Cladding - Rainscreen - 30 mm - Leathered,"Supply and install 30 mm leathered marble façade cladding using rainscreen system, including panels, anchors or adhesive, subframe, restraints, joints, flashings, sealants and protection. | Code Ref: 04 42 00 / OmniClass 23-13 31 21 | Spec: Stone Type/Source: ___ | Thickness: ___ | Panel Size: ___ | Finish: ___ | Fixing System: ___ | Anchor Material: ___ | Subframe: ___ | Design Load: ___ | Water Absorption: ___ | Standard: ___ | Remarks: Pattern-based master item; verify project classification, structural design, local code, tested system, manufacturer data and consultant requirements.",,m²,,,,,,,
FACADE-14895,construction,Stone Cladding,Marble Cladding - Rainscreen - 30 mm - Natural Split,"Supply and install 30 mm natural split marble façade cladding using rainscreen system, including panels, anchors or adhesive, subframe, restraints, joints, flashings, sealants and protection. | Code Ref: 04 42 00 / OmniClass 23-13 31 21 | Spec: Stone Type/Source: ___ | Thickness: ___ | Panel Size: ___ | Finish: ___ | Fixing System: ___ | Anchor Material: ___ | Subframe: ___ | Design Load: ___ | Water Absorption: ___ | Standard: ___ | Remarks: Pattern-based master item; verify project classification, structural design, local code, tested system, manufacturer data and consultant requirements.",,m²,,,,,,,
FACADE-14896,construction,Stone Cladding,Marble Cladding - Rainscreen - 30 mm - Polished,"Supply and install 30 mm polished marble façade cladding using rainscreen system, including panels, anchors or adhesive, subframe, restraints, joints, flashings, sealants and protection. | Code Ref: 04 42 00 / OmniClass 23-13 31 21 | Spec: Stone Type/Source: ___ | Thickness: ___ | Panel Size: ___ | Finish: ___ | Fixing System: ___ | Anchor Material: ___ | Subframe: ___ | Design Load: ___ | Water Absorption: ___ | Standard: ___ | Remarks: Pattern-based master item; verify project classification, structural design, local code, tested system, manufacturer data and consultant requirements.",,m²,,,,,,,
FACADE-14897,construction,Stone Cladding,Marble Cladding - Rainscreen - 30 mm - Sandblasted,"Supply and install 30 mm sandblasted marble façade cladding using rainscreen system, including panels, anchors or adhesive, subframe, restraints, joints, flashings, sealants and protection. | Code Ref: 04 42 00 / OmniClass 23-13 31 21 | Spec: Stone Type/Source: ___ | Thickness: ___ | Panel Size: ___ | Finish: ___ | Fixing System: ___ | Anchor Material: ___ | Subframe: ___ | Design Load: ___ | Water Absorption: ___ | Standard: ___ | Remarks: Pattern-based master item; verify project classification, structural design, local code, tested system, manufacturer data and consultant requirements.",,m²,,,,,,,
FACADE-14898,construction,Stone Cladding,Marble Cladding - Rainscreen - 40 mm - Bush-Hammered,"Supply and install 40 mm bush-hammered marble façade cladding using rainscreen system, including panels, anchors or adhesive, subframe, restraints, joints, flashings, sealants and protection. | Code Ref: 04 42 00 / OmniClass 23-13 31 21 | Spec: Stone Type/Source: ___ | Thickness: ___ | Panel Size: ___ | Finish: ___ | Fixing System: ___ | Anchor Material: ___ | Subframe: ___ | Design Load: ___ | Water Absorption: ___ | Standard: ___ | Remarks: Pattern-based master item; verify project classification, structural design, local code, tested system, manufacturer data and consultant requirements.",,m²,,,,,,,
FACADE-14899,construction,Stone Cladding,Marble Cladding - Rainscreen - 40 mm - Flamed,"Supply and install 40 mm flamed marble façade cladding using rainscreen system, including panels, anchors or adhesive, subframe, restraints, joints, flashings, sealants and protection. | Code Ref: 04 42 00 / OmniClass 23-13 31 21 | Spec: Stone Type/Source: ___ | Thickness: ___ | Panel Size: ___ | Finish: ___ | Fixing System: ___ | Anchor Material: ___ | Subframe: ___ | Design Load: ___ | Water Absorption: ___ | Standard: ___ | Remarks: Pattern-based master item; verify project classification, structural design, local code, tested system, manufacturer data and consultant requirements.",,m²,,,,,,,
FACADE-14900,construction,Stone Cladding,Marble Cladding - Rainscreen - 40 mm - Honed,"Supply and install 40 mm honed marble façade cladding using rainscreen system, including panels, anchors or adhesive, subframe, restraints, joints, flashings, sealants and protection. | Code Ref: 04 42 00 / OmniClass 23-13 31 21 | Spec: Stone Type/Source: ___ | Thickness: ___ | Panel Size: ___ | Finish: ___ | Fixing System: ___ | Anchor Material: ___ | Subframe: ___ | Design Load: ___ | Water Absorption: ___ | Standard: ___ | Remarks: Pattern-based master item; verify project classification, structural design, local code, tested system, manufacturer data and consultant requirements.",,m²,,,,,,,
FACADE-14901,construction,Stone Cladding,Marble Cladding - Rainscreen - 40 mm - Leathered,"Supply and install 40 mm leathered marble façade cladding using rainscreen system, including panels, anchors or adhesive, subframe, restraints, joints, flashings, sealants and protection. | Code Ref: 04 42 00 / OmniClass 23-13 31 21 | Spec: Stone Type/Source: ___ | Thickness: ___ | Panel Size: ___ | Finish: ___ | Fixing System: ___ | Anchor Material: ___ | Subframe: ___ | Design Load: ___ | Water Absorption: ___ | Standard: ___ | Remarks: Pattern-based master item; verify project classification, structural design, local code, tested system, manufacturer data and consultant requirements.",,m²,,,,,,,
FACADE-14902,construction,Stone Cladding,Marble Cladding - Rainscreen - 40 mm - Natural Split,"Supply and install 40 mm natural split marble façade cladding using rainscreen system, including panels, anchors or adhesive, subframe, restraints, joints, flashings, sealants and protection. | Code Ref: 04 42 00 / OmniClass 23-13 31 21 | Spec: Stone Type/Source: ___ | Thickness: ___ | Panel Size: ___ | Finish: ___ | Fixing System: ___ | Anchor Material: ___ | Subframe: ___ | Design Load: ___ | Water Absorption: ___ | Standard: ___ | Remarks: Pattern-based master item; verify project classification, structural design, local code, tested system, manufacturer data and consultant requirements.",,m²,,,,,,,
FACADE-14903,construction,Stone Cladding,Marble Cladding - Rainscreen - 40 mm - Polished,"Supply and install 40 mm polished marble façade cladding using rainscreen system, including panels, anchors or adhesive, subframe, restraints, joints, flashings, sealants and protection. | Code Ref: 04 42 00 / OmniClass 23-13 31 21 | Spec: Stone Type/Source: ___ | Thickness: ___ | Panel Size: ___ | Finish: ___ | Fixing System: ___ | Anchor Material: ___ | Subframe: ___ | Design Load: ___ | Water Absorption: ___ | Standard: ___ | Remarks: Pattern-based master item; verify project classification, structural design, local code, tested system, manufacturer data and consultant requirements.",,m²,,,,,,,
FACADE-14904,construction,Stone Cladding,Marble Cladding - Rainscreen - 40 mm - Sandblasted,"Supply and install 40 mm sandblasted marble façade cladding using rainscreen system, including panels, anchors or adhesive, subframe, restraints, joints, flashings, sealants and protection. | Code Ref: 04 42 00 / OmniClass 23-13 31 21 | Spec: Stone Type/Source: ___ | Thickness: ___ | Panel Size: ___ | Finish: ___ | Fixing System: ___ | Anchor Material: ___ | Subframe: ___ | Design Load: ___ | Water Absorption: ___ | Standard: ___ | Remarks: Pattern-based master item; verify project classification, structural design, local code, tested system, manufacturer data and consultant requirements.",,m²,,,,,,,
FACADE-14905,construction,Stone Cladding,Marble Cladding - Rainscreen - 50 mm - Bush-Hammered,"Supply and install 50 mm bush-hammered marble façade cladding using rainscreen system, including panels, anchors or adhesive, subframe, restraints, joints, flashings, sealants and protection. | Code Ref: 04 42 00 / OmniClass 23-13 31 21 | Spec: Stone Type/Source: ___ | Thickness: ___ | Panel Size: ___ | Finish: ___ | Fixing System: ___ | Anchor Material: ___ | Subframe: ___ | Design Load: ___ | Water Absorption: ___ | Standard: ___ | Remarks: Pattern-based master item; verify project classification, structural design, local code, tested system, manufacturer data and consultant requirements.",,m²,,,,,,,
FACADE-14906,construction,Stone Cladding,Marble Cladding - Rainscreen - 50 mm - Flamed,"Supply and install 50 mm flamed marble façade cladding using rainscreen system, including panels, anchors or adhesive, subframe, restraints, joints, flashings, sealants and protection. | Code Ref: 04 42 00 / OmniClass 23-13 31 21 | Spec: Stone Type/Source: ___ | Thickness: ___ | Panel Size: ___ | Finish: ___ | Fixing System: ___ | Anchor Material: ___ | Subframe: ___ | Design Load: ___ | Water Absorption: ___ | Standard: ___ | Remarks: Pattern-based master item; verify project classification, structural design, local code, tested system, manufacturer data and consultant requirements.",,m²,,,,,,,
FACADE-14907,construction,Stone Cladding,Marble Cladding - Rainscreen - 50 mm - Honed,"Supply and install 50 mm honed marble façade cladding using rainscreen system, including panels, anchors or adhesive, subframe, restraints, joints, flashings, sealants and protection. | Code Ref: 04 42 00 / OmniClass 23-13 31 21 | Spec: Stone Type/Source: ___ | Thickness: ___ | Panel Size: ___ | Finish: ___ | Fixing System: ___ | Anchor Material: ___ | Subframe: ___ | Design Load: ___ | Water Absorption: ___ | Standard: ___ | Remarks: Pattern-based master item; verify project classification, structural design, local code, tested system, manufacturer data and consultant requirements.",,m²,,,,,,,
FACADE-14908,construction,Stone Cladding,Marble Cladding - Rainscreen - 50 mm - Leathered,"Supply and install 50 mm leathered marble façade cladding using rainscreen system, including panels, anchors or adhesive, subframe, restraints, joints, flashings, sealants and protection. | Code Ref: 04 42 00 / OmniClass 23-13 31 21 | Spec: Stone Type/Source: ___ | Thickness: ___ | Panel Size: ___ | Finish: ___ | Fixing System: ___ | Anchor Material: ___ | Subframe: ___ | Design Load: ___ | Water Absorption: ___ | Standard: ___ | Remarks: Pattern-based master item; verify project classification, structural design, local code, tested system, manufacturer data and consultant requirements.",,m²,,,,,,,
FACADE-14909,construction,Stone Cladding,Marble Cladding - Rainscreen - 50 mm - Natural Split,"Supply and install 50 mm natural split marble façade cladding using rainscreen system, including panels, anchors or adhesive, subframe, restraints, joints, flashings, sealants and protection. | Code Ref: 04 42 00 / OmniClass 23-13 31 21 | Spec: Stone Type/Source: ___ | Thickness: ___ | Panel Size: ___ | Finish: ___ | Fixing System: ___ | Anchor Material: ___ | Subframe: ___ | Design Load: ___ | Water Absorption: ___ | Standard: ___ | Remarks: Pattern-based master item; verify project classification, structural design, local code, tested system, manufacturer data and consultant requirements.",,m²,,,,,,,
FACADE-14910,construction,Stone Cladding,Marble Cladding - Rainscreen - 50 mm - Polished,"Supply and install 50 mm polished marble façade cladding using rainscreen system, including panels, anchors or adhesive, subframe, restraints, joints, flashings, sealants and protection. | Code Ref: 04 42 00 / OmniClass 23-13 31 21 | Spec: Stone Type/Source: ___ | Thickness: ___ | Panel Size: ___ | Finish: ___ | Fixing System: ___ | Anchor Material: ___ | Subframe: ___ | Design Load: ___ | Water Absorption: ___ | Standard: ___ | Remarks: Pattern-based master item; verify project classification, structural design, local code, tested system, manufacturer data and consultant requirements.",,m²,,,,,,,
FACADE-14911,construction,Stone Cladding,Marble Cladding - Rainscreen - 50 mm - Sandblasted,"Supply and install 50 mm sandblasted marble façade cladding using rainscreen system, including panels, anchors or adhesive, subframe, restraints, joints, flashings, sealants and protection. | Code Ref: 04 42 00 / OmniClass 23-13 31 21 | Spec: Stone Type/Source: ___ | Thickness: ___ | Panel Size: ___ | Finish: ___ | Fixing System: ___ | Anchor Material: ___ | Subframe: ___ | Design Load: ___ | Water Absorption: ___ | Standard: ___ | Remarks: Pattern-based master item; verify project classification, structural design, local code, tested system, manufacturer data and consultant requirements.",,m²,,,,,,,
FACADE-14912,construction,Stone Cladding,Marble Cladding - Undercut Anchor - 20 mm - Bush-Hammered,"Supply and install 20 mm bush-hammered marble façade cladding using undercut anchor system, including panels, anchors or adhesive, subframe, restraints, joints, flashings, sealants and protection. | Code Ref: 04 42 00 / OmniClass 23-13 31 21 | Spec: Stone Type/Source: ___ | Thickness: ___ | Panel Size: ___ | Finish: ___ | Fixing System: ___ | Anchor Material: ___ | Subframe: ___ | Design Load: ___ | Water Absorption: ___ | Standard: ___ | Remarks: Pattern-based master item; verify project classification, structural design, local code, tested system, manufacturer data and consultant requirements.",,m²,,,,,,,
FACADE-14913,construction,Stone Cladding,Marble Cladding - Undercut Anchor - 20 mm - Flamed,"Supply and install 20 mm flamed marble façade cladding using undercut anchor system, including panels, anchors or adhesive, subframe, restraints, joints, flashings, sealants and protection. | Code Ref: 04 42 00 / OmniClass 23-13 31 21 | Spec: Stone Type/Source: ___ | Thickness: ___ | Panel Size: ___ | Finish: ___ | Fixing System: ___ | Anchor Material: ___ | Subframe: ___ | Design Load: ___ | Water Absorption: ___ | Standard: ___ | Remarks: Pattern-based master item; verify project classification, structural design, local code, tested system, manufacturer data and consultant requirements.",,m²,,,,,,,
FACADE-14914,construction,Stone Cladding,Marble Cladding - Undercut Anchor - 20 mm - Honed,"Supply and install 20 mm honed marble façade cladding using undercut anchor system, including panels, anchors or adhesive, subframe, restraints, joints, flashings, sealants and protection. | Code Ref: 04 42 00 / OmniClass 23-13 31 21 | Spec: Stone Type/Source: ___ | Thickness: ___ | Panel Size: ___ | Finish: ___ | Fixing System: ___ | Anchor Material: ___ | Subframe: ___ | Design Load: ___ | Water Absorption: ___ | Standard: ___ | Remarks: Pattern-based master item; verify project classification, structural design, local code, tested system, manufacturer data and consultant requirements.",,m²,,,,,,,
FACADE-14915,construction,Stone Cladding,Marble Cladding - Undercut Anchor - 20 mm - Leathered,"Supply and install 20 mm leathered marble façade cladding using undercut anchor system, including panels, anchors or adhesive, subframe, restraints, joints, flashings, sealants and protection. | Code Ref: 04 42 00 / OmniClass 23-13 31 21 | Spec: Stone Type/Source: ___ | Thickness: ___ | Panel Size: ___ | Finish: ___ | Fixing System: ___ | Anchor Material: ___ | Subframe: ___ | Design Load: ___ | Water Absorption: ___ | Standard: ___ | Remarks: Pattern-based master item; verify project classification, structural design, local code, tested system, manufacturer data and consultant requirements.",,m²,,,,,,,
FACADE-14916,construction,Stone Cladding,Marble Cladding - Undercut Anchor - 20 mm - Natural Split,"Supply and install 20 mm natural split marble façade cladding using undercut anchor system, including panels, anchors or adhesive, subframe, restraints, joints, flashings, sealants and protection. | Code Ref: 04 42 00 / OmniClass 23-13 31 21 | Spec: Stone Type/Source: ___ | Thickness: ___ | Panel Size: ___ | Finish: ___ | Fixing System: ___ | Anchor Material: ___ | Subframe: ___ | Design Load: ___ | Water Absorption: ___ | Standard: ___ | Remarks: Pattern-based master item; verify project classification, structural design, local code, tested system, manufacturer data and consultant requirements.",,m²,,,,,,,
FACADE-14917,construction,Stone Cladding,Marble Cladding - Undercut Anchor - 20 mm - Polished,"Supply and install 20 mm polished marble façade cladding using undercut anchor system, including panels, anchors or adhesive, subframe, restraints, joints, flashings, sealants and protection. | Code Ref: 04 42 00 / OmniClass 23-13 31 21 | Spec: Stone Type/Source: ___ | Thickness: ___ | Panel Size: ___ | Finish: ___ | Fixing System: ___ | Anchor Material: ___ | Subframe: ___ | Design Load: ___ | Water Absorption: ___ | Standard: ___ | Remarks: Pattern-based master item; verify project classification, structural design, local code, tested system, manufacturer data and consultant requirements.",,m²,,,,,,,
FACADE-14918,construction,Stone Cladding,Marble Cladding - Undercut Anchor - 20 mm - Sandblasted,"Supply and install 20 mm sandblasted marble façade cladding using undercut anchor system, including panels, anchors or adhesive, subframe, restraints, joints, flashings, sealants and protection. | Code Ref: 04 42 00 / OmniClass 23-13 31 21 | Spec: Stone Type/Source: ___ | Thickness: ___ | Panel Size: ___ | Finish: ___ | Fixing System: ___ | Anchor Material: ___ | Subframe: ___ | Design Load: ___ | Water Absorption: ___ | Standard: ___ | Remarks: Pattern-based master item; verify project classification, structural design, local code, tested system, manufacturer data and consultant requirements.",,m²,,,,,,,
FACADE-14919,construction,Stone Cladding,Marble Cladding - Undercut Anchor - 25 mm - Bush-Hammered,"Supply and install 25 mm bush-hammered marble façade cladding using undercut anchor system, including panels, anchors or adhesive, subframe, restraints, joints, flashings, sealants and protection. | Code Ref: 04 42 00 / OmniClass 23-13 31 21 | Spec: Stone Type/Source: ___ | Thickness: ___ | Panel Size: ___ | Finish: ___ | Fixing System: ___ | Anchor Material: ___ | Subframe: ___ | Design Load: ___ | Water Absorption: ___ | Standard: ___ | Remarks: Pattern-based master item; verify project classification, structural design, local code, tested system, manufacturer data and consultant requirements.",,m²,,,,,,,
FACADE-14920,construction,Stone Cladding,Marble Cladding - Undercut Anchor - 25 mm - Flamed,"Supply and install 25 mm flamed marble façade cladding using undercut anchor system, including panels, anchors or adhesive, subframe, restraints, joints, flashings, sealants and protection. | Code Ref: 04 42 00 / OmniClass 23-13 31 21 | Spec: Stone Type/Source: ___ | Thickness: ___ | Panel Size: ___ | Finish: ___ | Fixing System: ___ | Anchor Material: ___ | Subframe: ___ | Design Load: ___ | Water Absorption: ___ | Standard: ___ | Remarks: Pattern-based master item; verify project classification, structural design, local code, tested system, manufacturer data and consultant requirements.",,m²,,,,,,,
FACADE-14921,construction,Stone Cladding,Marble Cladding - Undercut Anchor - 25 mm - Honed,"Supply and install 25 mm honed marble façade cladding using undercut anchor system, including panels, anchors or adhesive, subframe, restraints, joints, flashings, sealants and protection. | Code Ref: 04 42 00 / OmniClass 23-13 31 21 | Spec: Stone Type/Source: ___ | Thickness: ___ | Panel Size: ___ | Finish: ___ | Fixing System: ___ | Anchor Material: ___ | Subframe: ___ | Design Load: ___ | Water Absorption: ___ | Standard: ___ | Remarks: Pattern-based master item; verify project classification, structural design, local code, tested system, manufacturer data and consultant requirements.",,m²,,,,,,,
FACADE-14922,construction,Stone Cladding,Marble Cladding - Undercut Anchor - 25 mm - Leathered,"Supply and install 25 mm leathered marble façade cladding using undercut anchor system, including panels, anchors or adhesive, subframe, restraints, joints, flashings, sealants and protection. | Code Ref: 04 42 00 / OmniClass 23-13 31 21 | Spec: Stone Type/Source: ___ | Thickness: ___ | Panel Size: ___ | Finish: ___ | Fixing System: ___ | Anchor Material: ___ | Subframe: ___ | Design Load: ___ | Water Absorption: ___ | Standard: ___ | Remarks: Pattern-based master item; verify project classification, structural design, local code, tested system, manufacturer data and consultant requirements.",,m²,,,,,,,
FACADE-14923,construction,Stone Cladding,Marble Cladding - Undercut Anchor - 25 mm - Natural Split,"Supply and install 25 mm natural split marble façade cladding using undercut anchor system, including panels, anchors or adhesive, subframe, restraints, joints, flashings, sealants and protection. | Code Ref: 04 42 00 / OmniClass 23-13 31 21 | Spec: Stone Type/Source: ___ | Thickness: ___ | Panel Size: ___ | Finish: ___ | Fixing System: ___ | Anchor Material: ___ | Subframe: ___ | Design Load: ___ | Water Absorption: ___ | Standard: ___ | Remarks: Pattern-based master item; verify project classification, structural design, local code, tested system, manufacturer data and consultant requirements.",,m²,,,,,,,
FACADE-14924,construction,Stone Cladding,Marble Cladding - Undercut Anchor - 25 mm - Polished,"Supply and install 25 mm polished marble façade cladding using undercut anchor system, including panels, anchors or adhesive, subframe, restraints, joints, flashings, sealants and protection. | Code Ref: 04 42 00 / OmniClass 23-13 31 21 | Spec: Stone Type/Source: ___ | Thickness: ___ | Panel Size: ___ | Finish: ___ | Fixing System: ___ | Anchor Material: ___ | Subframe: ___ | Design Load: ___ | Water Absorption: ___ | Standard: ___ | Remarks: Pattern-based master item; verify project classification, structural design, local code, tested system, manufacturer data and consultant requirements.",,m²,,,,,,,
FACADE-14925,construction,Stone Cladding,Marble Cladding - Undercut Anchor - 25 mm - Sandblasted,"Supply and install 25 mm sandblasted marble façade cladding using undercut anchor system, including panels, anchors or adhesive, subframe, restraints, joints, flashings, sealants and protection. | Code Ref: 04 42 00 / OmniClass 23-13 31 21 | Spec: Stone Type/Source: ___ | Thickness: ___ | Panel Size: ___ | Finish: ___ | Fixing System: ___ | Anchor Material: ___ | Subframe: ___ | Design Load: ___ | Water Absorption: ___ | Standard: ___ | Remarks: Pattern-based master item; verify project classification, structural design, local code, tested system, manufacturer data and consultant requirements.",,m²,,,,,,,
FACADE-14926,construction,Stone Cladding,Marble Cladding - Undercut Anchor - 30 mm - Bush-Hammered,"Supply and install 30 mm bush-hammered marble façade cladding using undercut anchor system, including panels, anchors or adhesive, subframe, restraints, joints, flashings, sealants and protection. | Code Ref: 04 42 00 / OmniClass 23-13 31 21 | Spec: Stone Type/Source: ___ | Thickness: ___ | Panel Size: ___ | Finish: ___ | Fixing System: ___ | Anchor Material: ___ | Subframe: ___ | Design Load: ___ | Water Absorption: ___ | Standard: ___ | Remarks: Pattern-based master item; verify project classification, structural design, local code, tested system, manufacturer data and consultant requirements.",,m²,,,,,,,
FACADE-14927,construction,Stone Cladding,Marble Cladding - Undercut Anchor - 30 mm - Flamed,"Supply and install 30 mm flamed marble façade cladding using undercut anchor system, including panels, anchors or adhesive, subframe, restraints, joints, flashings, sealants and protection. | Code Ref: 04 42 00 / OmniClass 23-13 31 21 | Spec: Stone Type/Source: ___ | Thickness: ___ | Panel Size: ___ | Finish: ___ | Fixing System: ___ | Anchor Material: ___ | Subframe: ___ | Design Load: ___ | Water Absorption: ___ | Standard: ___ | Remarks: Pattern-based master item; verify project classification, structural design, local code, tested system, manufacturer data and consultant requirements.",,m²,,,,,,,
FACADE-14928,construction,Stone Cladding,Marble Cladding - Undercut Anchor - 30 mm - Honed,"Supply and install 30 mm honed marble façade cladding using undercut anchor system, including panels, anchors or adhesive, subframe, restraints, joints, flashings, sealants and protection. | Code Ref: 04 42 00 / OmniClass 23-13 31 21 | Spec: Stone Type/Source: ___ | Thickness: ___ | Panel Size: ___ | Finish: ___ | Fixing System: ___ | Anchor Material: ___ | Subframe: ___ | Design Load: ___ | Water Absorption: ___ | Standard: ___ | Remarks: Pattern-based master item; verify project classification, structural design, local code, tested system, manufacturer data and consultant requirements.",,m²,,,,,,,
FACADE-14929,construction,Stone Cladding,Marble Cladding - Undercut Anchor - 30 mm - Leathered,"Supply and install 30 mm leathered marble façade cladding using undercut anchor system, including panels, anchors or adhesive, subframe, restraints, joints, flashings, sealants and protection. | Code Ref: 04 42 00 / OmniClass 23-13 31 21 | Spec: Stone Type/Source: ___ | Thickness: ___ | Panel Size: ___ | Finish: ___ | Fixing System: ___ | Anchor Material: ___ | Subframe: ___ | Design Load: ___ | Water Absorption: ___ | Standard: ___ | Remarks: Pattern-based master item; verify project classification, structural design, local code, tested system, manufacturer data and consultant requirements.",,m²,,,,,,,
FACADE-14930,construction,Stone Cladding,Marble Cladding - Undercut Anchor - 30 mm - Natural Split,"Supply and install 30 mm natural split marble façade cladding using undercut anchor system, including panels, anchors or adhesive, subframe, restraints, joints, flashings, sealants and protection. | Code Ref: 04 42 00 / OmniClass 23-13 31 21 | Spec: Stone Type/Source: ___ | Thickness: ___ | Panel Size: ___ | Finish: ___ | Fixing System: ___ | Anchor Material: ___ | Subframe: ___ | Design Load: ___ | Water Absorption: ___ | Standard: ___ | Remarks: Pattern-based master item; verify project classification, structural design, local code, tested system, manufacturer data and consultant requirements.",,m²,,,,,,,
FACADE-14931,construction,Stone Cladding,Marble Cladding - Undercut Anchor - 30 mm - Polished,"Supply and install 30 mm polished marble façade cladding using undercut anchor system, including panels, anchors or adhesive, subframe, restraints, joints, flashings, sealants and protection. | Code Ref: 04 42 00 / OmniClass 23-13 31 21 | Spec: Stone Type/Source: ___ | Thickness: ___ | Panel Size: ___ | Finish: ___ | Fixing System: ___ | Anchor Material: ___ | Subframe: ___ | Design Load: ___ | Water Absorption: ___ | Standard: ___ | Remarks: Pattern-based master item; verify project classification, structural design, local code, tested system, manufacturer data and consultant requirements.",,m²,,,,,,,
FACADE-14932,construction,Stone Cladding,Marble Cladding - Undercut Anchor - 30 mm - Sandblasted,"Supply and install 30 mm sandblasted marble façade cladding using undercut anchor system, including panels, anchors or adhesive, subframe, restraints, joints, flashings, sealants and protection. | Code Ref: 04 42 00 / OmniClass 23-13 31 21 | Spec: Stone Type/Source: ___ | Thickness: ___ | Panel Size: ___ | Finish: ___ | Fixing System: ___ | Anchor Material: ___ | Subframe: ___ | Design Load: ___ | Water Absorption: ___ | Standard: ___ | Remarks: Pattern-based master item; verify project classification, structural design, local code, tested system, manufacturer data and consultant requirements.",,m²,,,,,,,
FACADE-14933,construction,Stone Cladding,Marble Cladding - Undercut Anchor - 40 mm - Bush-Hammered,"Supply and install 40 mm bush-hammered marble façade cladding using undercut anchor system, including panels, anchors or adhesive, subframe, restraints, joints, flashings, sealants and protection. | Code Ref: 04 42 00 / OmniClass 23-13 31 21 | Spec: Stone Type/Source: ___ | Thickness: ___ | Panel Size: ___ | Finish: ___ | Fixing System: ___ | Anchor Material: ___ | Subframe: ___ | Design Load: ___ | Water Absorption: ___ | Standard: ___ | Remarks: Pattern-based master item; verify project classification, structural design, local code, tested system, manufacturer data and consultant requirements.",,m²,,,,,,,
FACADE-14934,construction,Stone Cladding,Marble Cladding - Undercut Anchor - 40 mm - Flamed,"Supply and install 40 mm flamed marble façade cladding using undercut anchor system, including panels, anchors or adhesive, subframe, restraints, joints, flashings, sealants and protection. | Code Ref: 04 42 00 / OmniClass 23-13 31 21 | Spec: Stone Type/Source: ___ | Thickness: ___ | Panel Size: ___ | Finish: ___ | Fixing System: ___ | Anchor Material: ___ | Subframe: ___ | Design Load: ___ | Water Absorption: ___ | Standard: ___ | Remarks: Pattern-based master item; verify project classification, structural design, local code, tested system, manufacturer data and consultant requirements.",,m²,,,,,,,
FACADE-14935,construction,Stone Cladding,Marble Cladding - Undercut Anchor - 40 mm - Honed,"Supply and install 40 mm honed marble façade cladding using undercut anchor system, including panels, anchors or adhesive, subframe, restraints, joints, flashings, sealants and protection. | Code Ref: 04 42 00 / OmniClass 23-13 31 21 | Spec: Stone Type/Source: ___ | Thickness: ___ | Panel Size: ___ | Finish: ___ | Fixing System: ___ | Anchor Material: ___ | Subframe: ___ | Design Load: ___ | Water Absorption: ___ | Standard: ___ | Remarks: Pattern-based master item; verify project classification, structural design, local code, tested system, manufacturer data and consultant requirements.",,m²,,,,,,,
FACADE-14936,construction,Stone Cladding,Marble Cladding - Undercut Anchor - 40 mm - Leathered,"Supply and install 40 mm leathered marble façade cladding using undercut anchor system, including panels, anchors or adhesive, subframe, restraints, joints, flashings, sealants and protection. | Code Ref: 04 42 00 / OmniClass 23-13 31 21 | Spec: Stone Type/Source: ___ | Thickness: ___ | Panel Size: ___ | Finish: ___ | Fixing System: ___ | Anchor Material: ___ | Subframe: ___ | Design Load: ___ | Water Absorption: ___ | Standard: ___ | Remarks: Pattern-based master item; verify project classification, structural design, local code, tested system, manufacturer data and consultant requirements.",,m²,,,,,,,
FACADE-14937,construction,Stone Cladding,Marble Cladding - Undercut Anchor - 40 mm - Natural Split,"Supply and install 40 mm natural split marble façade cladding using undercut anchor system, including panels, anchors or adhesive, subframe, restraints, joints, flashings, sealants and protection. | Code Ref: 04 42 00 / OmniClass 23-13 31 21 | Spec: Stone Type/Source: ___ | Thickness: ___ | Panel Size: ___ | Finish: ___ | Fixing System: ___ | Anchor Material: ___ | Subframe: ___ | Design Load: ___ | Water Absorption: ___ | Standard: ___ | Remarks: Pattern-based master item; verify project classification, structural design, local code, tested system, manufacturer data and consultant requirements.",,m²,,,,,,,
FACADE-14938,construction,Stone Cladding,Marble Cladding - Undercut Anchor - 40 mm - Polished,"Supply and install 40 mm polished marble façade cladding using undercut anchor system, including panels, anchors or adhesive, subframe, restraints, joints, flashings, sealants and protection. | Code Ref: 04 42 00 / OmniClass 23-13 31 21 | Spec: Stone Type/Source: ___ | Thickness: ___ | Panel Size: ___ | Finish: ___ | Fixing System: ___ | Anchor Material: ___ | Subframe: ___ | Design Load: ___ | Water Absorption: ___ | Standard: ___ | Remarks: Pattern-based master item; verify project classification, structural design, local code, tested system, manufacturer data and consultant requirements.",,m²,,,,,,,
FACADE-14939,construction,Stone Cladding,Marble Cladding - Undercut Anchor - 40 mm - Sandblasted,"Supply and install 40 mm sandblasted marble façade cladding using undercut anchor system, including panels, anchors or adhesive, subframe, restraints, joints, flashings, sealants and protection. | Code Ref: 04 42 00 / OmniClass 23-13 31 21 | Spec: Stone Type/Source: ___ | Thickness: ___ | Panel Size: ___ | Finish: ___ | Fixing System: ___ | Anchor Material: ___ | Subframe: ___ | Design Load: ___ | Water Absorption: ___ | Standard: ___ | Remarks: Pattern-based master item; verify project classification, structural design, local code, tested system, manufacturer data and consultant requirements.",,m²,,,,,,,
FACADE-14940,construction,Stone Cladding,Marble Cladding - Undercut Anchor - 50 mm - Bush-Hammered,"Supply and install 50 mm bush-hammered marble façade cladding using undercut anchor system, including panels, anchors or adhesive, subframe, restraints, joints, flashings, sealants and protection. | Code Ref: 04 42 00 / OmniClass 23-13 31 21 | Spec: Stone Type/Source: ___ | Thickness: ___ | Panel Size: ___ | Finish: ___ | Fixing System: ___ | Anchor Material: ___ | Subframe: ___ | Design Load: ___ | Water Absorption: ___ | Standard: ___ | Remarks: Pattern-based master item; verify project classification, structural design, local code, tested system, manufacturer data and consultant requirements.",,m²,,,,,,,
FACADE-14941,construction,Stone Cladding,Marble Cladding - Undercut Anchor - 50 mm - Flamed,"Supply and install 50 mm flamed marble façade cladding using undercut anchor system, including panels, anchors or adhesive, subframe, restraints, joints, flashings, sealants and protection. | Code Ref: 04 42 00 / OmniClass 23-13 31 21 | Spec: Stone Type/Source: ___ | Thickness: ___ | Panel Size: ___ | Finish: ___ | Fixing System: ___ | Anchor Material: ___ | Subframe: ___ | Design Load: ___ | Water Absorption: ___ | Standard: ___ | Remarks: Pattern-based master item; verify project classification, structural design, local code, tested system, manufacturer data and consultant requirements.",,m²,,,,,,,
FACADE-14942,construction,Stone Cladding,Marble Cladding - Undercut Anchor - 50 mm - Honed,"Supply and install 50 mm honed marble façade cladding using undercut anchor system, including panels, anchors or adhesive, subframe, restraints, joints, flashings, sealants and protection. | Code Ref: 04 42 00 / OmniClass 23-13 31 21 | Spec: Stone Type/Source: ___ | Thickness: ___ | Panel Size: ___ | Finish: ___ | Fixing System: ___ | Anchor Material: ___ | Subframe: ___ | Design Load: ___ | Water Absorption: ___ | Standard: ___ | Remarks: Pattern-based master item; verify project classification, structural design, local code, tested system, manufacturer data and consultant requirements.",,m²,,,,,,,
FACADE-14943,construction,Stone Cladding,Marble Cladding - Undercut Anchor - 50 mm - Leathered,"Supply and install 50 mm leathered marble façade cladding using undercut anchor system, including panels, anchors or adhesive, subframe, restraints, joints, flashings, sealants and protection. | Code Ref: 04 42 00 / OmniClass 23-13 31 21 | Spec: Stone Type/Source: ___ | Thickness: ___ | Panel Size: ___ | Finish: ___ | Fixing System: ___ | Anchor Material: ___ | Subframe: ___ | Design Load: ___ | Water Absorption: ___ | Standard: ___ | Remarks: Pattern-based master item; verify project classification, structural design, local code, tested system, manufacturer data and consultant requirements.",,m²,,,,,,,
FACADE-14944,construction,Stone Cladding,Marble Cladding - Undercut Anchor - 50 mm - Natural Split,"Supply and install 50 mm natural split marble façade cladding using undercut anchor system, including panels, anchors or adhesive, subframe, restraints, joints, flashings, sealants and protection. | Code Ref: 04 42 00 / OmniClass 23-13 31 21 | Spec: Stone Type/Source: ___ | Thickness: ___ | Panel Size: ___ | Finish: ___ | Fixing System: ___ | Anchor Material: ___ | Subframe: ___ | Design Load: ___ | Water Absorption: ___ | Standard: ___ | Remarks: Pattern-based master item; verify project classification, structural design, local code, tested system, manufacturer data and consultant requirements.",,m²,,,,,,,
FACADE-14945,construction,Stone Cladding,Marble Cladding - Undercut Anchor - 50 mm - Polished,"Supply and install 50 mm polished marble façade cladding using undercut anchor system, including panels, anchors or adhesive, subframe, restraints, joints, flashings, sealants and protection. | Code Ref: 04 42 00 / OmniClass 23-13 31 21 | Spec: Stone Type/Source: ___ | Thickness: ___ | Panel Size: ___ | Finish: ___ | Fixing System: ___ | Anchor Material: ___ | Subframe: ___ | Design Load: ___ | Water Absorption: ___ | Standard: ___ | Remarks: Pattern-based master item; verify project classification, structural design, local code, tested system, manufacturer data and consultant requirements.",,m²,,,,,,,
FACADE-14946,construction,Stone Cladding,Marble Cladding - Undercut Anchor - 50 mm - Sandblasted,"Supply and install 50 mm sandblasted marble façade cladding using undercut anchor system, including panels, anchors or adhesive, subframe, restraints, joints, flashings, sealants and protection. | Code Ref: 04 42 00 / OmniClass 23-13 31 21 | Spec: Stone Type/Source: ___ | Thickness: ___ | Panel Size: ___ | Finish: ___ | Fixing System: ___ | Anchor Material: ___ | Subframe: ___ | Design Load: ___ | Water Absorption: ___ | Standard: ___ | Remarks: Pattern-based master item; verify project classification, structural design, local code, tested system, manufacturer data and consultant requirements.",,m²,,,,,,,
FACADE-14947,construction,Stone Cladding,Quartzite Cladding - Adhesive-Fixed - 20 mm - Bush-Hammered,"Supply and install 20 mm bush-hammered quartzite façade cladding using adhesive-fixed system, including panels, anchors or adhesive, subframe, restraints, joints, flashings, sealants and protection. | Code Ref: 04 42 00 / OmniClass 23-13 31 21 | Spec: Stone Type/Source: ___ | Thickness: ___ | Panel Size: ___ | Finish: ___ | Fixing System: ___ | Anchor Material: ___ | Subframe: ___ | Design Load: ___ | Water Absorption: ___ | Standard: ___ | Remarks: Pattern-based master item; verify project classification, structural design, local code, tested system, manufacturer data and consultant requirements.",,m²,,,,,,,
FACADE-14948,construction,Stone Cladding,Quartzite Cladding - Adhesive-Fixed - 20 mm - Flamed,"Supply and install 20 mm flamed quartzite façade cladding using adhesive-fixed system, including panels, anchors or adhesive, subframe, restraints, joints, flashings, sealants and protection. | Code Ref: 04 42 00 / OmniClass 23-13 31 21 | Spec: Stone Type/Source: ___ | Thickness: ___ | Panel Size: ___ | Finish: ___ | Fixing System: ___ | Anchor Material: ___ | Subframe: ___ | Design Load: ___ | Water Absorption: ___ | Standard: ___ | Remarks: Pattern-based master item; verify project classification, structural design, local code, tested system, manufacturer data and consultant requirements.",,m²,,,,,,,
FACADE-14949,construction,Stone Cladding,Quartzite Cladding - Adhesive-Fixed - 20 mm - Honed,"Supply and install 20 mm honed quartzite façade cladding using adhesive-fixed system, including panels, anchors or adhesive, subframe, restraints, joints, flashings, sealants and protection. | Code Ref: 04 42 00 / OmniClass 23-13 31 21 | Spec: Stone Type/Source: ___ | Thickness: ___ | Panel Size: ___ | Finish: ___ | Fixing System: ___ | Anchor Material: ___ | Subframe: ___ | Design Load: ___ | Water Absorption: ___ | Standard: ___ | Remarks: Pattern-based master item; verify project classification, structural design, local code, tested system, manufacturer data and consultant requirements.",,m²,,,,,,,
FACADE-14950,construction,Stone Cladding,Quartzite Cladding - Adhesive-Fixed - 20 mm - Leathered,"Supply and install 20 mm leathered quartzite façade cladding using adhesive-fixed system, including panels, anchors or adhesive, subframe, restraints, joints, flashings, sealants and protection. | Code Ref: 04 42 00 / OmniClass 23-13 31 21 | Spec: Stone Type/Source: ___ | Thickness: ___ | Panel Size: ___ | Finish: ___ | Fixing System: ___ | Anchor Material: ___ | Subframe: ___ | Design Load: ___ | Water Absorption: ___ | Standard: ___ | Remarks: Pattern-based master item; verify project classification, structural design, local code, tested system, manufacturer data and consultant requirements.",,m²,,,,,,,
FACADE-14951,construction,Stone Cladding,Quartzite Cladding - Adhesive-Fixed - 20 mm - Natural Split,"Supply and install 20 mm natural split quartzite façade cladding using adhesive-fixed system, including panels, anchors or adhesive, subframe, restraints, joints, flashings, sealants and protection. | Code Ref: 04 42 00 / OmniClass 23-13 31 21 | Spec: Stone Type/Source: ___ | Thickness: ___ | Panel Size: ___ | Finish: ___ | Fixing System: ___ | Anchor Material: ___ | Subframe: ___ | Design Load: ___ | Water Absorption: ___ | Standard: ___ | Remarks: Pattern-based master item; verify project classification, structural design, local code, tested system, manufacturer data and consultant requirements.",,m²,,,,,,,
FACADE-14952,construction,Stone Cladding,Quartzite Cladding - Adhesive-Fixed - 20 mm - Polished,"Supply and install 20 mm polished quartzite façade cladding using adhesive-fixed system, including panels, anchors or adhesive, subframe, restraints, joints, flashings, sealants and protection. | Code Ref: 04 42 00 / OmniClass 23-13 31 21 | Spec: Stone Type/Source: ___ | Thickness: ___ | Panel Size: ___ | Finish: ___ | Fixing System: ___ | Anchor Material: ___ | Subframe: ___ | Design Load: ___ | Water Absorption: ___ | Standard: ___ | Remarks: Pattern-based master item; verify project classification, structural design, local code, tested system, manufacturer data and consultant requirements.",,m²,,,,,,,
FACADE-14953,construction,Stone Cladding,Quartzite Cladding - Adhesive-Fixed - 20 mm - Sandblasted,"Supply and install 20 mm sandblasted quartzite façade cladding using adhesive-fixed system, including panels, anchors or adhesive, subframe, restraints, joints, flashings, sealants and protection. | Code Ref: 04 42 00 / OmniClass 23-13 31 21 | Spec: Stone Type/Source: ___ | Thickness: ___ | Panel Size: ___ | Finish: ___ | Fixing System: ___ | Anchor Material: ___ | Subframe: ___ | Design Load: ___ | Water Absorption: ___ | Standard: ___ | Remarks: Pattern-based master item; verify project classification, structural design, local code, tested system, manufacturer data and consultant requirements.",,m²,,,,,,,
FACADE-14954,construction,Stone Cladding,Quartzite Cladding - Adhesive-Fixed - 25 mm - Bush-Hammered,"Supply and install 25 mm bush-hammered quartzite façade cladding using adhesive-fixed system, including panels, anchors or adhesive, subframe, restraints, joints, flashings, sealants and protection. | Code Ref: 04 42 00 / OmniClass 23-13 31 21 | Spec: Stone Type/Source: ___ | Thickness: ___ | Panel Size: ___ | Finish: ___ | Fixing System: ___ | Anchor Material: ___ | Subframe: ___ | Design Load: ___ | Water Absorption: ___ | Standard: ___ | Remarks: Pattern-based master item; verify project classification, structural design, local code, tested system, manufacturer data and consultant requirements.",,m²,,,,,,,
FACADE-14955,construction,Stone Cladding,Quartzite Cladding - Adhesive-Fixed - 25 mm - Flamed,"Supply and install 25 mm flamed quartzite façade cladding using adhesive-fixed system, including panels, anchors or adhesive, subframe, restraints, joints, flashings, sealants and protection. | Code Ref: 04 42 00 / OmniClass 23-13 31 21 | Spec: Stone Type/Source: ___ | Thickness: ___ | Panel Size: ___ | Finish: ___ | Fixing System: ___ | Anchor Material: ___ | Subframe: ___ | Design Load: ___ | Water Absorption: ___ | Standard: ___ | Remarks: Pattern-based master item; verify project classification, structural design, local code, tested system, manufacturer data and consultant requirements.",,m²,,,,,,,
FACADE-14956,construction,Stone Cladding,Quartzite Cladding - Adhesive-Fixed - 25 mm - Honed,"Supply and install 25 mm honed quartzite façade cladding using adhesive-fixed system, including panels, anchors or adhesive, subframe, restraints, joints, flashings, sealants and protection. | Code Ref: 04 42 00 / OmniClass 23-13 31 21 | Spec: Stone Type/Source: ___ | Thickness: ___ | Panel Size: ___ | Finish: ___ | Fixing System: ___ | Anchor Material: ___ | Subframe: ___ | Design Load: ___ | Water Absorption: ___ | Standard: ___ | Remarks: Pattern-based master item; verify project classification, structural design, local code, tested system, manufacturer data and consultant requirements.",,m²,,,,,,,
FACADE-14957,construction,Stone Cladding,Quartzite Cladding - Adhesive-Fixed - 25 mm - Leathered,"Supply and install 25 mm leathered quartzite façade cladding using adhesive-fixed system, including panels, anchors or adhesive, subframe, restraints, joints, flashings, sealants and protection. | Code Ref: 04 42 00 / OmniClass 23-13 31 21 | Spec: Stone Type/Source: ___ | Thickness: ___ | Panel Size: ___ | Finish: ___ | Fixing System: ___ | Anchor Material: ___ | Subframe: ___ | Design Load: ___ | Water Absorption: ___ | Standard: ___ | Remarks: Pattern-based master item; verify project classification, structural design, local code, tested system, manufacturer data and consultant requirements.",,m²,,,,,,,
FACADE-14958,construction,Stone Cladding,Quartzite Cladding - Adhesive-Fixed - 25 mm - Natural Split,"Supply and install 25 mm natural split quartzite façade cladding using adhesive-fixed system, including panels, anchors or adhesive, subframe, restraints, joints, flashings, sealants and protection. | Code Ref: 04 42 00 / OmniClass 23-13 31 21 | Spec: Stone Type/Source: ___ | Thickness: ___ | Panel Size: ___ | Finish: ___ | Fixing System: ___ | Anchor Material: ___ | Subframe: ___ | Design Load: ___ | Water Absorption: ___ | Standard: ___ | Remarks: Pattern-based master item; verify project classification, structural design, local code, tested system, manufacturer data and consultant requirements.",,m²,,,,,,,
FACADE-14959,construction,Stone Cladding,Quartzite Cladding - Adhesive-Fixed - 25 mm - Polished,"Supply and install 25 mm polished quartzite façade cladding using adhesive-fixed system, including panels, anchors or adhesive, subframe, restraints, joints, flashings, sealants and protection. | Code Ref: 04 42 00 / OmniClass 23-13 31 21 | Spec: Stone Type/Source: ___ | Thickness: ___ | Panel Size: ___ | Finish: ___ | Fixing System: ___ | Anchor Material: ___ | Subframe: ___ | Design Load: ___ | Water Absorption: ___ | Standard: ___ | Remarks: Pattern-based master item; verify project classification, structural design, local code, tested system, manufacturer data and consultant requirements.",,m²,,,,,,,
FACADE-14960,construction,Stone Cladding,Quartzite Cladding - Adhesive-Fixed - 25 mm - Sandblasted,"Supply and install 25 mm sandblasted quartzite façade cladding using adhesive-fixed system, including panels, anchors or adhesive, subframe, restraints, joints, flashings, sealants and protection. | Code Ref: 04 42 00 / OmniClass 23-13 31 21 | Spec: Stone Type/Source: ___ | Thickness: ___ | Panel Size: ___ | Finish: ___ | Fixing System: ___ | Anchor Material: ___ | Subframe: ___ | Design Load: ___ | Water Absorption: ___ | Standard: ___ | Remarks: Pattern-based master item; verify project classification, structural design, local code, tested system, manufacturer data and consultant requirements.",,m²,,,,,,,
FACADE-14961,construction,Stone Cladding,Quartzite Cladding - Adhesive-Fixed - 30 mm - Bush-Hammered,"Supply and install 30 mm bush-hammered quartzite façade cladding using adhesive-fixed system, including panels, anchors or adhesive, subframe, restraints, joints, flashings, sealants and protection. | Code Ref: 04 42 00 / OmniClass 23-13 31 21 | Spec: Stone Type/Source: ___ | Thickness: ___ | Panel Size: ___ | Finish: ___ | Fixing System: ___ | Anchor Material: ___ | Subframe: ___ | Design Load: ___ | Water Absorption: ___ | Standard: ___ | Remarks: Pattern-based master item; verify project classification, structural design, local code, tested system, manufacturer data and consultant requirements.",,m²,,,,,,,
FACADE-14962,construction,Stone Cladding,Quartzite Cladding - Adhesive-Fixed - 30 mm - Flamed,"Supply and install 30 mm flamed quartzite façade cladding using adhesive-fixed system, including panels, anchors or adhesive, subframe, restraints, joints, flashings, sealants and protection. | Code Ref: 04 42 00 / OmniClass 23-13 31 21 | Spec: Stone Type/Source: ___ | Thickness: ___ | Panel Size: ___ | Finish: ___ | Fixing System: ___ | Anchor Material: ___ | Subframe: ___ | Design Load: ___ | Water Absorption: ___ | Standard: ___ | Remarks: Pattern-based master item; verify project classification, structural design, local code, tested system, manufacturer data and consultant requirements.",,m²,,,,,,,
FACADE-14963,construction,Stone Cladding,Quartzite Cladding - Adhesive-Fixed - 30 mm - Honed,"Supply and install 30 mm honed quartzite façade cladding using adhesive-fixed system, including panels, anchors or adhesive, subframe, restraints, joints, flashings, sealants and protection. | Code Ref: 04 42 00 / OmniClass 23-13 31 21 | Spec: Stone Type/Source: ___ | Thickness: ___ | Panel Size: ___ | Finish: ___ | Fixing System: ___ | Anchor Material: ___ | Subframe: ___ | Design Load: ___ | Water Absorption: ___ | Standard: ___ | Remarks: Pattern-based master item; verify project classification, structural design, local code, tested system, manufacturer data and consultant requirements.",,m²,,,,,,,
FACADE-14964,construction,Stone Cladding,Quartzite Cladding - Adhesive-Fixed - 30 mm - Leathered,"Supply and install 30 mm leathered quartzite façade cladding using adhesive-fixed system, including panels, anchors or adhesive, subframe, restraints, joints, flashings, sealants and protection. | Code Ref: 04 42 00 / OmniClass 23-13 31 21 | Spec: Stone Type/Source: ___ | Thickness: ___ | Panel Size: ___ | Finish: ___ | Fixing System: ___ | Anchor Material: ___ | Subframe: ___ | Design Load: ___ | Water Absorption: ___ | Standard: ___ | Remarks: Pattern-based master item; verify project classification, structural design, local code, tested system, manufacturer data and consultant requirements.",,m²,,,,,,,
FACADE-14965,construction,Stone Cladding,Quartzite Cladding - Adhesive-Fixed - 30 mm - Natural Split,"Supply and install 30 mm natural split quartzite façade cladding using adhesive-fixed system, including panels, anchors or adhesive, subframe, restraints, joints, flashings, sealants and protection. | Code Ref: 04 42 00 / OmniClass 23-13 31 21 | Spec: Stone Type/Source: ___ | Thickness: ___ | Panel Size: ___ | Finish: ___ | Fixing System: ___ | Anchor Material: ___ | Subframe: ___ | Design Load: ___ | Water Absorption: ___ | Standard: ___ | Remarks: Pattern-based master item; verify project classification, structural design, local code, tested system, manufacturer data and consultant requirements.",,m²,,,,,,,
FACADE-14966,construction,Stone Cladding,Quartzite Cladding - Adhesive-Fixed - 30 mm - Polished,"Supply and install 30 mm polished quartzite façade cladding using adhesive-fixed system, including panels, anchors or adhesive, subframe, restraints, joints, flashings, sealants and protection. | Code Ref: 04 42 00 / OmniClass 23-13 31 21 | Spec: Stone Type/Source: ___ | Thickness: ___ | Panel Size: ___ | Finish: ___ | Fixing System: ___ | Anchor Material: ___ | Subframe: ___ | Design Load: ___ | Water Absorption: ___ | Standard: ___ | Remarks: Pattern-based master item; verify project classification, structural design, local code, tested system, manufacturer data and consultant requirements.",,m²,,,,,,,
FACADE-14967,construction,Stone Cladding,Quartzite Cladding - Adhesive-Fixed - 30 mm - Sandblasted,"Supply and install 30 mm sandblasted quartzite façade cladding using adhesive-fixed system, including panels, anchors or adhesive, subframe, restraints, joints, flashings, sealants and protection. | Code Ref: 04 42 00 / OmniClass 23-13 31 21 | Spec: Stone Type/Source: ___ | Thickness: ___ | Panel Size: ___ | Finish: ___ | Fixing System: ___ | Anchor Material: ___ | Subframe: ___ | Design Load: ___ | Water Absorption: ___ | Standard: ___ | Remarks: Pattern-based master item; verify project classification, structural design, local code, tested system, manufacturer data and consultant requirements.",,m²,,,,,,,
FACADE-14968,construction,Stone Cladding,Quartzite Cladding - Adhesive-Fixed - 40 mm - Bush-Hammered,"Supply and install 40 mm bush-hammered quartzite façade cladding using adhesive-fixed system, including panels, anchors or adhesive, subframe, restraints, joints, flashings, sealants and protection. | Code Ref: 04 42 00 / OmniClass 23-13 31 21 | Spec: Stone Type/Source: ___ | Thickness: ___ | Panel Size: ___ | Finish: ___ | Fixing System: ___ | Anchor Material: ___ | Subframe: ___ | Design Load: ___ | Water Absorption: ___ | Standard: ___ | Remarks: Pattern-based master item; verify project classification, structural design, local code, tested system, manufacturer data and consultant requirements.",,m²,,,,,,,
FACADE-14969,construction,Stone Cladding,Quartzite Cladding - Adhesive-Fixed - 40 mm - Flamed,"Supply and install 40 mm flamed quartzite façade cladding using adhesive-fixed system, including panels, anchors or adhesive, subframe, restraints, joints, flashings, sealants and protection. | Code Ref: 04 42 00 / OmniClass 23-13 31 21 | Spec: Stone Type/Source: ___ | Thickness: ___ | Panel Size: ___ | Finish: ___ | Fixing System: ___ | Anchor Material: ___ | Subframe: ___ | Design Load: ___ | Water Absorption: ___ | Standard: ___ | Remarks: Pattern-based master item; verify project classification, structural design, local code, tested system, manufacturer data and consultant requirements.",,m²,,,,,,,
FACADE-14970,construction,Stone Cladding,Quartzite Cladding - Adhesive-Fixed - 40 mm - Honed,"Supply and install 40 mm honed quartzite façade cladding using adhesive-fixed system, including panels, anchors or adhesive, subframe, restraints, joints, flashings, sealants and protection. | Code Ref: 04 42 00 / OmniClass 23-13 31 21 | Spec: Stone Type/Source: ___ | Thickness: ___ | Panel Size: ___ | Finish: ___ | Fixing System: ___ | Anchor Material: ___ | Subframe: ___ | Design Load: ___ | Water Absorption: ___ | Standard: ___ | Remarks: Pattern-based master item; verify project classification, structural design, local code, tested system, manufacturer data and consultant requirements.",,m²,,,,,,,
FACADE-14971,construction,Stone Cladding,Quartzite Cladding - Adhesive-Fixed - 40 mm - Leathered,"Supply and install 40 mm leathered quartzite façade cladding using adhesive-fixed system, including panels, anchors or adhesive, subframe, restraints, joints, flashings, sealants and protection. | Code Ref: 04 42 00 / OmniClass 23-13 31 21 | Spec: Stone Type/Source: ___ | Thickness: ___ | Panel Size: ___ | Finish: ___ | Fixing System: ___ | Anchor Material: ___ | Subframe: ___ | Design Load: ___ | Water Absorption: ___ | Standard: ___ | Remarks: Pattern-based master item; verify project classification, structural design, local code, tested system, manufacturer data and consultant requirements.",,m²,,,,,,,
FACADE-14972,construction,Stone Cladding,Quartzite Cladding - Adhesive-Fixed - 40 mm - Natural Split,"Supply and install 40 mm natural split quartzite façade cladding using adhesive-fixed system, including panels, anchors or adhesive, subframe, restraints, joints, flashings, sealants and protection. | Code Ref: 04 42 00 / OmniClass 23-13 31 21 | Spec: Stone Type/Source: ___ | Thickness: ___ | Panel Size: ___ | Finish: ___ | Fixing System: ___ | Anchor Material: ___ | Subframe: ___ | Design Load: ___ | Water Absorption: ___ | Standard: ___ | Remarks: Pattern-based master item; verify project classification, structural design, local code, tested system, manufacturer data and consultant requirements.",,m²,,,,,,,
FACADE-14973,construction,Stone Cladding,Quartzite Cladding - Adhesive-Fixed - 40 mm - Polished,"Supply and install 40 mm polished quartzite façade cladding using adhesive-fixed system, including panels, anchors or adhesive, subframe, restraints, joints, flashings, sealants and protection. | Code Ref: 04 42 00 / OmniClass 23-13 31 21 | Spec: Stone Type/Source: ___ | Thickness: ___ | Panel Size: ___ | Finish: ___ | Fixing System: ___ | Anchor Material: ___ | Subframe: ___ | Design Load: ___ | Water Absorption: ___ | Standard: ___ | Remarks: Pattern-based master item; verify project classification, structural design, local code, tested system, manufacturer data and consultant requirements.",,m²,,,,,,,
FACADE-14974,construction,Stone Cladding,Quartzite Cladding - Adhesive-Fixed - 40 mm - Sandblasted,"Supply and install 40 mm sandblasted quartzite façade cladding using adhesive-fixed system, including panels, anchors or adhesive, subframe, restraints, joints, flashings, sealants and protection. | Code Ref: 04 42 00 / OmniClass 23-13 31 21 | Spec: Stone Type/Source: ___ | Thickness: ___ | Panel Size: ___ | Finish: ___ | Fixing System: ___ | Anchor Material: ___ | Subframe: ___ | Design Load: ___ | Water Absorption: ___ | Standard: ___ | Remarks: Pattern-based master item; verify project classification, structural design, local code, tested system, manufacturer data and consultant requirements.",,m²,,,,,,,
FACADE-14975,construction,Stone Cladding,Quartzite Cladding - Adhesive-Fixed - 50 mm - Bush-Hammered,"Supply and install 50 mm bush-hammered quartzite façade cladding using adhesive-fixed system, including panels, anchors or adhesive, subframe, restraints, joints, flashings, sealants and protection. | Code Ref: 04 42 00 / OmniClass 23-13 31 21 | Spec: Stone Type/Source: ___ | Thickness: ___ | Panel Size: ___ | Finish: ___ | Fixing System: ___ | Anchor Material: ___ | Subframe: ___ | Design Load: ___ | Water Absorption: ___ | Standard: ___ | Remarks: Pattern-based master item; verify project classification, structural design, local code, tested system, manufacturer data and consultant requirements.",,m²,,,,,,,
FACADE-14976,construction,Stone Cladding,Quartzite Cladding - Adhesive-Fixed - 50 mm - Flamed,"Supply and install 50 mm flamed quartzite façade cladding using adhesive-fixed system, including panels, anchors or adhesive, subframe, restraints, joints, flashings, sealants and protection. | Code Ref: 04 42 00 / OmniClass 23-13 31 21 | Spec: Stone Type/Source: ___ | Thickness: ___ | Panel Size: ___ | Finish: ___ | Fixing System: ___ | Anchor Material: ___ | Subframe: ___ | Design Load: ___ | Water Absorption: ___ | Standard: ___ | Remarks: Pattern-based master item; verify project classification, structural design, local code, tested system, manufacturer data and consultant requirements.",,m²,,,,,,,
FACADE-14977,construction,Stone Cladding,Quartzite Cladding - Adhesive-Fixed - 50 mm - Honed,"Supply and install 50 mm honed quartzite façade cladding using adhesive-fixed system, including panels, anchors or adhesive, subframe, restraints, joints, flashings, sealants and protection. | Code Ref: 04 42 00 / OmniClass 23-13 31 21 | Spec: Stone Type/Source: ___ | Thickness: ___ | Panel Size: ___ | Finish: ___ | Fixing System: ___ | Anchor Material: ___ | Subframe: ___ | Design Load: ___ | Water Absorption: ___ | Standard: ___ | Remarks: Pattern-based master item; verify project classification, structural design, local code, tested system, manufacturer data and consultant requirements.",,m²,,,,,,,
FACADE-14978,construction,Stone Cladding,Quartzite Cladding - Adhesive-Fixed - 50 mm - Leathered,"Supply and install 50 mm leathered quartzite façade cladding using adhesive-fixed system, including panels, anchors or adhesive, subframe, restraints, joints, flashings, sealants and protection. | Code Ref: 04 42 00 / OmniClass 23-13 31 21 | Spec: Stone Type/Source: ___ | Thickness: ___ | Panel Size: ___ | Finish: ___ | Fixing System: ___ | Anchor Material: ___ | Subframe: ___ | Design Load: ___ | Water Absorption: ___ | Standard: ___ | Remarks: Pattern-based master item; verify project classification, structural design, local code, tested system, manufacturer data and consultant requirements.",,m²,,,,,,,
FACADE-14979,construction,Stone Cladding,Quartzite Cladding - Adhesive-Fixed - 50 mm - Natural Split,"Supply and install 50 mm natural split quartzite façade cladding using adhesive-fixed system, including panels, anchors or adhesive, subframe, restraints, joints, flashings, sealants and protection. | Code Ref: 04 42 00 / OmniClass 23-13 31 21 | Spec: Stone Type/Source: ___ | Thickness: ___ | Panel Size: ___ | Finish: ___ | Fixing System: ___ | Anchor Material: ___ | Subframe: ___ | Design Load: ___ | Water Absorption: ___ | Standard: ___ | Remarks: Pattern-based master item; verify project classification, structural design, local code, tested system, manufacturer data and consultant requirements.",,m²,,,,,,,
FACADE-14980,construction,Stone Cladding,Quartzite Cladding - Adhesive-Fixed - 50 mm - Polished,"Supply and install 50 mm polished quartzite façade cladding using adhesive-fixed system, including panels, anchors or adhesive, subframe, restraints, joints, flashings, sealants and protection. | Code Ref: 04 42 00 / OmniClass 23-13 31 21 | Spec: Stone Type/Source: ___ | Thickness: ___ | Panel Size: ___ | Finish: ___ | Fixing System: ___ | Anchor Material: ___ | Subframe: ___ | Design Load: ___ | Water Absorption: ___ | Standard: ___ | Remarks: Pattern-based master item; verify project classification, structural design, local code, tested system, manufacturer data and consultant requirements.",,m²,,,,,,,
FACADE-14981,construction,Stone Cladding,Quartzite Cladding - Adhesive-Fixed - 50 mm - Sandblasted,"Supply and install 50 mm sandblasted quartzite façade cladding using adhesive-fixed system, including panels, anchors or adhesive, subframe, restraints, joints, flashings, sealants and protection. | Code Ref: 04 42 00 / OmniClass 23-13 31 21 | Spec: Stone Type/Source: ___ | Thickness: ___ | Panel Size: ___ | Finish: ___ | Fixing System: ___ | Anchor Material: ___ | Subframe: ___ | Design Load: ___ | Water Absorption: ___ | Standard: ___ | Remarks: Pattern-based master item; verify project classification, structural design, local code, tested system, manufacturer data and consultant requirements.",,m²,,,,,,,
FACADE-14982,construction,Stone Cladding,Quartzite Cladding - Dry-Hung - 20 mm - Bush-Hammered,"Supply and install 20 mm bush-hammered quartzite façade cladding using dry-hung system, including panels, anchors or adhesive, subframe, restraints, joints, flashings, sealants and protection. | Code Ref: 04 42 00 / OmniClass 23-13 31 21 | Spec: Stone Type/Source: ___ | Thickness: ___ | Panel Size: ___ | Finish: ___ | Fixing System: ___ | Anchor Material: ___ | Subframe: ___ | Design Load: ___ | Water Absorption: ___ | Standard: ___ | Remarks: Pattern-based master item; verify project classification, structural design, local code, tested system, manufacturer data and consultant requirements.",,m²,,,,,,,
FACADE-14983,construction,Stone Cladding,Quartzite Cladding - Dry-Hung - 20 mm - Flamed,"Supply and install 20 mm flamed quartzite façade cladding using dry-hung system, including panels, anchors or adhesive, subframe, restraints, joints, flashings, sealants and protection. | Code Ref: 04 42 00 / OmniClass 23-13 31 21 | Spec: Stone Type/Source: ___ | Thickness: ___ | Panel Size: ___ | Finish: ___ | Fixing System: ___ | Anchor Material: ___ | Subframe: ___ | Design Load: ___ | Water Absorption: ___ | Standard: ___ | Remarks: Pattern-based master item; verify project classification, structural design, local code, tested system, manufacturer data and consultant requirements.",,m²,,,,,,,
FACADE-14984,construction,Stone Cladding,Quartzite Cladding - Dry-Hung - 20 mm - Honed,"Supply and install 20 mm honed quartzite façade cladding using dry-hung system, including panels, anchors or adhesive, subframe, restraints, joints, flashings, sealants and protection. | Code Ref: 04 42 00 / OmniClass 23-13 31 21 | Spec: Stone Type/Source: ___ | Thickness: ___ | Panel Size: ___ | Finish: ___ | Fixing System: ___ | Anchor Material: ___ | Subframe: ___ | Design Load: ___ | Water Absorption: ___ | Standard: ___ | Remarks: Pattern-based master item; verify project classification, structural design, local code, tested system, manufacturer data and consultant requirements.",,m²,,,,,,,
FACADE-14985,construction,Stone Cladding,Quartzite Cladding - Dry-Hung - 20 mm - Leathered,"Supply and install 20 mm leathered quartzite façade cladding using dry-hung system, including panels, anchors or adhesive, subframe, restraints, joints, flashings, sealants and protection. | Code Ref: 04 42 00 / OmniClass 23-13 31 21 | Spec: Stone Type/Source: ___ | Thickness: ___ | Panel Size: ___ | Finish: ___ | Fixing System: ___ | Anchor Material: ___ | Subframe: ___ | Design Load: ___ | Water Absorption: ___ | Standard: ___ | Remarks: Pattern-based master item; verify project classification, structural design, local code, tested system, manufacturer data and consultant requirements.",,m²,,,,,,,
FACADE-14986,construction,Stone Cladding,Quartzite Cladding - Dry-Hung - 20 mm - Natural Split,"Supply and install 20 mm natural split quartzite façade cladding using dry-hung system, including panels, anchors or adhesive, subframe, restraints, joints, flashings, sealants and protection. | Code Ref: 04 42 00 / OmniClass 23-13 31 21 | Spec: Stone Type/Source: ___ | Thickness: ___ | Panel Size: ___ | Finish: ___ | Fixing System: ___ | Anchor Material: ___ | Subframe: ___ | Design Load: ___ | Water Absorption: ___ | Standard: ___ | Remarks: Pattern-based master item; verify project classification, structural design, local code, tested system, manufacturer data and consultant requirements.",,m²,,,,,,,
FACADE-14987,construction,Stone Cladding,Quartzite Cladding - Dry-Hung - 20 mm - Polished,"Supply and install 20 mm polished quartzite façade cladding using dry-hung system, including panels, anchors or adhesive, subframe, restraints, joints, flashings, sealants and protection. | Code Ref: 04 42 00 / OmniClass 23-13 31 21 | Spec: Stone Type/Source: ___ | Thickness: ___ | Panel Size: ___ | Finish: ___ | Fixing System: ___ | Anchor Material: ___ | Subframe: ___ | Design Load: ___ | Water Absorption: ___ | Standard: ___ | Remarks: Pattern-based master item; verify project classification, structural design, local code, tested system, manufacturer data and consultant requirements.",,m²,,,,,,,
FACADE-14988,construction,Stone Cladding,Quartzite Cladding - Dry-Hung - 20 mm - Sandblasted,"Supply and install 20 mm sandblasted quartzite façade cladding using dry-hung system, including panels, anchors or adhesive, subframe, restraints, joints, flashings, sealants and protection. | Code Ref: 04 42 00 / OmniClass 23-13 31 21 | Spec: Stone Type/Source: ___ | Thickness: ___ | Panel Size: ___ | Finish: ___ | Fixing System: ___ | Anchor Material: ___ | Subframe: ___ | Design Load: ___ | Water Absorption: ___ | Standard: ___ | Remarks: Pattern-based master item; verify project classification, structural design, local code, tested system, manufacturer data and consultant requirements.",,m²,,,,,,,
FACADE-14989,construction,Stone Cladding,Quartzite Cladding - Dry-Hung - 25 mm - Bush-Hammered,"Supply and install 25 mm bush-hammered quartzite façade cladding using dry-hung system, including panels, anchors or adhesive, subframe, restraints, joints, flashings, sealants and protection. | Code Ref: 04 42 00 / OmniClass 23-13 31 21 | Spec: Stone Type/Source: ___ | Thickness: ___ | Panel Size: ___ | Finish: ___ | Fixing System: ___ | Anchor Material: ___ | Subframe: ___ | Design Load: ___ | Water Absorption: ___ | Standard: ___ | Remarks: Pattern-based master item; verify project classification, structural design, local code, tested system, manufacturer data and consultant requirements.",,m²,,,,,,,
FACADE-14990,construction,Stone Cladding,Quartzite Cladding - Dry-Hung - 25 mm - Flamed,"Supply and install 25 mm flamed quartzite façade cladding using dry-hung system, including panels, anchors or adhesive, subframe, restraints, joints, flashings, sealants and protection. | Code Ref: 04 42 00 / OmniClass 23-13 31 21 | Spec: Stone Type/Source: ___ | Thickness: ___ | Panel Size: ___ | Finish: ___ | Fixing System: ___ | Anchor Material: ___ | Subframe: ___ | Design Load: ___ | Water Absorption: ___ | Standard: ___ | Remarks: Pattern-based master item; verify project classification, structural design, local code, tested system, manufacturer data and consultant requirements.",,m²,,,,,,,
FACADE-14991,construction,Stone Cladding,Quartzite Cladding - Dry-Hung - 25 mm - Honed,"Supply and install 25 mm honed quartzite façade cladding using dry-hung system, including panels, anchors or adhesive, subframe, restraints, joints, flashings, sealants and protection. | Code Ref: 04 42 00 / OmniClass 23-13 31 21 | Spec: Stone Type/Source: ___ | Thickness: ___ | Panel Size: ___ | Finish: ___ | Fixing System: ___ | Anchor Material: ___ | Subframe: ___ | Design Load: ___ | Water Absorption: ___ | Standard: ___ | Remarks: Pattern-based master item; verify project classification, structural design, local code, tested system, manufacturer data and consultant requirements.",,m²,,,,,,,
FACADE-14992,construction,Stone Cladding,Quartzite Cladding - Dry-Hung - 25 mm - Leathered,"Supply and install 25 mm leathered quartzite façade cladding using dry-hung system, including panels, anchors or adhesive, subframe, restraints, joints, flashings, sealants and protection. | Code Ref: 04 42 00 / OmniClass 23-13 31 21 | Spec: Stone Type/Source: ___ | Thickness: ___ | Panel Size: ___ | Finish: ___ | Fixing System: ___ | Anchor Material: ___ | Subframe: ___ | Design Load: ___ | Water Absorption: ___ | Standard: ___ | Remarks: Pattern-based master item; verify project classification, structural design, local code, tested system, manufacturer data and consultant requirements.",,m²,,,,,,,
FACADE-14993,construction,Stone Cladding,Quartzite Cladding - Dry-Hung - 25 mm - Natural Split,"Supply and install 25 mm natural split quartzite façade cladding using dry-hung system, including panels, anchors or adhesive, subframe, restraints, joints, flashings, sealants and protection. | Code Ref: 04 42 00 / OmniClass 23-13 31 21 | Spec: Stone Type/Source: ___ | Thickness: ___ | Panel Size: ___ | Finish: ___ | Fixing System: ___ | Anchor Material: ___ | Subframe: ___ | Design Load: ___ | Water Absorption: ___ | Standard: ___ | Remarks: Pattern-based master item; verify project classification, structural design, local code, tested system, manufacturer data and consultant requirements.",,m²,,,,,,,
FACADE-14994,construction,Stone Cladding,Quartzite Cladding - Dry-Hung - 25 mm - Polished,"Supply and install 25 mm polished quartzite façade cladding using dry-hung system, including panels, anchors or adhesive, subframe, restraints, joints, flashings, sealants and protection. | Code Ref: 04 42 00 / OmniClass 23-13 31 21 | Spec: Stone Type/Source: ___ | Thickness: ___ | Panel Size: ___ | Finish: ___ | Fixing System: ___ | Anchor Material: ___ | Subframe: ___ | Design Load: ___ | Water Absorption: ___ | Standard: ___ | Remarks: Pattern-based master item; verify project classification, structural design, local code, tested system, manufacturer data and consultant requirements.",,m²,,,,,,,
FACADE-14995,construction,Stone Cladding,Quartzite Cladding - Dry-Hung - 25 mm - Sandblasted,"Supply and install 25 mm sandblasted quartzite façade cladding using dry-hung system, including panels, anchors or adhesive, subframe, restraints, joints, flashings, sealants and protection. | Code Ref: 04 42 00 / OmniClass 23-13 31 21 | Spec: Stone Type/Source: ___ | Thickness: ___ | Panel Size: ___ | Finish: ___ | Fixing System: ___ | Anchor Material: ___ | Subframe: ___ | Design Load: ___ | Water Absorption: ___ | Standard: ___ | Remarks: Pattern-based master item; verify project classification, structural design, local code, tested system, manufacturer data and consultant requirements.",,m²,,,,,,,
FACADE-14996,construction,Stone Cladding,Quartzite Cladding - Dry-Hung - 30 mm - Bush-Hammered,"Supply and install 30 mm bush-hammered quartzite façade cladding using dry-hung system, including panels, anchors or adhesive, subframe, restraints, joints, flashings, sealants and protection. | Code Ref: 04 42 00 / OmniClass 23-13 31 21 | Spec: Stone Type/Source: ___ | Thickness: ___ | Panel Size: ___ | Finish: ___ | Fixing System: ___ | Anchor Material: ___ | Subframe: ___ | Design Load: ___ | Water Absorption: ___ | Standard: ___ | Remarks: Pattern-based master item; verify project classification, structural design, local code, tested system, manufacturer data and consultant requirements.",,m²,,,,,,,
FACADE-14997,construction,Stone Cladding,Quartzite Cladding - Dry-Hung - 30 mm - Flamed,"Supply and install 30 mm flamed quartzite façade cladding using dry-hung system, including panels, anchors or adhesive, subframe, restraints, joints, flashings, sealants and protection. | Code Ref: 04 42 00 / OmniClass 23-13 31 21 | Spec: Stone Type/Source: ___ | Thickness: ___ | Panel Size: ___ | Finish: ___ | Fixing System: ___ | Anchor Material: ___ | Subframe: ___ | Design Load: ___ | Water Absorption: ___ | Standard: ___ | Remarks: Pattern-based master item; verify project classification, structural design, local code, tested system, manufacturer data and consultant requirements.",,m²,,,,,,,
FACADE-14998,construction,Stone Cladding,Quartzite Cladding - Dry-Hung - 30 mm - Honed,"Supply and install 30 mm honed quartzite façade cladding using dry-hung system, including panels, anchors or adhesive, subframe, restraints, joints, flashings, sealants and protection. | Code Ref: 04 42 00 / OmniClass 23-13 31 21 | Spec: Stone Type/Source: ___ | Thickness: ___ | Panel Size: ___ | Finish: ___ | Fixing System: ___ | Anchor Material: ___ | Subframe: ___ | Design Load: ___ | Water Absorption: ___ | Standard: ___ | Remarks: Pattern-based master item; verify project classification, structural design, local code, tested system, manufacturer data and consultant requirements.",,m²,,,,,,,
FACADE-14999,construction,Stone Cladding,Quartzite Cladding - Dry-Hung - 30 mm - Leathered,"Supply and install 30 mm leathered quartzite façade cladding using dry-hung system, including panels, anchors or adhesive, subframe, restraints, joints, flashings, sealants and protection. | Code Ref: 04 42 00 / OmniClass 23-13 31 21 | Spec: Stone Type/Source: ___ | Thickness: ___ | Panel Size: ___ | Finish: ___ | Fixing System: ___ | Anchor Material: ___ | Subframe: ___ | Design Load: ___ | Water Absorption: ___ | Standard: ___ | Remarks: Pattern-based master item; verify project classification, structural design, local code, tested system, manufacturer data and consultant requirements.",,m²,,,,,,,
FACADE-15000,construction,Stone Cladding,Quartzite Cladding - Dry-Hung - 30 mm - Natural Split,"Supply and install 30 mm natural split quartzite façade cladding using dry-hung system, including panels, anchors or adhesive, subframe, restraints, joints, flashings, sealants and protection. | Code Ref: 04 42 00 / OmniClass 23-13 31 21 | Spec: Stone Type/Source: ___ | Thickness: ___ | Panel Size: ___ | Finish: ___ | Fixing System: ___ | Anchor Material: ___ | Subframe: ___ | Design Load: ___ | Water Absorption: ___ | Standard: ___ | Remarks: Pattern-based master item; verify project classification, structural design, local code, tested system, manufacturer data and consultant requirements.",,m²,,,,,,,
FACADE-15001,construction,Stone Cladding,Quartzite Cladding - Dry-Hung - 30 mm - Polished,"Supply and install 30 mm polished quartzite façade cladding using dry-hung system, including panels, anchors or adhesive, subframe, restraints, joints, flashings, sealants and protection. | Code Ref: 04 42 00 / OmniClass 23-13 31 21 | Spec: Stone Type/Source: ___ | Thickness: ___ | Panel Size: ___ | Finish: ___ | Fixing System: ___ | Anchor Material: ___ | Subframe: ___ | Design Load: ___ | Water Absorption: ___ | Standard: ___ | Remarks: Pattern-based master item; verify project classification, structural design, local code, tested system, manufacturer data and consultant requirements.",,m²,,,,,,,
FACADE-15002,construction,Stone Cladding,Quartzite Cladding - Dry-Hung - 30 mm - Sandblasted,"Supply and install 30 mm sandblasted quartzite façade cladding using dry-hung system, including panels, anchors or adhesive, subframe, restraints, joints, flashings, sealants and protection. | Code Ref: 04 42 00 / OmniClass 23-13 31 21 | Spec: Stone Type/Source: ___ | Thickness: ___ | Panel Size: ___ | Finish: ___ | Fixing System: ___ | Anchor Material: ___ | Subframe: ___ | Design Load: ___ | Water Absorption: ___ | Standard: ___ | Remarks: Pattern-based master item; verify project classification, structural design, local code, tested system, manufacturer data and consultant requirements.",,m²,,,,,,,
FACADE-15003,construction,Stone Cladding,Quartzite Cladding - Dry-Hung - 40 mm - Bush-Hammered,"Supply and install 40 mm bush-hammered quartzite façade cladding using dry-hung system, including panels, anchors or adhesive, subframe, restraints, joints, flashings, sealants and protection. | Code Ref: 04 42 00 / OmniClass 23-13 31 21 | Spec: Stone Type/Source: ___ | Thickness: ___ | Panel Size: ___ | Finish: ___ | Fixing System: ___ | Anchor Material: ___ | Subframe: ___ | Design Load: ___ | Water Absorption: ___ | Standard: ___ | Remarks: Pattern-based master item; verify project classification, structural design, local code, tested system, manufacturer data and consultant requirements.",,m²,,,,,,,
FACADE-15004,construction,Stone Cladding,Quartzite Cladding - Dry-Hung - 40 mm - Flamed,"Supply and install 40 mm flamed quartzite façade cladding using dry-hung system, including panels, anchors or adhesive, subframe, restraints, joints, flashings, sealants and protection. | Code Ref: 04 42 00 / OmniClass 23-13 31 21 | Spec: Stone Type/Source: ___ | Thickness: ___ | Panel Size: ___ | Finish: ___ | Fixing System: ___ | Anchor Material: ___ | Subframe: ___ | Design Load: ___ | Water Absorption: ___ | Standard: ___ | Remarks: Pattern-based master item; verify project classification, structural design, local code, tested system, manufacturer data and consultant requirements.",,m²,,,,,,,
FACADE-15005,construction,Stone Cladding,Quartzite Cladding - Dry-Hung - 40 mm - Honed,"Supply and install 40 mm honed quartzite façade cladding using dry-hung system, including panels, anchors or adhesive, subframe, restraints, joints, flashings, sealants and protection. | Code Ref: 04 42 00 / OmniClass 23-13 31 21 | Spec: Stone Type/Source: ___ | Thickness: ___ | Panel Size: ___ | Finish: ___ | Fixing System: ___ | Anchor Material: ___ | Subframe: ___ | Design Load: ___ | Water Absorption: ___ | Standard: ___ | Remarks: Pattern-based master item; verify project classification, structural design, local code, tested system, manufacturer data and consultant requirements.",,m²,,,,,,,
FACADE-15006,construction,Stone Cladding,Quartzite Cladding - Dry-Hung - 40 mm - Leathered,"Supply and install 40 mm leathered quartzite façade cladding using dry-hung system, including panels, anchors or adhesive, subframe, restraints, joints, flashings, sealants and protection. | Code Ref: 04 42 00 / OmniClass 23-13 31 21 | Spec: Stone Type/Source: ___ | Thickness: ___ | Panel Size: ___ | Finish: ___ | Fixing System: ___ | Anchor Material: ___ | Subframe: ___ | Design Load: ___ | Water Absorption: ___ | Standard: ___ | Remarks: Pattern-based master item; verify project classification, structural design, local code, tested system, manufacturer data and consultant requirements.",,m²,,,,,,,
FACADE-15007,construction,Stone Cladding,Quartzite Cladding - Dry-Hung - 40 mm - Natural Split,"Supply and install 40 mm natural split quartzite façade cladding using dry-hung system, including panels, anchors or adhesive, subframe, restraints, joints, flashings, sealants and protection. | Code Ref: 04 42 00 / OmniClass 23-13 31 21 | Spec: Stone Type/Source: ___ | Thickness: ___ | Panel Size: ___ | Finish: ___ | Fixing System: ___ | Anchor Material: ___ | Subframe: ___ | Design Load: ___ | Water Absorption: ___ | Standard: ___ | Remarks: Pattern-based master item; verify project classification, structural design, local code, tested system, manufacturer data and consultant requirements.",,m²,,,,,,,
FACADE-15008,construction,Stone Cladding,Quartzite Cladding - Dry-Hung - 40 mm - Polished,"Supply and install 40 mm polished quartzite façade cladding using dry-hung system, including panels, anchors or adhesive, subframe, restraints, joints, flashings, sealants and protection. | Code Ref: 04 42 00 / OmniClass 23-13 31 21 | Spec: Stone Type/Source: ___ | Thickness: ___ | Panel Size: ___ | Finish: ___ | Fixing System: ___ | Anchor Material: ___ | Subframe: ___ | Design Load: ___ | Water Absorption: ___ | Standard: ___ | Remarks: Pattern-based master item; verify project classification, structural design, local code, tested system, manufacturer data and consultant requirements.",,m²,,,,,,,
FACADE-15009,construction,Stone Cladding,Quartzite Cladding - Dry-Hung - 40 mm - Sandblasted,"Supply and install 40 mm sandblasted quartzite façade cladding using dry-hung system, including panels, anchors or adhesive, subframe, restraints, joints, flashings, sealants and protection. | Code Ref: 04 42 00 / OmniClass 23-13 31 21 | Spec: Stone Type/Source: ___ | Thickness: ___ | Panel Size: ___ | Finish: ___ | Fixing System: ___ | Anchor Material: ___ | Subframe: ___ | Design Load: ___ | Water Absorption: ___ | Standard: ___ | Remarks: Pattern-based master item; verify project classification, structural design, local code, tested system, manufacturer data and consultant requirements.",,m²,,,,,,,
FACADE-15010,construction,Stone Cladding,Quartzite Cladding - Dry-Hung - 50 mm - Bush-Hammered,"Supply and install 50 mm bush-hammered quartzite façade cladding using dry-hung system, including panels, anchors or adhesive, subframe, restraints, joints, flashings, sealants and protection. | Code Ref: 04 42 00 / OmniClass 23-13 31 21 | Spec: Stone Type/Source: ___ | Thickness: ___ | Panel Size: ___ | Finish: ___ | Fixing System: ___ | Anchor Material: ___ | Subframe: ___ | Design Load: ___ | Water Absorption: ___ | Standard: ___ | Remarks: Pattern-based master item; verify project classification, structural design, local code, tested system, manufacturer data and consultant requirements.",,m²,,,,,,,
FACADE-15011,construction,Stone Cladding,Quartzite Cladding - Dry-Hung - 50 mm - Flamed,"Supply and install 50 mm flamed quartzite façade cladding using dry-hung system, including panels, anchors or adhesive, subframe, restraints, joints, flashings, sealants and protection. | Code Ref: 04 42 00 / OmniClass 23-13 31 21 | Spec: Stone Type/Source: ___ | Thickness: ___ | Panel Size: ___ | Finish: ___ | Fixing System: ___ | Anchor Material: ___ | Subframe: ___ | Design Load: ___ | Water Absorption: ___ | Standard: ___ | Remarks: Pattern-based master item; verify project classification, structural design, local code, tested system, manufacturer data and consultant requirements.",,m²,,,,,,,
FACADE-15012,construction,Stone Cladding,Quartzite Cladding - Dry-Hung - 50 mm - Honed,"Supply and install 50 mm honed quartzite façade cladding using dry-hung system, including panels, anchors or adhesive, subframe, restraints, joints, flashings, sealants and protection. | Code Ref: 04 42 00 / OmniClass 23-13 31 21 | Spec: Stone Type/Source: ___ | Thickness: ___ | Panel Size: ___ | Finish: ___ | Fixing System: ___ | Anchor Material: ___ | Subframe: ___ | Design Load: ___ | Water Absorption: ___ | Standard: ___ | Remarks: Pattern-based master item; verify project classification, structural design, local code, tested system, manufacturer data and consultant requirements.",,m²,,,,,,,
FACADE-15013,construction,Stone Cladding,Quartzite Cladding - Dry-Hung - 50 mm - Leathered,"Supply and install 50 mm leathered quartzite façade cladding using dry-hung system, including panels, anchors or adhesive, subframe, restraints, joints, flashings, sealants and protection. | Code Ref: 04 42 00 / OmniClass 23-13 31 21 | Spec: Stone Type/Source: ___ | Thickness: ___ | Panel Size: ___ | Finish: ___ | Fixing System: ___ | Anchor Material: ___ | Subframe: ___ | Design Load: ___ | Water Absorption: ___ | Standard: ___ | Remarks: Pattern-based master item; verify project classification, structural design, local code, tested system, manufacturer data and consultant requirements.",,m²,,,,,,,
FACADE-15014,construction,Stone Cladding,Quartzite Cladding - Dry-Hung - 50 mm - Natural Split,"Supply and install 50 mm natural split quartzite façade cladding using dry-hung system, including panels, anchors or adhesive, subframe, restraints, joints, flashings, sealants and protection. | Code Ref: 04 42 00 / OmniClass 23-13 31 21 | Spec: Stone Type/Source: ___ | Thickness: ___ | Panel Size: ___ | Finish: ___ | Fixing System: ___ | Anchor Material: ___ | Subframe: ___ | Design Load: ___ | Water Absorption: ___ | Standard: ___ | Remarks: Pattern-based master item; verify project classification, structural design, local code, tested system, manufacturer data and consultant requirements.",,m²,,,,,,,
FACADE-15015,construction,Stone Cladding,Quartzite Cladding - Dry-Hung - 50 mm - Polished,"Supply and install 50 mm polished quartzite façade cladding using dry-hung system, including panels, anchors or adhesive, subframe, restraints, joints, flashings, sealants and protection. | Code Ref: 04 42 00 / OmniClass 23-13 31 21 | Spec: Stone Type/Source: ___ | Thickness: ___ | Panel Size: ___ | Finish: ___ | Fixing System: ___ | Anchor Material: ___ | Subframe: ___ | Design Load: ___ | Water Absorption: ___ | Standard: ___ | Remarks: Pattern-based master item; verify project classification, structural design, local code, tested system, manufacturer data and consultant requirements.",,m²,,,,,,,
FACADE-15016,construction,Stone Cladding,Quartzite Cladding - Dry-Hung - 50 mm - Sandblasted,"Supply and install 50 mm sandblasted quartzite façade cladding using dry-hung system, including panels, anchors or adhesive, subframe, restraints, joints, flashings, sealants and protection. | Code Ref: 04 42 00 / OmniClass 23-13 31 21 | Spec: Stone Type/Source: ___ | Thickness: ___ | Panel Size: ___ | Finish: ___ | Fixing System: ___ | Anchor Material: ___ | Subframe: ___ | Design Load: ___ | Water Absorption: ___ | Standard: ___ | Remarks: Pattern-based master item; verify project classification, structural design, local code, tested system, manufacturer data and consultant requirements.",,m²,,,,,,,
FACADE-15017,construction,Stone Cladding,Quartzite Cladding - Kerf Fixing - 20 mm - Bush-Hammered,"Supply and install 20 mm bush-hammered quartzite façade cladding using kerf fixing system, including panels, anchors or adhesive, subframe, restraints, joints, flashings, sealants and protection. | Code Ref: 04 42 00 / OmniClass 23-13 31 21 | Spec: Stone Type/Source: ___ | Thickness: ___ | Panel Size: ___ | Finish: ___ | Fixing System: ___ | Anchor Material: ___ | Subframe: ___ | Design Load: ___ | Water Absorption: ___ | Standard: ___ | Remarks: Pattern-based master item; verify project classification, structural design, local code, tested system, manufacturer data and consultant requirements.",,m²,,,,,,,
FACADE-15018,construction,Stone Cladding,Quartzite Cladding - Kerf Fixing - 20 mm - Flamed,"Supply and install 20 mm flamed quartzite façade cladding using kerf fixing system, including panels, anchors or adhesive, subframe, restraints, joints, flashings, sealants and protection. | Code Ref: 04 42 00 / OmniClass 23-13 31 21 | Spec: Stone Type/Source: ___ | Thickness: ___ | Panel Size: ___ | Finish: ___ | Fixing System: ___ | Anchor Material: ___ | Subframe: ___ | Design Load: ___ | Water Absorption: ___ | Standard: ___ | Remarks: Pattern-based master item; verify project classification, structural design, local code, tested system, manufacturer data and consultant requirements.",,m²,,,,,,,
FACADE-15019,construction,Stone Cladding,Quartzite Cladding - Kerf Fixing - 20 mm - Honed,"Supply and install 20 mm honed quartzite façade cladding using kerf fixing system, including panels, anchors or adhesive, subframe, restraints, joints, flashings, sealants and protection. | Code Ref: 04 42 00 / OmniClass 23-13 31 21 | Spec: Stone Type/Source: ___ | Thickness: ___ | Panel Size: ___ | Finish: ___ | Fixing System: ___ | Anchor Material: ___ | Subframe: ___ | Design Load: ___ | Water Absorption: ___ | Standard: ___ | Remarks: Pattern-based master item; verify project classification, structural design, local code, tested system, manufacturer data and consultant requirements.",,m²,,,,,,,
FACADE-15020,construction,Stone Cladding,Quartzite Cladding - Kerf Fixing - 20 mm - Leathered,"Supply and install 20 mm leathered quartzite façade cladding using kerf fixing system, including panels, anchors or adhesive, subframe, restraints, joints, flashings, sealants and protection. | Code Ref: 04 42 00 / OmniClass 23-13 31 21 | Spec: Stone Type/Source: ___ | Thickness: ___ | Panel Size: ___ | Finish: ___ | Fixing System: ___ | Anchor Material: ___ | Subframe: ___ | Design Load: ___ | Water Absorption: ___ | Standard: ___ | Remarks: Pattern-based master item; verify project classification, structural design, local code, tested system, manufacturer data and consultant requirements.",,m²,,,,,,,
FACADE-15021,construction,Stone Cladding,Quartzite Cladding - Kerf Fixing - 20 mm - Natural Split,"Supply and install 20 mm natural split quartzite façade cladding using kerf fixing system, including panels, anchors or adhesive, subframe, restraints, joints, flashings, sealants and protection. | Code Ref: 04 42 00 / OmniClass 23-13 31 21 | Spec: Stone Type/Source: ___ | Thickness: ___ | Panel Size: ___ | Finish: ___ | Fixing System: ___ | Anchor Material: ___ | Subframe: ___ | Design Load: ___ | Water Absorption: ___ | Standard: ___ | Remarks: Pattern-based master item; verify project classification, structural design, local code, tested system, manufacturer data and consultant requirements.",,m²,,,,,,,
FACADE-15022,construction,Stone Cladding,Quartzite Cladding - Kerf Fixing - 20 mm - Polished,"Supply and install 20 mm polished quartzite façade cladding using kerf fixing system, including panels, anchors or adhesive, subframe, restraints, joints, flashings, sealants and protection. | Code Ref: 04 42 00 / OmniClass 23-13 31 21 | Spec: Stone Type/Source: ___ | Thickness: ___ | Panel Size: ___ | Finish: ___ | Fixing System: ___ | Anchor Material: ___ | Subframe: ___ | Design Load: ___ | Water Absorption: ___ | Standard: ___ | Remarks: Pattern-based master item; verify project classification, structural design, local code, tested system, manufacturer data and consultant requirements.",,m²,,,,,,,
FACADE-15023,construction,Stone Cladding,Quartzite Cladding - Kerf Fixing - 20 mm - Sandblasted,"Supply and install 20 mm sandblasted quartzite façade cladding using kerf fixing system, including panels, anchors or adhesive, subframe, restraints, joints, flashings, sealants and protection. | Code Ref: 04 42 00 / OmniClass 23-13 31 21 | Spec: Stone Type/Source: ___ | Thickness: ___ | Panel Size: ___ | Finish: ___ | Fixing System: ___ | Anchor Material: ___ | Subframe: ___ | Design Load: ___ | Water Absorption: ___ | Standard: ___ | Remarks: Pattern-based master item; verify project classification, structural design, local code, tested system, manufacturer data and consultant requirements.",,m²,,,,,,,
FACADE-15024,construction,Stone Cladding,Quartzite Cladding - Kerf Fixing - 25 mm - Bush-Hammered,"Supply and install 25 mm bush-hammered quartzite façade cladding using kerf fixing system, including panels, anchors or adhesive, subframe, restraints, joints, flashings, sealants and protection. | Code Ref: 04 42 00 / OmniClass 23-13 31 21 | Spec: Stone Type/Source: ___ | Thickness: ___ | Panel Size: ___ | Finish: ___ | Fixing System: ___ | Anchor Material: ___ | Subframe: ___ | Design Load: ___ | Water Absorption: ___ | Standard: ___ | Remarks: Pattern-based master item; verify project classification, structural design, local code, tested system, manufacturer data and consultant requirements.",,m²,,,,,,,
FACADE-15025,construction,Stone Cladding,Quartzite Cladding - Kerf Fixing - 25 mm - Flamed,"Supply and install 25 mm flamed quartzite façade cladding using kerf fixing system, including panels, anchors or adhesive, subframe, restraints, joints, flashings, sealants and protection. | Code Ref: 04 42 00 / OmniClass 23-13 31 21 | Spec: Stone Type/Source: ___ | Thickness: ___ | Panel Size: ___ | Finish: ___ | Fixing System: ___ | Anchor Material: ___ | Subframe: ___ | Design Load: ___ | Water Absorption: ___ | Standard: ___ | Remarks: Pattern-based master item; verify project classification, structural design, local code, tested system, manufacturer data and consultant requirements.",,m²,,,,,,,
FACADE-15026,construction,Stone Cladding,Quartzite Cladding - Kerf Fixing - 25 mm - Honed,"Supply and install 25 mm honed quartzite façade cladding using kerf fixing system, including panels, anchors or adhesive, subframe, restraints, joints, flashings, sealants and protection. | Code Ref: 04 42 00 / OmniClass 23-13 31 21 | Spec: Stone Type/Source: ___ | Thickness: ___ | Panel Size: ___ | Finish: ___ | Fixing System: ___ | Anchor Material: ___ | Subframe: ___ | Design Load: ___ | Water Absorption: ___ | Standard: ___ | Remarks: Pattern-based master item; verify project classification, structural design, local code, tested system, manufacturer data and consultant requirements.",,m²,,,,,,,
FACADE-15027,construction,Stone Cladding,Quartzite Cladding - Kerf Fixing - 25 mm - Leathered,"Supply and install 25 mm leathered quartzite façade cladding using kerf fixing system, including panels, anchors or adhesive, subframe, restraints, joints, flashings, sealants and protection. | Code Ref: 04 42 00 / OmniClass 23-13 31 21 | Spec: Stone Type/Source: ___ | Thickness: ___ | Panel Size: ___ | Finish: ___ | Fixing System: ___ | Anchor Material: ___ | Subframe: ___ | Design Load: ___ | Water Absorption: ___ | Standard: ___ | Remarks: Pattern-based master item; verify project classification, structural design, local code, tested system, manufacturer data and consultant requirements.",,m²,,,,,,,
FACADE-15028,construction,Stone Cladding,Quartzite Cladding - Kerf Fixing - 25 mm - Natural Split,"Supply and install 25 mm natural split quartzite façade cladding using kerf fixing system, including panels, anchors or adhesive, subframe, restraints, joints, flashings, sealants and protection. | Code Ref: 04 42 00 / OmniClass 23-13 31 21 | Spec: Stone Type/Source: ___ | Thickness: ___ | Panel Size: ___ | Finish: ___ | Fixing System: ___ | Anchor Material: ___ | Subframe: ___ | Design Load: ___ | Water Absorption: ___ | Standard: ___ | Remarks: Pattern-based master item; verify project classification, structural design, local code, tested system, manufacturer data and consultant requirements.",,m²,,,,,,,
FACADE-15029,construction,Stone Cladding,Quartzite Cladding - Kerf Fixing - 25 mm - Polished,"Supply and install 25 mm polished quartzite façade cladding using kerf fixing system, including panels, anchors or adhesive, subframe, restraints, joints, flashings, sealants and protection. | Code Ref: 04 42 00 / OmniClass 23-13 31 21 | Spec: Stone Type/Source: ___ | Thickness: ___ | Panel Size: ___ | Finish: ___ | Fixing System: ___ | Anchor Material: ___ | Subframe: ___ | Design Load: ___ | Water Absorption: ___ | Standard: ___ | Remarks: Pattern-based master item; verify project classification, structural design, local code, tested system, manufacturer data and consultant requirements.",,m²,,,,,,,
FACADE-15030,construction,Stone Cladding,Quartzite Cladding - Kerf Fixing - 25 mm - Sandblasted,"Supply and install 25 mm sandblasted quartzite façade cladding using kerf fixing system, including panels, anchors or adhesive, subframe, restraints, joints, flashings, sealants and protection. | Code Ref: 04 42 00 / OmniClass 23-13 31 21 | Spec: Stone Type/Source: ___ | Thickness: ___ | Panel Size: ___ | Finish: ___ | Fixing System: ___ | Anchor Material: ___ | Subframe: ___ | Design Load: ___ | Water Absorption: ___ | Standard: ___ | Remarks: Pattern-based master item; verify project classification, structural design, local code, tested system, manufacturer data and consultant requirements.",,m²,,,,,,,
FACADE-15031,construction,Stone Cladding,Quartzite Cladding - Kerf Fixing - 30 mm - Bush-Hammered,"Supply and install 30 mm bush-hammered quartzite façade cladding using kerf fixing system, including panels, anchors or adhesive, subframe, restraints, joints, flashings, sealants and protection. | Code Ref: 04 42 00 / OmniClass 23-13 31 21 | Spec: Stone Type/Source: ___ | Thickness: ___ | Panel Size: ___ | Finish: ___ | Fixing System: ___ | Anchor Material: ___ | Subframe: ___ | Design Load: ___ | Water Absorption: ___ | Standard: ___ | Remarks: Pattern-based master item; verify project classification, structural design, local code, tested system, manufacturer data and consultant requirements.",,m²,,,,,,,
FACADE-15032,construction,Stone Cladding,Quartzite Cladding - Kerf Fixing - 30 mm - Flamed,"Supply and install 30 mm flamed quartzite façade cladding using kerf fixing system, including panels, anchors or adhesive, subframe, restraints, joints, flashings, sealants and protection. | Code Ref: 04 42 00 / OmniClass 23-13 31 21 | Spec: Stone Type/Source: ___ | Thickness: ___ | Panel Size: ___ | Finish: ___ | Fixing System: ___ | Anchor Material: ___ | Subframe: ___ | Design Load: ___ | Water Absorption: ___ | Standard: ___ | Remarks: Pattern-based master item; verify project classification, structural design, local code, tested system, manufacturer data and consultant requirements.",,m²,,,,,,,
FACADE-15033,construction,Stone Cladding,Quartzite Cladding - Kerf Fixing - 30 mm - Honed,"Supply and install 30 mm honed quartzite façade cladding using kerf fixing system, including panels, anchors or adhesive, subframe, restraints, joints, flashings, sealants and protection. | Code Ref: 04 42 00 / OmniClass 23-13 31 21 | Spec: Stone Type/Source: ___ | Thickness: ___ | Panel Size: ___ | Finish: ___ | Fixing System: ___ | Anchor Material: ___ | Subframe: ___ | Design Load: ___ | Water Absorption: ___ | Standard: ___ | Remarks: Pattern-based master item; verify project classification, structural design, local code, tested system, manufacturer data and consultant requirements.",,m²,,,,,,,
FACADE-15034,construction,Stone Cladding,Quartzite Cladding - Kerf Fixing - 30 mm - Leathered,"Supply and install 30 mm leathered quartzite façade cladding using kerf fixing system, including panels, anchors or adhesive, subframe, restraints, joints, flashings, sealants and protection. | Code Ref: 04 42 00 / OmniClass 23-13 31 21 | Spec: Stone Type/Source: ___ | Thickness: ___ | Panel Size: ___ | Finish: ___ | Fixing System: ___ | Anchor Material: ___ | Subframe: ___ | Design Load: ___ | Water Absorption: ___ | Standard: ___ | Remarks: Pattern-based master item; verify project classification, structural design, local code, tested system, manufacturer data and consultant requirements.",,m²,,,,,,,
FACADE-15035,construction,Stone Cladding,Quartzite Cladding - Kerf Fixing - 30 mm - Natural Split,"Supply and install 30 mm natural split quartzite façade cladding using kerf fixing system, including panels, anchors or adhesive, subframe, restraints, joints, flashings, sealants and protection. | Code Ref: 04 42 00 / OmniClass 23-13 31 21 | Spec: Stone Type/Source: ___ | Thickness: ___ | Panel Size: ___ | Finish: ___ | Fixing System: ___ | Anchor Material: ___ | Subframe: ___ | Design Load: ___ | Water Absorption: ___ | Standard: ___ | Remarks: Pattern-based master item; verify project classification, structural design, local code, tested system, manufacturer data and consultant requirements.",,m²,,,,,,,
FACADE-15036,construction,Stone Cladding,Quartzite Cladding - Kerf Fixing - 30 mm - Polished,"Supply and install 30 mm polished quartzite façade cladding using kerf fixing system, including panels, anchors or adhesive, subframe, restraints, joints, flashings, sealants and protection. | Code Ref: 04 42 00 / OmniClass 23-13 31 21 | Spec: Stone Type/Source: ___ | Thickness: ___ | Panel Size: ___ | Finish: ___ | Fixing System: ___ | Anchor Material: ___ | Subframe: ___ | Design Load: ___ | Water Absorption: ___ | Standard: ___ | Remarks: Pattern-based master item; verify project classification, structural design, local code, tested system, manufacturer data and consultant requirements.",,m²,,,,,,,
FACADE-15037,construction,Stone Cladding,Quartzite Cladding - Kerf Fixing - 30 mm - Sandblasted,"Supply and install 30 mm sandblasted quartzite façade cladding using kerf fixing system, including panels, anchors or adhesive, subframe, restraints, joints, flashings, sealants and protection. | Code Ref: 04 42 00 / OmniClass 23-13 31 21 | Spec: Stone Type/Source: ___ | Thickness: ___ | Panel Size: ___ | Finish: ___ | Fixing System: ___ | Anchor Material: ___ | Subframe: ___ | Design Load: ___ | Water Absorption: ___ | Standard: ___ | Remarks: Pattern-based master item; verify project classification, structural design, local code, tested system, manufacturer data and consultant requirements.",,m²,,,,,,,
FACADE-15038,construction,Stone Cladding,Quartzite Cladding - Kerf Fixing - 40 mm - Bush-Hammered,"Supply and install 40 mm bush-hammered quartzite façade cladding using kerf fixing system, including panels, anchors or adhesive, subframe, restraints, joints, flashings, sealants and protection. | Code Ref: 04 42 00 / OmniClass 23-13 31 21 | Spec: Stone Type/Source: ___ | Thickness: ___ | Panel Size: ___ | Finish: ___ | Fixing System: ___ | Anchor Material: ___ | Subframe: ___ | Design Load: ___ | Water Absorption: ___ | Standard: ___ | Remarks: Pattern-based master item; verify project classification, structural design, local code, tested system, manufacturer data and consultant requirements.",,m²,,,,,,,
FACADE-15039,construction,Stone Cladding,Quartzite Cladding - Kerf Fixing - 40 mm - Flamed,"Supply and install 40 mm flamed quartzite façade cladding using kerf fixing system, including panels, anchors or adhesive, subframe, restraints, joints, flashings, sealants and protection. | Code Ref: 04 42 00 / OmniClass 23-13 31 21 | Spec: Stone Type/Source: ___ | Thickness: ___ | Panel Size: ___ | Finish: ___ | Fixing System: ___ | Anchor Material: ___ | Subframe: ___ | Design Load: ___ | Water Absorption: ___ | Standard: ___ | Remarks: Pattern-based master item; verify project classification, structural design, local code, tested system, manufacturer data and consultant requirements.",,m²,,,,,,,
FACADE-15040,construction,Stone Cladding,Quartzite Cladding - Kerf Fixing - 40 mm - Honed,"Supply and install 40 mm honed quartzite façade cladding using kerf fixing system, including panels, anchors or adhesive, subframe, restraints, joints, flashings, sealants and protection. | Code Ref: 04 42 00 / OmniClass 23-13 31 21 | Spec: Stone Type/Source: ___ | Thickness: ___ | Panel Size: ___ | Finish: ___ | Fixing System: ___ | Anchor Material: ___ | Subframe: ___ | Design Load: ___ | Water Absorption: ___ | Standard: ___ | Remarks: Pattern-based master item; verify project classification, structural design, local code, tested system, manufacturer data and consultant requirements.",,m²,,,,,,,
FACADE-15041,construction,Stone Cladding,Quartzite Cladding - Kerf Fixing - 40 mm - Leathered,"Supply and install 40 mm leathered quartzite façade cladding using kerf fixing system, including panels, anchors or adhesive, subframe, restraints, joints, flashings, sealants and protection. | Code Ref: 04 42 00 / OmniClass 23-13 31 21 | Spec: Stone Type/Source: ___ | Thickness: ___ | Panel Size: ___ | Finish: ___ | Fixing System: ___ | Anchor Material: ___ | Subframe: ___ | Design Load: ___ | Water Absorption: ___ | Standard: ___ | Remarks: Pattern-based master item; verify project classification, structural design, local code, tested system, manufacturer data and consultant requirements.",,m²,,,,,,,
FACADE-15042,construction,Stone Cladding,Quartzite Cladding - Kerf Fixing - 40 mm - Natural Split,"Supply and install 40 mm natural split quartzite façade cladding using kerf fixing system, including panels, anchors or adhesive, subframe, restraints, joints, flashings, sealants and protection. | Code Ref: 04 42 00 / OmniClass 23-13 31 21 | Spec: Stone Type/Source: ___ | Thickness: ___ | Panel Size: ___ | Finish: ___ | Fixing System: ___ | Anchor Material: ___ | Subframe: ___ | Design Load: ___ | Water Absorption: ___ | Standard: ___ | Remarks: Pattern-based master item; verify project classification, structural design, local code, tested system, manufacturer data and consultant requirements.",,m²,,,,,,,
FACADE-15043,construction,Stone Cladding,Quartzite Cladding - Kerf Fixing - 40 mm - Polished,"Supply and install 40 mm polished quartzite façade cladding using kerf fixing system, including panels, anchors or adhesive, subframe, restraints, joints, flashings, sealants and protection. | Code Ref: 04 42 00 / OmniClass 23-13 31 21 | Spec: Stone Type/Source: ___ | Thickness: ___ | Panel Size: ___ | Finish: ___ | Fixing System: ___ | Anchor Material: ___ | Subframe: ___ | Design Load: ___ | Water Absorption: ___ | Standard: ___ | Remarks: Pattern-based master item; verify project classification, structural design, local code, tested system, manufacturer data and consultant requirements.",,m²,,,,,,,
FACADE-15044,construction,Stone Cladding,Quartzite Cladding - Kerf Fixing - 40 mm - Sandblasted,"Supply and install 40 mm sandblasted quartzite façade cladding using kerf fixing system, including panels, anchors or adhesive, subframe, restraints, joints, flashings, sealants and protection. | Code Ref: 04 42 00 / OmniClass 23-13 31 21 | Spec: Stone Type/Source: ___ | Thickness: ___ | Panel Size: ___ | Finish: ___ | Fixing System: ___ | Anchor Material: ___ | Subframe: ___ | Design Load: ___ | Water Absorption: ___ | Standard: ___ | Remarks: Pattern-based master item; verify project classification, structural design, local code, tested system, manufacturer data and consultant requirements.",,m²,,,,,,,
FACADE-15045,construction,Stone Cladding,Quartzite Cladding - Kerf Fixing - 50 mm - Bush-Hammered,"Supply and install 50 mm bush-hammered quartzite façade cladding using kerf fixing system, including panels, anchors or adhesive, subframe, restraints, joints, flashings, sealants and protection. | Code Ref: 04 42 00 / OmniClass 23-13 31 21 | Spec: Stone Type/Source: ___ | Thickness: ___ | Panel Size: ___ | Finish: ___ | Fixing System: ___ | Anchor Material: ___ | Subframe: ___ | Design Load: ___ | Water Absorption: ___ | Standard: ___ | Remarks: Pattern-based master item; verify project classification, structural design, local code, tested system, manufacturer data and consultant requirements.",,m²,,,,,,,
FACADE-15046,construction,Stone Cladding,Quartzite Cladding - Kerf Fixing - 50 mm - Flamed,"Supply and install 50 mm flamed quartzite façade cladding using kerf fixing system, including panels, anchors or adhesive, subframe, restraints, joints, flashings, sealants and protection. | Code Ref: 04 42 00 / OmniClass 23-13 31 21 | Spec: Stone Type/Source: ___ | Thickness: ___ | Panel Size: ___ | Finish: ___ | Fixing System: ___ | Anchor Material: ___ | Subframe: ___ | Design Load: ___ | Water Absorption: ___ | Standard: ___ | Remarks: Pattern-based master item; verify project classification, structural design, local code, tested system, manufacturer data and consultant requirements.",,m²,,,,,,,
FACADE-15047,construction,Stone Cladding,Quartzite Cladding - Kerf Fixing - 50 mm - Honed,"Supply and install 50 mm honed quartzite façade cladding using kerf fixing system, including panels, anchors or adhesive, subframe, restraints, joints, flashings, sealants and protection. | Code Ref: 04 42 00 / OmniClass 23-13 31 21 | Spec: Stone Type/Source: ___ | Thickness: ___ | Panel Size: ___ | Finish: ___ | Fixing System: ___ | Anchor Material: ___ | Subframe: ___ | Design Load: ___ | Water Absorption: ___ | Standard: ___ | Remarks: Pattern-based master item; verify project classification, structural design, local code, tested system, manufacturer data and consultant requirements.",,m²,,,,,,,
FACADE-15048,construction,Stone Cladding,Quartzite Cladding - Kerf Fixing - 50 mm - Leathered,"Supply and install 50 mm leathered quartzite façade cladding using kerf fixing system, including panels, anchors or adhesive, subframe, restraints, joints, flashings, sealants and protection. | Code Ref: 04 42 00 / OmniClass 23-13 31 21 | Spec: Stone Type/Source: ___ | Thickness: ___ | Panel Size: ___ | Finish: ___ | Fixing System: ___ | Anchor Material: ___ | Subframe: ___ | Design Load: ___ | Water Absorption: ___ | Standard: ___ | Remarks: Pattern-based master item; verify project classification, structural design, local code, tested system, manufacturer data and consultant requirements.",,m²,,,,,,,
FACADE-15049,construction,Stone Cladding,Quartzite Cladding - Kerf Fixing - 50 mm - Natural Split,"Supply and install 50 mm natural split quartzite façade cladding using kerf fixing system, including panels, anchors or adhesive, subframe, restraints, joints, flashings, sealants and protection. | Code Ref: 04 42 00 / OmniClass 23-13 31 21 | Spec: Stone Type/Source: ___ | Thickness: ___ | Panel Size: ___ | Finish: ___ | Fixing System: ___ | Anchor Material: ___ | Subframe: ___ | Design Load: ___ | Water Absorption: ___ | Standard: ___ | Remarks: Pattern-based master item; verify project classification, structural design, local code, tested system, manufacturer data and consultant requirements.",,m²,,,,,,,
FACADE-15050,construction,Stone Cladding,Quartzite Cladding - Kerf Fixing - 50 mm - Polished,"Supply and install 50 mm polished quartzite façade cladding using kerf fixing system, including panels, anchors or adhesive, subframe, restraints, joints, flashings, sealants and protection. | Code Ref: 04 42 00 / OmniClass 23-13 31 21 | Spec: Stone Type/Source: ___ | Thickness: ___ | Panel Size: ___ | Finish: ___ | Fixing System: ___ | Anchor Material: ___ | Subframe: ___ | Design Load: ___ | Water Absorption: ___ | Standard: ___ | Remarks: Pattern-based master item; verify project classification, structural design, local code, tested system, manufacturer data and consultant requirements.",,m²,,,,,,,
FACADE-15051,construction,Stone Cladding,Quartzite Cladding - Kerf Fixing - 50 mm - Sandblasted,"Supply and install 50 mm sandblasted quartzite façade cladding using kerf fixing system, including panels, anchors or adhesive, subframe, restraints, joints, flashings, sealants and protection. | Code Ref: 04 42 00 / OmniClass 23-13 31 21 | Spec: Stone Type/Source: ___ | Thickness: ___ | Panel Size: ___ | Finish: ___ | Fixing System: ___ | Anchor Material: ___ | Subframe: ___ | Design Load: ___ | Water Absorption: ___ | Standard: ___ | Remarks: Pattern-based master item; verify project classification, structural design, local code, tested system, manufacturer data and consultant requirements.",,m²,,,,,,,
FACADE-15052,construction,Stone Cladding,Quartzite Cladding - Mechanical Fixing - 20 mm - Bush-Hammered,"Supply and install 20 mm bush-hammered quartzite façade cladding using mechanical fixing system, including panels, anchors or adhesive, subframe, restraints, joints, flashings, sealants and protection. | Code Ref: 04 42 00 / OmniClass 23-13 31 21 | Spec: Stone Type/Source: ___ | Thickness: ___ | Panel Size: ___ | Finish: ___ | Fixing System: ___ | Anchor Material: ___ | Subframe: ___ | Design Load: ___ | Water Absorption: ___ | Standard: ___ | Remarks: Pattern-based master item; verify project classification, structural design, local code, tested system, manufacturer data and consultant requirements.",,m²,,,,,,,
FACADE-15053,construction,Stone Cladding,Quartzite Cladding - Mechanical Fixing - 20 mm - Flamed,"Supply and install 20 mm flamed quartzite façade cladding using mechanical fixing system, including panels, anchors or adhesive, subframe, restraints, joints, flashings, sealants and protection. | Code Ref: 04 42 00 / OmniClass 23-13 31 21 | Spec: Stone Type/Source: ___ | Thickness: ___ | Panel Size: ___ | Finish: ___ | Fixing System: ___ | Anchor Material: ___ | Subframe: ___ | Design Load: ___ | Water Absorption: ___ | Standard: ___ | Remarks: Pattern-based master item; verify project classification, structural design, local code, tested system, manufacturer data and consultant requirements.",,m²,,,,,,,
FACADE-15054,construction,Stone Cladding,Quartzite Cladding - Mechanical Fixing - 20 mm - Honed,"Supply and install 20 mm honed quartzite façade cladding using mechanical fixing system, including panels, anchors or adhesive, subframe, restraints, joints, flashings, sealants and protection. | Code Ref: 04 42 00 / OmniClass 23-13 31 21 | Spec: Stone Type/Source: ___ | Thickness: ___ | Panel Size: ___ | Finish: ___ | Fixing System: ___ | Anchor Material: ___ | Subframe: ___ | Design Load: ___ | Water Absorption: ___ | Standard: ___ | Remarks: Pattern-based master item; verify project classification, structural design, local code, tested system, manufacturer data and consultant requirements.",,m²,,,,,,,
FACADE-15055,construction,Stone Cladding,Quartzite Cladding - Mechanical Fixing - 20 mm - Leathered,"Supply and install 20 mm leathered quartzite façade cladding using mechanical fixing system, including panels, anchors or adhesive, subframe, restraints, joints, flashings, sealants and protection. | Code Ref: 04 42 00 / OmniClass 23-13 31 21 | Spec: Stone Type/Source: ___ | Thickness: ___ | Panel Size: ___ | Finish: ___ | Fixing System: ___ | Anchor Material: ___ | Subframe: ___ | Design Load: ___ | Water Absorption: ___ | Standard: ___ | Remarks: Pattern-based master item; verify project classification, structural design, local code, tested system, manufacturer data and consultant requirements.",,m²,,,,,,,
FACADE-15056,construction,Stone Cladding,Quartzite Cladding - Mechanical Fixing - 20 mm - Natural Split,"Supply and install 20 mm natural split quartzite façade cladding using mechanical fixing system, including panels, anchors or adhesive, subframe, restraints, joints, flashings, sealants and protection. | Code Ref: 04 42 00 / OmniClass 23-13 31 21 | Spec: Stone Type/Source: ___ | Thickness: ___ | Panel Size: ___ | Finish: ___ | Fixing System: ___ | Anchor Material: ___ | Subframe: ___ | Design Load: ___ | Water Absorption: ___ | Standard: ___ | Remarks: Pattern-based master item; verify project classification, structural design, local code, tested system, manufacturer data and consultant requirements.",,m²,,,,,,,
FACADE-15057,construction,Stone Cladding,Quartzite Cladding - Mechanical Fixing - 20 mm - Polished,"Supply and install 20 mm polished quartzite façade cladding using mechanical fixing system, including panels, anchors or adhesive, subframe, restraints, joints, flashings, sealants and protection. | Code Ref: 04 42 00 / OmniClass 23-13 31 21 | Spec: Stone Type/Source: ___ | Thickness: ___ | Panel Size: ___ | Finish: ___ | Fixing System: ___ | Anchor Material: ___ | Subframe: ___ | Design Load: ___ | Water Absorption: ___ | Standard: ___ | Remarks: Pattern-based master item; verify project classification, structural design, local code, tested system, manufacturer data and consultant requirements.",,m²,,,,,,,
FACADE-15058,construction,Stone Cladding,Quartzite Cladding - Mechanical Fixing - 20 mm - Sandblasted,"Supply and install 20 mm sandblasted quartzite façade cladding using mechanical fixing system, including panels, anchors or adhesive, subframe, restraints, joints, flashings, sealants and protection. | Code Ref: 04 42 00 / OmniClass 23-13 31 21 | Spec: Stone Type/Source: ___ | Thickness: ___ | Panel Size: ___ | Finish: ___ | Fixing System: ___ | Anchor Material: ___ | Subframe: ___ | Design Load: ___ | Water Absorption: ___ | Standard: ___ | Remarks: Pattern-based master item; verify project classification, structural design, local code, tested system, manufacturer data and consultant requirements.",,m²,,,,,,,
FACADE-15059,construction,Stone Cladding,Quartzite Cladding - Mechanical Fixing - 25 mm - Bush-Hammered,"Supply and install 25 mm bush-hammered quartzite façade cladding using mechanical fixing system, including panels, anchors or adhesive, subframe, restraints, joints, flashings, sealants and protection. | Code Ref: 04 42 00 / OmniClass 23-13 31 21 | Spec: Stone Type/Source: ___ | Thickness: ___ | Panel Size: ___ | Finish: ___ | Fixing System: ___ | Anchor Material: ___ | Subframe: ___ | Design Load: ___ | Water Absorption: ___ | Standard: ___ | Remarks: Pattern-based master item; verify project classification, structural design, local code, tested system, manufacturer data and consultant requirements.",,m²,,,,,,,
FACADE-15060,construction,Stone Cladding,Quartzite Cladding - Mechanical Fixing - 25 mm - Flamed,"Supply and install 25 mm flamed quartzite façade cladding using mechanical fixing system, including panels, anchors or adhesive, subframe, restraints, joints, flashings, sealants and protection. | Code Ref: 04 42 00 / OmniClass 23-13 31 21 | Spec: Stone Type/Source: ___ | Thickness: ___ | Panel Size: ___ | Finish: ___ | Fixing System: ___ | Anchor Material: ___ | Subframe: ___ | Design Load: ___ | Water Absorption: ___ | Standard: ___ | Remarks: Pattern-based master item; verify project classification, structural design, local code, tested system, manufacturer data and consultant requirements.",,m²,,,,,,,
FACADE-15061,construction,Stone Cladding,Quartzite Cladding - Mechanical Fixing - 25 mm - Honed,"Supply and install 25 mm honed quartzite façade cladding using mechanical fixing system, including panels, anchors or adhesive, subframe, restraints, joints, flashings, sealants and protection. | Code Ref: 04 42 00 / OmniClass 23-13 31 21 | Spec: Stone Type/Source: ___ | Thickness: ___ | Panel Size: ___ | Finish: ___ | Fixing System: ___ | Anchor Material: ___ | Subframe: ___ | Design Load: ___ | Water Absorption: ___ | Standard: ___ | Remarks: Pattern-based master item; verify project classification, structural design, local code, tested system, manufacturer data and consultant requirements.",,m²,,,,,,,
FACADE-15062,construction,Stone Cladding,Quartzite Cladding - Mechanical Fixing - 25 mm - Leathered,"Supply and install 25 mm leathered quartzite façade cladding using mechanical fixing system, including panels, anchors or adhesive, subframe, restraints, joints, flashings, sealants and protection. | Code Ref: 04 42 00 / OmniClass 23-13 31 21 | Spec: Stone Type/Source: ___ | Thickness: ___ | Panel Size: ___ | Finish: ___ | Fixing System: ___ | Anchor Material: ___ | Subframe: ___ | Design Load: ___ | Water Absorption: ___ | Standard: ___ | Remarks: Pattern-based master item; verify project classification, structural design, local code, tested system, manufacturer data and consultant requirements.",,m²,,,,,,,
FACADE-15063,construction,Stone Cladding,Quartzite Cladding - Mechanical Fixing - 25 mm - Natural Split,"Supply and install 25 mm natural split quartzite façade cladding using mechanical fixing system, including panels, anchors or adhesive, subframe, restraints, joints, flashings, sealants and protection. | Code Ref: 04 42 00 / OmniClass 23-13 31 21 | Spec: Stone Type/Source: ___ | Thickness: ___ | Panel Size: ___ | Finish: ___ | Fixing System: ___ | Anchor Material: ___ | Subframe: ___ | Design Load: ___ | Water Absorption: ___ | Standard: ___ | Remarks: Pattern-based master item; verify project classification, structural design, local code, tested system, manufacturer data and consultant requirements.",,m²,,,,,,,
FACADE-15064,construction,Stone Cladding,Quartzite Cladding - Mechanical Fixing - 25 mm - Polished,"Supply and install 25 mm polished quartzite façade cladding using mechanical fixing system, including panels, anchors or adhesive, subframe, restraints, joints, flashings, sealants and protection. | Code Ref: 04 42 00 / OmniClass 23-13 31 21 | Spec: Stone Type/Source: ___ | Thickness: ___ | Panel Size: ___ | Finish: ___ | Fixing System: ___ | Anchor Material: ___ | Subframe: ___ | Design Load: ___ | Water Absorption: ___ | Standard: ___ | Remarks: Pattern-based master item; verify project classification, structural design, local code, tested system, manufacturer data and consultant requirements.",,m²,,,,,,,
FACADE-15065,construction,Stone Cladding,Quartzite Cladding - Mechanical Fixing - 25 mm - Sandblasted,"Supply and install 25 mm sandblasted quartzite façade cladding using mechanical fixing system, including panels, anchors or adhesive, subframe, restraints, joints, flashings, sealants and protection. | Code Ref: 04 42 00 / OmniClass 23-13 31 21 | Spec: Stone Type/Source: ___ | Thickness: ___ | Panel Size: ___ | Finish: ___ | Fixing System: ___ | Anchor Material: ___ | Subframe: ___ | Design Load: ___ | Water Absorption: ___ | Standard: ___ | Remarks: Pattern-based master item; verify project classification, structural design, local code, tested system, manufacturer data and consultant requirements.",,m²,,,,,,,
FACADE-15066,construction,Stone Cladding,Quartzite Cladding - Mechanical Fixing - 30 mm - Bush-Hammered,"Supply and install 30 mm bush-hammered quartzite façade cladding using mechanical fixing system, including panels, anchors or adhesive, subframe, restraints, joints, flashings, sealants and protection. | Code Ref: 04 42 00 / OmniClass 23-13 31 21 | Spec: Stone Type/Source: ___ | Thickness: ___ | Panel Size: ___ | Finish: ___ | Fixing System: ___ | Anchor Material: ___ | Subframe: ___ | Design Load: ___ | Water Absorption: ___ | Standard: ___ | Remarks: Pattern-based master item; verify project classification, structural design, local code, tested system, manufacturer data and consultant requirements.",,m²,,,,,,,
FACADE-15067,construction,Stone Cladding,Quartzite Cladding - Mechanical Fixing - 30 mm - Flamed,"Supply and install 30 mm flamed quartzite façade cladding using mechanical fixing system, including panels, anchors or adhesive, subframe, restraints, joints, flashings, sealants and protection. | Code Ref: 04 42 00 / OmniClass 23-13 31 21 | Spec: Stone Type/Source: ___ | Thickness: ___ | Panel Size: ___ | Finish: ___ | Fixing System: ___ | Anchor Material: ___ | Subframe: ___ | Design Load: ___ | Water Absorption: ___ | Standard: ___ | Remarks: Pattern-based master item; verify project classification, structural design, local code, tested system, manufacturer data and consultant requirements.",,m²,,,,,,,
FACADE-15068,construction,Stone Cladding,Quartzite Cladding - Mechanical Fixing - 30 mm - Honed,"Supply and install 30 mm honed quartzite façade cladding using mechanical fixing system, including panels, anchors or adhesive, subframe, restraints, joints, flashings, sealants and protection. | Code Ref: 04 42 00 / OmniClass 23-13 31 21 | Spec: Stone Type/Source: ___ | Thickness: ___ | Panel Size: ___ | Finish: ___ | Fixing System: ___ | Anchor Material: ___ | Subframe: ___ | Design Load: ___ | Water Absorption: ___ | Standard: ___ | Remarks: Pattern-based master item; verify project classification, structural design, local code, tested system, manufacturer data and consultant requirements.",,m²,,,,,,,
FACADE-15069,construction,Stone Cladding,Quartzite Cladding - Mechanical Fixing - 30 mm - Leathered,"Supply and install 30 mm leathered quartzite façade cladding using mechanical fixing system, including panels, anchors or adhesive, subframe, restraints, joints, flashings, sealants and protection. | Code Ref: 04 42 00 / OmniClass 23-13 31 21 | Spec: Stone Type/Source: ___ | Thickness: ___ | Panel Size: ___ | Finish: ___ | Fixing System: ___ | Anchor Material: ___ | Subframe: ___ | Design Load: ___ | Water Absorption: ___ | Standard: ___ | Remarks: Pattern-based master item; verify project classification, structural design, local code, tested system, manufacturer data and consultant requirements.",,m²,,,,,,,
FACADE-15070,construction,Stone Cladding,Quartzite Cladding - Mechanical Fixing - 30 mm - Natural Split,"Supply and install 30 mm natural split quartzite façade cladding using mechanical fixing system, including panels, anchors or adhesive, subframe, restraints, joints, flashings, sealants and protection. | Code Ref: 04 42 00 / OmniClass 23-13 31 21 | Spec: Stone Type/Source: ___ | Thickness: ___ | Panel Size: ___ | Finish: ___ | Fixing System: ___ | Anchor Material: ___ | Subframe: ___ | Design Load: ___ | Water Absorption: ___ | Standard: ___ | Remarks: Pattern-based master item; verify project classification, structural design, local code, tested system, manufacturer data and consultant requirements.",,m²,,,,,,,
FACADE-15071,construction,Stone Cladding,Quartzite Cladding - Mechanical Fixing - 30 mm - Polished,"Supply and install 30 mm polished quartzite façade cladding using mechanical fixing system, including panels, anchors or adhesive, subframe, restraints, joints, flashings, sealants and protection. | Code Ref: 04 42 00 / OmniClass 23-13 31 21 | Spec: Stone Type/Source: ___ | Thickness: ___ | Panel Size: ___ | Finish: ___ | Fixing System: ___ | Anchor Material: ___ | Subframe: ___ | Design Load: ___ | Water Absorption: ___ | Standard: ___ | Remarks: Pattern-based master item; verify project classification, structural design, local code, tested system, manufacturer data and consultant requirements.",,m²,,,,,,,
FACADE-15072,construction,Stone Cladding,Quartzite Cladding - Mechanical Fixing - 30 mm - Sandblasted,"Supply and install 30 mm sandblasted quartzite façade cladding using mechanical fixing system, including panels, anchors or adhesive, subframe, restraints, joints, flashings, sealants and protection. | Code Ref: 04 42 00 / OmniClass 23-13 31 21 | Spec: Stone Type/Source: ___ | Thickness: ___ | Panel Size: ___ | Finish: ___ | Fixing System: ___ | Anchor Material: ___ | Subframe: ___ | Design Load: ___ | Water Absorption: ___ | Standard: ___ | Remarks: Pattern-based master item; verify project classification, structural design, local code, tested system, manufacturer data and consultant requirements.",,m²,,,,,,,
FACADE-15073,construction,Stone Cladding,Quartzite Cladding - Mechanical Fixing - 40 mm - Bush-Hammered,"Supply and install 40 mm bush-hammered quartzite façade cladding using mechanical fixing system, including panels, anchors or adhesive, subframe, restraints, joints, flashings, sealants and protection. | Code Ref: 04 42 00 / OmniClass 23-13 31 21 | Spec: Stone Type/Source: ___ | Thickness: ___ | Panel Size: ___ | Finish: ___ | Fixing System: ___ | Anchor Material: ___ | Subframe: ___ | Design Load: ___ | Water Absorption: ___ | Standard: ___ | Remarks: Pattern-based master item; verify project classification, structural design, local code, tested system, manufacturer data and consultant requirements.",,m²,,,,,,,
FACADE-15074,construction,Stone Cladding,Quartzite Cladding - Mechanical Fixing - 40 mm - Flamed,"Supply and install 40 mm flamed quartzite façade cladding using mechanical fixing system, including panels, anchors or adhesive, subframe, restraints, joints, flashings, sealants and protection. | Code Ref: 04 42 00 / OmniClass 23-13 31 21 | Spec: Stone Type/Source: ___ | Thickness: ___ | Panel Size: ___ | Finish: ___ | Fixing System: ___ | Anchor Material: ___ | Subframe: ___ | Design Load: ___ | Water Absorption: ___ | Standard: ___ | Remarks: Pattern-based master item; verify project classification, structural design, local code, tested system, manufacturer data and consultant requirements.",,m²,,,,,,,
FACADE-15075,construction,Stone Cladding,Quartzite Cladding - Mechanical Fixing - 40 mm - Honed,"Supply and install 40 mm honed quartzite façade cladding using mechanical fixing system, including panels, anchors or adhesive, subframe, restraints, joints, flashings, sealants and protection. | Code Ref: 04 42 00 / OmniClass 23-13 31 21 | Spec: Stone Type/Source: ___ | Thickness: ___ | Panel Size: ___ | Finish: ___ | Fixing System: ___ | Anchor Material: ___ | Subframe: ___ | Design Load: ___ | Water Absorption: ___ | Standard: ___ | Remarks: Pattern-based master item; verify project classification, structural design, local code, tested system, manufacturer data and consultant requirements.",,m²,,,,,,,
FACADE-15076,construction,Stone Cladding,Quartzite Cladding - Mechanical Fixing - 40 mm - Leathered,"Supply and install 40 mm leathered quartzite façade cladding using mechanical fixing system, including panels, anchors or adhesive, subframe, restraints, joints, flashings, sealants and protection. | Code Ref: 04 42 00 / OmniClass 23-13 31 21 | Spec: Stone Type/Source: ___ | Thickness: ___ | Panel Size: ___ | Finish: ___ | Fixing System: ___ | Anchor Material: ___ | Subframe: ___ | Design Load: ___ | Water Absorption: ___ | Standard: ___ | Remarks: Pattern-based master item; verify project classification, structural design, local code, tested system, manufacturer data and consultant requirements.",,m²,,,,,,,
FACADE-15077,construction,Stone Cladding,Quartzite Cladding - Mechanical Fixing - 40 mm - Natural Split,"Supply and install 40 mm natural split quartzite façade cladding using mechanical fixing system, including panels, anchors or adhesive, subframe, restraints, joints, flashings, sealants and protection. | Code Ref: 04 42 00 / OmniClass 23-13 31 21 | Spec: Stone Type/Source: ___ | Thickness: ___ | Panel Size: ___ | Finish: ___ | Fixing System: ___ | Anchor Material: ___ | Subframe: ___ | Design Load: ___ | Water Absorption: ___ | Standard: ___ | Remarks: Pattern-based master item; verify project classification, structural design, local code, tested system, manufacturer data and consultant requirements.",,m²,,,,,,,
FACADE-15078,construction,Stone Cladding,Quartzite Cladding - Mechanical Fixing - 40 mm - Polished,"Supply and install 40 mm polished quartzite façade cladding using mechanical fixing system, including panels, anchors or adhesive, subframe, restraints, joints, flashings, sealants and protection. | Code Ref: 04 42 00 / OmniClass 23-13 31 21 | Spec: Stone Type/Source: ___ | Thickness: ___ | Panel Size: ___ | Finish: ___ | Fixing System: ___ | Anchor Material: ___ | Subframe: ___ | Design Load: ___ | Water Absorption: ___ | Standard: ___ | Remarks: Pattern-based master item; verify project classification, structural design, local code, tested system, manufacturer data and consultant requirements.",,m²,,,,,,,
FACADE-15079,construction,Stone Cladding,Quartzite Cladding - Mechanical Fixing - 40 mm - Sandblasted,"Supply and install 40 mm sandblasted quartzite façade cladding using mechanical fixing system, including panels, anchors or adhesive, subframe, restraints, joints, flashings, sealants and protection. | Code Ref: 04 42 00 / OmniClass 23-13 31 21 | Spec: Stone Type/Source: ___ | Thickness: ___ | Panel Size: ___ | Finish: ___ | Fixing System: ___ | Anchor Material: ___ | Subframe: ___ | Design Load: ___ | Water Absorption: ___ | Standard: ___ | Remarks: Pattern-based master item; verify project classification, structural design, local code, tested system, manufacturer data and consultant requirements.",,m²,,,,,,,
FACADE-15080,construction,Stone Cladding,Quartzite Cladding - Mechanical Fixing - 50 mm - Bush-Hammered,"Supply and install 50 mm bush-hammered quartzite façade cladding using mechanical fixing system, including panels, anchors or adhesive, subframe, restraints, joints, flashings, sealants and protection. | Code Ref: 04 42 00 / OmniClass 23-13 31 21 | Spec: Stone Type/Source: ___ | Thickness: ___ | Panel Size: ___ | Finish: ___ | Fixing System: ___ | Anchor Material: ___ | Subframe: ___ | Design Load: ___ | Water Absorption: ___ | Standard: ___ | Remarks: Pattern-based master item; verify project classification, structural design, local code, tested system, manufacturer data and consultant requirements.",,m²,,,,,,,
FACADE-15081,construction,Stone Cladding,Quartzite Cladding - Mechanical Fixing - 50 mm - Flamed,"Supply and install 50 mm flamed quartzite façade cladding using mechanical fixing system, including panels, anchors or adhesive, subframe, restraints, joints, flashings, sealants and protection. | Code Ref: 04 42 00 / OmniClass 23-13 31 21 | Spec: Stone Type/Source: ___ | Thickness: ___ | Panel Size: ___ | Finish: ___ | Fixing System: ___ | Anchor Material: ___ | Subframe: ___ | Design Load: ___ | Water Absorption: ___ | Standard: ___ | Remarks: Pattern-based master item; verify project classification, structural design, local code, tested system, manufacturer data and consultant requirements.",,m²,,,,,,,
FACADE-15082,construction,Stone Cladding,Quartzite Cladding - Mechanical Fixing - 50 mm - Honed,"Supply and install 50 mm honed quartzite façade cladding using mechanical fixing system, including panels, anchors or adhesive, subframe, restraints, joints, flashings, sealants and protection. | Code Ref: 04 42 00 / OmniClass 23-13 31 21 | Spec: Stone Type/Source: ___ | Thickness: ___ | Panel Size: ___ | Finish: ___ | Fixing System: ___ | Anchor Material: ___ | Subframe: ___ | Design Load: ___ | Water Absorption: ___ | Standard: ___ | Remarks: Pattern-based master item; verify project classification, structural design, local code, tested system, manufacturer data and consultant requirements.",,m²,,,,,,,
FACADE-15083,construction,Stone Cladding,Quartzite Cladding - Mechanical Fixing - 50 mm - Leathered,"Supply and install 50 mm leathered quartzite façade cladding using mechanical fixing system, including panels, anchors or adhesive, subframe, restraints, joints, flashings, sealants and protection. | Code Ref: 04 42 00 / OmniClass 23-13 31 21 | Spec: Stone Type/Source: ___ | Thickness: ___ | Panel Size: ___ | Finish: ___ | Fixing System: ___ | Anchor Material: ___ | Subframe: ___ | Design Load: ___ | Water Absorption: ___ | Standard: ___ | Remarks: Pattern-based master item; verify project classification, structural design, local code, tested system, manufacturer data and consultant requirements.",,m²,,,,,,,
FACADE-15084,construction,Stone Cladding,Quartzite Cladding - Mechanical Fixing - 50 mm - Natural Split,"Supply and install 50 mm natural split quartzite façade cladding using mechanical fixing system, including panels, anchors or adhesive, subframe, restraints, joints, flashings, sealants and protection. | Code Ref: 04 42 00 / OmniClass 23-13 31 21 | Spec: Stone Type/Source: ___ | Thickness: ___ | Panel Size: ___ | Finish: ___ | Fixing System: ___ | Anchor Material: ___ | Subframe: ___ | Design Load: ___ | Water Absorption: ___ | Standard: ___ | Remarks: Pattern-based master item; verify project classification, structural design, local code, tested system, manufacturer data and consultant requirements.",,m²,,,,,,,
FACADE-15085,construction,Stone Cladding,Quartzite Cladding - Mechanical Fixing - 50 mm - Polished,"Supply and install 50 mm polished quartzite façade cladding using mechanical fixing system, including panels, anchors or adhesive, subframe, restraints, joints, flashings, sealants and protection. | Code Ref: 04 42 00 / OmniClass 23-13 31 21 | Spec: Stone Type/Source: ___ | Thickness: ___ | Panel Size: ___ | Finish: ___ | Fixing System: ___ | Anchor Material: ___ | Subframe: ___ | Design Load: ___ | Water Absorption: ___ | Standard: ___ | Remarks: Pattern-based master item; verify project classification, structural design, local code, tested system, manufacturer data and consultant requirements.",,m²,,,,,,,
FACADE-15086,construction,Stone Cladding,Quartzite Cladding - Mechanical Fixing - 50 mm - Sandblasted,"Supply and install 50 mm sandblasted quartzite façade cladding using mechanical fixing system, including panels, anchors or adhesive, subframe, restraints, joints, flashings, sealants and protection. | Code Ref: 04 42 00 / OmniClass 23-13 31 21 | Spec: Stone Type/Source: ___ | Thickness: ___ | Panel Size: ___ | Finish: ___ | Fixing System: ___ | Anchor Material: ___ | Subframe: ___ | Design Load: ___ | Water Absorption: ___ | Standard: ___ | Remarks: Pattern-based master item; verify project classification, structural design, local code, tested system, manufacturer data and consultant requirements.",,m²,,,,,,,
FACADE-15087,construction,Stone Cladding,Quartzite Cladding - Rainscreen - 20 mm - Bush-Hammered,"Supply and install 20 mm bush-hammered quartzite façade cladding using rainscreen system, including panels, anchors or adhesive, subframe, restraints, joints, flashings, sealants and protection. | Code Ref: 04 42 00 / OmniClass 23-13 31 21 | Spec: Stone Type/Source: ___ | Thickness: ___ | Panel Size: ___ | Finish: ___ | Fixing System: ___ | Anchor Material: ___ | Subframe: ___ | Design Load: ___ | Water Absorption: ___ | Standard: ___ | Remarks: Pattern-based master item; verify project classification, structural design, local code, tested system, manufacturer data and consultant requirements.",,m²,,,,,,,
FACADE-15088,construction,Stone Cladding,Quartzite Cladding - Rainscreen - 20 mm - Flamed,"Supply and install 20 mm flamed quartzite façade cladding using rainscreen system, including panels, anchors or adhesive, subframe, restraints, joints, flashings, sealants and protection. | Code Ref: 04 42 00 / OmniClass 23-13 31 21 | Spec: Stone Type/Source: ___ | Thickness: ___ | Panel Size: ___ | Finish: ___ | Fixing System: ___ | Anchor Material: ___ | Subframe: ___ | Design Load: ___ | Water Absorption: ___ | Standard: ___ | Remarks: Pattern-based master item; verify project classification, structural design, local code, tested system, manufacturer data and consultant requirements.",,m²,,,,,,,
FACADE-15089,construction,Stone Cladding,Quartzite Cladding - Rainscreen - 20 mm - Honed,"Supply and install 20 mm honed quartzite façade cladding using rainscreen system, including panels, anchors or adhesive, subframe, restraints, joints, flashings, sealants and protection. | Code Ref: 04 42 00 / OmniClass 23-13 31 21 | Spec: Stone Type/Source: ___ | Thickness: ___ | Panel Size: ___ | Finish: ___ | Fixing System: ___ | Anchor Material: ___ | Subframe: ___ | Design Load: ___ | Water Absorption: ___ | Standard: ___ | Remarks: Pattern-based master item; verify project classification, structural design, local code, tested system, manufacturer data and consultant requirements.",,m²,,,,,,,
FACADE-15090,construction,Stone Cladding,Quartzite Cladding - Rainscreen - 20 mm - Leathered,"Supply and install 20 mm leathered quartzite façade cladding using rainscreen system, including panels, anchors or adhesive, subframe, restraints, joints, flashings, sealants and protection. | Code Ref: 04 42 00 / OmniClass 23-13 31 21 | Spec: Stone Type/Source: ___ | Thickness: ___ | Panel Size: ___ | Finish: ___ | Fixing System: ___ | Anchor Material: ___ | Subframe: ___ | Design Load: ___ | Water Absorption: ___ | Standard: ___ | Remarks: Pattern-based master item; verify project classification, structural design, local code, tested system, manufacturer data and consultant requirements.",,m²,,,,,,,
FACADE-15091,construction,Stone Cladding,Quartzite Cladding - Rainscreen - 20 mm - Natural Split,"Supply and install 20 mm natural split quartzite façade cladding using rainscreen system, including panels, anchors or adhesive, subframe, restraints, joints, flashings, sealants and protection. | Code Ref: 04 42 00 / OmniClass 23-13 31 21 | Spec: Stone Type/Source: ___ | Thickness: ___ | Panel Size: ___ | Finish: ___ | Fixing System: ___ | Anchor Material: ___ | Subframe: ___ | Design Load: ___ | Water Absorption: ___ | Standard: ___ | Remarks: Pattern-based master item; verify project classification, structural design, local code, tested system, manufacturer data and consultant requirements.",,m²,,,,,,,
FACADE-15092,construction,Stone Cladding,Quartzite Cladding - Rainscreen - 20 mm - Polished,"Supply and install 20 mm polished quartzite façade cladding using rainscreen system, including panels, anchors or adhesive, subframe, restraints, joints, flashings, sealants and protection. | Code Ref: 04 42 00 / OmniClass 23-13 31 21 | Spec: Stone Type/Source: ___ | Thickness: ___ | Panel Size: ___ | Finish: ___ | Fixing System: ___ | Anchor Material: ___ | Subframe: ___ | Design Load: ___ | Water Absorption: ___ | Standard: ___ | Remarks: Pattern-based master item; verify project classification, structural design, local code, tested system, manufacturer data and consultant requirements.",,m²,,,,,,,
FACADE-15093,construction,Stone Cladding,Quartzite Cladding - Rainscreen - 20 mm - Sandblasted,"Supply and install 20 mm sandblasted quartzite façade cladding using rainscreen system, including panels, anchors or adhesive, subframe, restraints, joints, flashings, sealants and protection. | Code Ref: 04 42 00 / OmniClass 23-13 31 21 | Spec: Stone Type/Source: ___ | Thickness: ___ | Panel Size: ___ | Finish: ___ | Fixing System: ___ | Anchor Material: ___ | Subframe: ___ | Design Load: ___ | Water Absorption: ___ | Standard: ___ | Remarks: Pattern-based master item; verify project classification, structural design, local code, tested system, manufacturer data and consultant requirements.",,m²,,,,,,,
FACADE-15094,construction,Stone Cladding,Quartzite Cladding - Rainscreen - 25 mm - Bush-Hammered,"Supply and install 25 mm bush-hammered quartzite façade cladding using rainscreen system, including panels, anchors or adhesive, subframe, restraints, joints, flashings, sealants and protection. | Code Ref: 04 42 00 / OmniClass 23-13 31 21 | Spec: Stone Type/Source: ___ | Thickness: ___ | Panel Size: ___ | Finish: ___ | Fixing System: ___ | Anchor Material: ___ | Subframe: ___ | Design Load: ___ | Water Absorption: ___ | Standard: ___ | Remarks: Pattern-based master item; verify project classification, structural design, local code, tested system, manufacturer data and consultant requirements.",,m²,,,,,,,
FACADE-15095,construction,Stone Cladding,Quartzite Cladding - Rainscreen - 25 mm - Flamed,"Supply and install 25 mm flamed quartzite façade cladding using rainscreen system, including panels, anchors or adhesive, subframe, restraints, joints, flashings, sealants and protection. | Code Ref: 04 42 00 / OmniClass 23-13 31 21 | Spec: Stone Type/Source: ___ | Thickness: ___ | Panel Size: ___ | Finish: ___ | Fixing System: ___ | Anchor Material: ___ | Subframe: ___ | Design Load: ___ | Water Absorption: ___ | Standard: ___ | Remarks: Pattern-based master item; verify project classification, structural design, local code, tested system, manufacturer data and consultant requirements.",,m²,,,,,,,
FACADE-15096,construction,Stone Cladding,Quartzite Cladding - Rainscreen - 25 mm - Honed,"Supply and install 25 mm honed quartzite façade cladding using rainscreen system, including panels, anchors or adhesive, subframe, restraints, joints, flashings, sealants and protection. | Code Ref: 04 42 00 / OmniClass 23-13 31 21 | Spec: Stone Type/Source: ___ | Thickness: ___ | Panel Size: ___ | Finish: ___ | Fixing System: ___ | Anchor Material: ___ | Subframe: ___ | Design Load: ___ | Water Absorption: ___ | Standard: ___ | Remarks: Pattern-based master item; verify project classification, structural design, local code, tested system, manufacturer data and consultant requirements.",,m²,,,,,,,
FACADE-15097,construction,Stone Cladding,Quartzite Cladding - Rainscreen - 25 mm - Leathered,"Supply and install 25 mm leathered quartzite façade cladding using rainscreen system, including panels, anchors or adhesive, subframe, restraints, joints, flashings, sealants and protection. | Code Ref: 04 42 00 / OmniClass 23-13 31 21 | Spec: Stone Type/Source: ___ | Thickness: ___ | Panel Size: ___ | Finish: ___ | Fixing System: ___ | Anchor Material: ___ | Subframe: ___ | Design Load: ___ | Water Absorption: ___ | Standard: ___ | Remarks: Pattern-based master item; verify project classification, structural design, local code, tested system, manufacturer data and consultant requirements.",,m²,,,,,,,
FACADE-15098,construction,Stone Cladding,Quartzite Cladding - Rainscreen - 25 mm - Natural Split,"Supply and install 25 mm natural split quartzite façade cladding using rainscreen system, including panels, anchors or adhesive, subframe, restraints, joints, flashings, sealants and protection. | Code Ref: 04 42 00 / OmniClass 23-13 31 21 | Spec: Stone Type/Source: ___ | Thickness: ___ | Panel Size: ___ | Finish: ___ | Fixing System: ___ | Anchor Material: ___ | Subframe: ___ | Design Load: ___ | Water Absorption: ___ | Standard: ___ | Remarks: Pattern-based master item; verify project classification, structural design, local code, tested system, manufacturer data and consultant requirements.",,m²,,,,,,,
FACADE-15099,construction,Stone Cladding,Quartzite Cladding - Rainscreen - 25 mm - Polished,"Supply and install 25 mm polished quartzite façade cladding using rainscreen system, including panels, anchors or adhesive, subframe, restraints, joints, flashings, sealants and protection. | Code Ref: 04 42 00 / OmniClass 23-13 31 21 | Spec: Stone Type/Source: ___ | Thickness: ___ | Panel Size: ___ | Finish: ___ | Fixing System: ___ | Anchor Material: ___ | Subframe: ___ | Design Load: ___ | Water Absorption: ___ | Standard: ___ | Remarks: Pattern-based master item; verify project classification, structural design, local code, tested system, manufacturer data and consultant requirements.",,m²,,,,,,,
FACADE-15100,construction,Stone Cladding,Quartzite Cladding - Rainscreen - 25 mm - Sandblasted,"Supply and install 25 mm sandblasted quartzite façade cladding using rainscreen system, including panels, anchors or adhesive, subframe, restraints, joints, flashings, sealants and protection. | Code Ref: 04 42 00 / OmniClass 23-13 31 21 | Spec: Stone Type/Source: ___ | Thickness: ___ | Panel Size: ___ | Finish: ___ | Fixing System: ___ | Anchor Material: ___ | Subframe: ___ | Design Load: ___ | Water Absorption: ___ | Standard: ___ | Remarks: Pattern-based master item; verify project classification, structural design, local code, tested system, manufacturer data and consultant requirements.",,m²,,,,,,,
FACADE-15101,construction,Stone Cladding,Quartzite Cladding - Rainscreen - 30 mm - Bush-Hammered,"Supply and install 30 mm bush-hammered quartzite façade cladding using rainscreen system, including panels, anchors or adhesive, subframe, restraints, joints, flashings, sealants and protection. | Code Ref: 04 42 00 / OmniClass 23-13 31 21 | Spec: Stone Type/Source: ___ | Thickness: ___ | Panel Size: ___ | Finish: ___ | Fixing System: ___ | Anchor Material: ___ | Subframe: ___ | Design Load: ___ | Water Absorption: ___ | Standard: ___ | Remarks: Pattern-based master item; verify project classification, structural design, local code, tested system, manufacturer data and consultant requirements.",,m²,,,,,,,
FACADE-15102,construction,Stone Cladding,Quartzite Cladding - Rainscreen - 30 mm - Flamed,"Supply and install 30 mm flamed quartzite façade cladding using rainscreen system, including panels, anchors or adhesive, subframe, restraints, joints, flashings, sealants and protection. | Code Ref: 04 42 00 / OmniClass 23-13 31 21 | Spec: Stone Type/Source: ___ | Thickness: ___ | Panel Size: ___ | Finish: ___ | Fixing System: ___ | Anchor Material: ___ | Subframe: ___ | Design Load: ___ | Water Absorption: ___ | Standard: ___ | Remarks: Pattern-based master item; verify project classification, structural design, local code, tested system, manufacturer data and consultant requirements.",,m²,,,,,,,
FACADE-15103,construction,Stone Cladding,Quartzite Cladding - Rainscreen - 30 mm - Honed,"Supply and install 30 mm honed quartzite façade cladding using rainscreen system, including panels, anchors or adhesive, subframe, restraints, joints, flashings, sealants and protection. | Code Ref: 04 42 00 / OmniClass 23-13 31 21 | Spec: Stone Type/Source: ___ | Thickness: ___ | Panel Size: ___ | Finish: ___ | Fixing System: ___ | Anchor Material: ___ | Subframe: ___ | Design Load: ___ | Water Absorption: ___ | Standard: ___ | Remarks: Pattern-based master item; verify project classification, structural design, local code, tested system, manufacturer data and consultant requirements.",,m²,,,,,,,
FACADE-15104,construction,Stone Cladding,Quartzite Cladding - Rainscreen - 30 mm - Leathered,"Supply and install 30 mm leathered quartzite façade cladding using rainscreen system, including panels, anchors or adhesive, subframe, restraints, joints, flashings, sealants and protection. | Code Ref: 04 42 00 / OmniClass 23-13 31 21 | Spec: Stone Type/Source: ___ | Thickness: ___ | Panel Size: ___ | Finish: ___ | Fixing System: ___ | Anchor Material: ___ | Subframe: ___ | Design Load: ___ | Water Absorption: ___ | Standard: ___ | Remarks: Pattern-based master item; verify project classification, structural design, local code, tested system, manufacturer data and consultant requirements.",,m²,,,,,,,
FACADE-15105,construction,Stone Cladding,Quartzite Cladding - Rainscreen - 30 mm - Natural Split,"Supply and install 30 mm natural split quartzite façade cladding using rainscreen system, including panels, anchors or adhesive, subframe, restraints, joints, flashings, sealants and protection. | Code Ref: 04 42 00 / OmniClass 23-13 31 21 | Spec: Stone Type/Source: ___ | Thickness: ___ | Panel Size: ___ | Finish: ___ | Fixing System: ___ | Anchor Material: ___ | Subframe: ___ | Design Load: ___ | Water Absorption: ___ | Standard: ___ | Remarks: Pattern-based master item; verify project classification, structural design, local code, tested system, manufacturer data and consultant requirements.",,m²,,,,,,,
FACADE-15106,construction,Stone Cladding,Quartzite Cladding - Rainscreen - 30 mm - Polished,"Supply and install 30 mm polished quartzite façade cladding using rainscreen system, including panels, anchors or adhesive, subframe, restraints, joints, flashings, sealants and protection. | Code Ref: 04 42 00 / OmniClass 23-13 31 21 | Spec: Stone Type/Source: ___ | Thickness: ___ | Panel Size: ___ | Finish: ___ | Fixing System: ___ | Anchor Material: ___ | Subframe: ___ | Design Load: ___ | Water Absorption: ___ | Standard: ___ | Remarks: Pattern-based master item; verify project classification, structural design, local code, tested system, manufacturer data and consultant requirements.",,m²,,,,,,,
FACADE-15107,construction,Stone Cladding,Quartzite Cladding - Rainscreen - 30 mm - Sandblasted,"Supply and install 30 mm sandblasted quartzite façade cladding using rainscreen system, including panels, anchors or adhesive, subframe, restraints, joints, flashings, sealants and protection. | Code Ref: 04 42 00 / OmniClass 23-13 31 21 | Spec: Stone Type/Source: ___ | Thickness: ___ | Panel Size: ___ | Finish: ___ | Fixing System: ___ | Anchor Material: ___ | Subframe: ___ | Design Load: ___ | Water Absorption: ___ | Standard: ___ | Remarks: Pattern-based master item; verify project classification, structural design, local code, tested system, manufacturer data and consultant requirements.",,m²,,,,,,,
FACADE-15108,construction,Stone Cladding,Quartzite Cladding - Rainscreen - 40 mm - Bush-Hammered,"Supply and install 40 mm bush-hammered quartzite façade cladding using rainscreen system, including panels, anchors or adhesive, subframe, restraints, joints, flashings, sealants and protection. | Code Ref: 04 42 00 / OmniClass 23-13 31 21 | Spec: Stone Type/Source: ___ | Thickness: ___ | Panel Size: ___ | Finish: ___ | Fixing System: ___ | Anchor Material: ___ | Subframe: ___ | Design Load: ___ | Water Absorption: ___ | Standard: ___ | Remarks: Pattern-based master item; verify project classification, structural design, local code, tested system, manufacturer data and consultant requirements.",,m²,,,,,,,
FACADE-15109,construction,Stone Cladding,Quartzite Cladding - Rainscreen - 40 mm - Flamed,"Supply and install 40 mm flamed quartzite façade cladding using rainscreen system, including panels, anchors or adhesive, subframe, restraints, joints, flashings, sealants and protection. | Code Ref: 04 42 00 / OmniClass 23-13 31 21 | Spec: Stone Type/Source: ___ | Thickness: ___ | Panel Size: ___ | Finish: ___ | Fixing System: ___ | Anchor Material: ___ | Subframe: ___ | Design Load: ___ | Water Absorption: ___ | Standard: ___ | Remarks: Pattern-based master item; verify project classification, structural design, local code, tested system, manufacturer data and consultant requirements.",,m²,,,,,,,
FACADE-15110,construction,Stone Cladding,Quartzite Cladding - Rainscreen - 40 mm - Honed,"Supply and install 40 mm honed quartzite façade cladding using rainscreen system, including panels, anchors or adhesive, subframe, restraints, joints, flashings, sealants and protection. | Code Ref: 04 42 00 / OmniClass 23-13 31 21 | Spec: Stone Type/Source: ___ | Thickness: ___ | Panel Size: ___ | Finish: ___ | Fixing System: ___ | Anchor Material: ___ | Subframe: ___ | Design Load: ___ | Water Absorption: ___ | Standard: ___ | Remarks: Pattern-based master item; verify project classification, structural design, local code, tested system, manufacturer data and consultant requirements.",,m²,,,,,,,
FACADE-15111,construction,Stone Cladding,Quartzite Cladding - Rainscreen - 40 mm - Leathered,"Supply and install 40 mm leathered quartzite façade cladding using rainscreen system, including panels, anchors or adhesive, subframe, restraints, joints, flashings, sealants and protection. | Code Ref: 04 42 00 / OmniClass 23-13 31 21 | Spec: Stone Type/Source: ___ | Thickness: ___ | Panel Size: ___ | Finish: ___ | Fixing System: ___ | Anchor Material: ___ | Subframe: ___ | Design Load: ___ | Water Absorption: ___ | Standard: ___ | Remarks: Pattern-based master item; verify project classification, structural design, local code, tested system, manufacturer data and consultant requirements.",,m²,,,,,,,
FACADE-15112,construction,Stone Cladding,Quartzite Cladding - Rainscreen - 40 mm - Natural Split,"Supply and install 40 mm natural split quartzite façade cladding using rainscreen system, including panels, anchors or adhesive, subframe, restraints, joints, flashings, sealants and protection. | Code Ref: 04 42 00 / OmniClass 23-13 31 21 | Spec: Stone Type/Source: ___ | Thickness: ___ | Panel Size: ___ | Finish: ___ | Fixing System: ___ | Anchor Material: ___ | Subframe: ___ | Design Load: ___ | Water Absorption: ___ | Standard: ___ | Remarks: Pattern-based master item; verify project classification, structural design, local code, tested system, manufacturer data and consultant requirements.",,m²,,,,,,,
FACADE-15113,construction,Stone Cladding,Quartzite Cladding - Rainscreen - 40 mm - Polished,"Supply and install 40 mm polished quartzite façade cladding using rainscreen system, including panels, anchors or adhesive, subframe, restraints, joints, flashings, sealants and protection. | Code Ref: 04 42 00 / OmniClass 23-13 31 21 | Spec: Stone Type/Source: ___ | Thickness: ___ | Panel Size: ___ | Finish: ___ | Fixing System: ___ | Anchor Material: ___ | Subframe: ___ | Design Load: ___ | Water Absorption: ___ | Standard: ___ | Remarks: Pattern-based master item; verify project classification, structural design, local code, tested system, manufacturer data and consultant requirements.",,m²,,,,,,,
FACADE-15114,construction,Stone Cladding,Quartzite Cladding - Rainscreen - 40 mm - Sandblasted,"Supply and install 40 mm sandblasted quartzite façade cladding using rainscreen system, including panels, anchors or adhesive, subframe, restraints, joints, flashings, sealants and protection. | Code Ref: 04 42 00 / OmniClass 23-13 31 21 | Spec: Stone Type/Source: ___ | Thickness: ___ | Panel Size: ___ | Finish: ___ | Fixing System: ___ | Anchor Material: ___ | Subframe: ___ | Design Load: ___ | Water Absorption: ___ | Standard: ___ | Remarks: Pattern-based master item; verify project classification, structural design, local code, tested system, manufacturer data and consultant requirements.",,m²,,,,,,,
FACADE-15115,construction,Stone Cladding,Quartzite Cladding - Rainscreen - 50 mm - Bush-Hammered,"Supply and install 50 mm bush-hammered quartzite façade cladding using rainscreen system, including panels, anchors or adhesive, subframe, restraints, joints, flashings, sealants and protection. | Code Ref: 04 42 00 / OmniClass 23-13 31 21 | Spec: Stone Type/Source: ___ | Thickness: ___ | Panel Size: ___ | Finish: ___ | Fixing System: ___ | Anchor Material: ___ | Subframe: ___ | Design Load: ___ | Water Absorption: ___ | Standard: ___ | Remarks: Pattern-based master item; verify project classification, structural design, local code, tested system, manufacturer data and consultant requirements.",,m²,,,,,,,
FACADE-15116,construction,Stone Cladding,Quartzite Cladding - Rainscreen - 50 mm - Flamed,"Supply and install 50 mm flamed quartzite façade cladding using rainscreen system, including panels, anchors or adhesive, subframe, restraints, joints, flashings, sealants and protection. | Code Ref: 04 42 00 / OmniClass 23-13 31 21 | Spec: Stone Type/Source: ___ | Thickness: ___ | Panel Size: ___ | Finish: ___ | Fixing System: ___ | Anchor Material: ___ | Subframe: ___ | Design Load: ___ | Water Absorption: ___ | Standard: ___ | Remarks: Pattern-based master item; verify project classification, structural design, local code, tested system, manufacturer data and consultant requirements.",,m²,,,,,,,
FACADE-15117,construction,Stone Cladding,Quartzite Cladding - Rainscreen - 50 mm - Honed,"Supply and install 50 mm honed quartzite façade cladding using rainscreen system, including panels, anchors or adhesive, subframe, restraints, joints, flashings, sealants and protection. | Code Ref: 04 42 00 / OmniClass 23-13 31 21 | Spec: Stone Type/Source: ___ | Thickness: ___ | Panel Size: ___ | Finish: ___ | Fixing System: ___ | Anchor Material: ___ | Subframe: ___ | Design Load: ___ | Water Absorption: ___ | Standard: ___ | Remarks: Pattern-based master item; verify project classification, structural design, local code, tested system, manufacturer data and consultant requirements.",,m²,,,,,,,
FACADE-15118,construction,Stone Cladding,Quartzite Cladding - Rainscreen - 50 mm - Leathered,"Supply and install 50 mm leathered quartzite façade cladding using rainscreen system, including panels, anchors or adhesive, subframe, restraints, joints, flashings, sealants and protection. | Code Ref: 04 42 00 / OmniClass 23-13 31 21 | Spec: Stone Type/Source: ___ | Thickness: ___ | Panel Size: ___ | Finish: ___ | Fixing System: ___ | Anchor Material: ___ | Subframe: ___ | Design Load: ___ | Water Absorption: ___ | Standard: ___ | Remarks: Pattern-based master item; verify project classification, structural design, local code, tested system, manufacturer data and consultant requirements.",,m²,,,,,,,
FACADE-15119,construction,Stone Cladding,Quartzite Cladding - Rainscreen - 50 mm - Natural Split,"Supply and install 50 mm natural split quartzite façade cladding using rainscreen system, including panels, anchors or adhesive, subframe, restraints, joints, flashings, sealants and protection. | Code Ref: 04 42 00 / OmniClass 23-13 31 21 | Spec: Stone Type/Source: ___ | Thickness: ___ | Panel Size: ___ | Finish: ___ | Fixing System: ___ | Anchor Material: ___ | Subframe: ___ | Design Load: ___ | Water Absorption: ___ | Standard: ___ | Remarks: Pattern-based master item; verify project classification, structural design, local code, tested system, manufacturer data and consultant requirements.",,m²,,,,,,,
FACADE-15120,construction,Stone Cladding,Quartzite Cladding - Rainscreen - 50 mm - Polished,"Supply and install 50 mm polished quartzite façade cladding using rainscreen system, including panels, anchors or adhesive, subframe, restraints, joints, flashings, sealants and protection. | Code Ref: 04 42 00 / OmniClass 23-13 31 21 | Spec: Stone Type/Source: ___ | Thickness: ___ | Panel Size: ___ | Finish: ___ | Fixing System: ___ | Anchor Material: ___ | Subframe: ___ | Design Load: ___ | Water Absorption: ___ | Standard: ___ | Remarks: Pattern-based master item; verify project classification, structural design, local code, tested system, manufacturer data and consultant requirements.",,m²,,,,,,,
FACADE-15121,construction,Stone Cladding,Quartzite Cladding - Rainscreen - 50 mm - Sandblasted,"Supply and install 50 mm sandblasted quartzite façade cladding using rainscreen system, including panels, anchors or adhesive, subframe, restraints, joints, flashings, sealants and protection. | Code Ref: 04 42 00 / OmniClass 23-13 31 21 | Spec: Stone Type/Source: ___ | Thickness: ___ | Panel Size: ___ | Finish: ___ | Fixing System: ___ | Anchor Material: ___ | Subframe: ___ | Design Load: ___ | Water Absorption: ___ | Standard: ___ | Remarks: Pattern-based master item; verify project classification, structural design, local code, tested system, manufacturer data and consultant requirements.",,m²,,,,,,,
FACADE-15122,construction,Stone Cladding,Quartzite Cladding - Undercut Anchor - 20 mm - Bush-Hammered,"Supply and install 20 mm bush-hammered quartzite façade cladding using undercut anchor system, including panels, anchors or adhesive, subframe, restraints, joints, flashings, sealants and protection. | Code Ref: 04 42 00 / OmniClass 23-13 31 21 | Spec: Stone Type/Source: ___ | Thickness: ___ | Panel Size: ___ | Finish: ___ | Fixing System: ___ | Anchor Material: ___ | Subframe: ___ | Design Load: ___ | Water Absorption: ___ | Standard: ___ | Remarks: Pattern-based master item; verify project classification, structural design, local code, tested system, manufacturer data and consultant requirements.",,m²,,,,,,,
FACADE-15123,construction,Stone Cladding,Quartzite Cladding - Undercut Anchor - 20 mm - Flamed,"Supply and install 20 mm flamed quartzite façade cladding using undercut anchor system, including panels, anchors or adhesive, subframe, restraints, joints, flashings, sealants and protection. | Code Ref: 04 42 00 / OmniClass 23-13 31 21 | Spec: Stone Type/Source: ___ | Thickness: ___ | Panel Size: ___ | Finish: ___ | Fixing System: ___ | Anchor Material: ___ | Subframe: ___ | Design Load: ___ | Water Absorption: ___ | Standard: ___ | Remarks: Pattern-based master item; verify project classification, structural design, local code, tested system, manufacturer data and consultant requirements.",,m²,,,,,,,
FACADE-15124,construction,Stone Cladding,Quartzite Cladding - Undercut Anchor - 20 mm - Honed,"Supply and install 20 mm honed quartzite façade cladding using undercut anchor system, including panels, anchors or adhesive, subframe, restraints, joints, flashings, sealants and protection. | Code Ref: 04 42 00 / OmniClass 23-13 31 21 | Spec: Stone Type/Source: ___ | Thickness: ___ | Panel Size: ___ | Finish: ___ | Fixing System: ___ | Anchor Material: ___ | Subframe: ___ | Design Load: ___ | Water Absorption: ___ | Standard: ___ | Remarks: Pattern-based master item; verify project classification, structural design, local code, tested system, manufacturer data and consultant requirements.",,m²,,,,,,,
FACADE-15125,construction,Stone Cladding,Quartzite Cladding - Undercut Anchor - 20 mm - Leathered,"Supply and install 20 mm leathered quartzite façade cladding using undercut anchor system, including panels, anchors or adhesive, subframe, restraints, joints, flashings, sealants and protection. | Code Ref: 04 42 00 / OmniClass 23-13 31 21 | Spec: Stone Type/Source: ___ | Thickness: ___ | Panel Size: ___ | Finish: ___ | Fixing System: ___ | Anchor Material: ___ | Subframe: ___ | Design Load: ___ | Water Absorption: ___ | Standard: ___ | Remarks: Pattern-based master item; verify project classification, structural design, local code, tested system, manufacturer data and consultant requirements.",,m²,,,,,,,
FACADE-15126,construction,Stone Cladding,Quartzite Cladding - Undercut Anchor - 20 mm - Natural Split,"Supply and install 20 mm natural split quartzite façade cladding using undercut anchor system, including panels, anchors or adhesive, subframe, restraints, joints, flashings, sealants and protection. | Code Ref: 04 42 00 / OmniClass 23-13 31 21 | Spec: Stone Type/Source: ___ | Thickness: ___ | Panel Size: ___ | Finish: ___ | Fixing System: ___ | Anchor Material: ___ | Subframe: ___ | Design Load: ___ | Water Absorption: ___ | Standard: ___ | Remarks: Pattern-based master item; verify project classification, structural design, local code, tested system, manufacturer data and consultant requirements.",,m²,,,,,,,
FACADE-15127,construction,Stone Cladding,Quartzite Cladding - Undercut Anchor - 20 mm - Polished,"Supply and install 20 mm polished quartzite façade cladding using undercut anchor system, including panels, anchors or adhesive, subframe, restraints, joints, flashings, sealants and protection. | Code Ref: 04 42 00 / OmniClass 23-13 31 21 | Spec: Stone Type/Source: ___ | Thickness: ___ | Panel Size: ___ | Finish: ___ | Fixing System: ___ | Anchor Material: ___ | Subframe: ___ | Design Load: ___ | Water Absorption: ___ | Standard: ___ | Remarks: Pattern-based master item; verify project classification, structural design, local code, tested system, manufacturer data and consultant requirements.",,m²,,,,,,,
FACADE-15128,construction,Stone Cladding,Quartzite Cladding - Undercut Anchor - 20 mm - Sandblasted,"Supply and install 20 mm sandblasted quartzite façade cladding using undercut anchor system, including panels, anchors or adhesive, subframe, restraints, joints, flashings, sealants and protection. | Code Ref: 04 42 00 / OmniClass 23-13 31 21 | Spec: Stone Type/Source: ___ | Thickness: ___ | Panel Size: ___ | Finish: ___ | Fixing System: ___ | Anchor Material: ___ | Subframe: ___ | Design Load: ___ | Water Absorption: ___ | Standard: ___ | Remarks: Pattern-based master item; verify project classification, structural design, local code, tested system, manufacturer data and consultant requirements.",,m²,,,,,,,
FACADE-15129,construction,Stone Cladding,Quartzite Cladding - Undercut Anchor - 25 mm - Bush-Hammered,"Supply and install 25 mm bush-hammered quartzite façade cladding using undercut anchor system, including panels, anchors or adhesive, subframe, restraints, joints, flashings, sealants and protection. | Code Ref: 04 42 00 / OmniClass 23-13 31 21 | Spec: Stone Type/Source: ___ | Thickness: ___ | Panel Size: ___ | Finish: ___ | Fixing System: ___ | Anchor Material: ___ | Subframe: ___ | Design Load: ___ | Water Absorption: ___ | Standard: ___ | Remarks: Pattern-based master item; verify project classification, structural design, local code, tested system, manufacturer data and consultant requirements.",,m²,,,,,,,
FACADE-15130,construction,Stone Cladding,Quartzite Cladding - Undercut Anchor - 25 mm - Flamed,"Supply and install 25 mm flamed quartzite façade cladding using undercut anchor system, including panels, anchors or adhesive, subframe, restraints, joints, flashings, sealants and protection. | Code Ref: 04 42 00 / OmniClass 23-13 31 21 | Spec: Stone Type/Source: ___ | Thickness: ___ | Panel Size: ___ | Finish: ___ | Fixing System: ___ | Anchor Material: ___ | Subframe: ___ | Design Load: ___ | Water Absorption: ___ | Standard: ___ | Remarks: Pattern-based master item; verify project classification, structural design, local code, tested system, manufacturer data and consultant requirements.",,m²,,,,,,,
FACADE-15131,construction,Stone Cladding,Quartzite Cladding - Undercut Anchor - 25 mm - Honed,"Supply and install 25 mm honed quartzite façade cladding using undercut anchor system, including panels, anchors or adhesive, subframe, restraints, joints, flashings, sealants and protection. | Code Ref: 04 42 00 / OmniClass 23-13 31 21 | Spec: Stone Type/Source: ___ | Thickness: ___ | Panel Size: ___ | Finish: ___ | Fixing System: ___ | Anchor Material: ___ | Subframe: ___ | Design Load: ___ | Water Absorption: ___ | Standard: ___ | Remarks: Pattern-based master item; verify project classification, structural design, local code, tested system, manufacturer data and consultant requirements.",,m²,,,,,,,
FACADE-15132,construction,Stone Cladding,Quartzite Cladding - Undercut Anchor - 25 mm - Leathered,"Supply and install 25 mm leathered quartzite façade cladding using undercut anchor system, including panels, anchors or adhesive, subframe, restraints, joints, flashings, sealants and protection. | Code Ref: 04 42 00 / OmniClass 23-13 31 21 | Spec: Stone Type/Source: ___ | Thickness: ___ | Panel Size: ___ | Finish: ___ | Fixing System: ___ | Anchor Material: ___ | Subframe: ___ | Design Load: ___ | Water Absorption: ___ | Standard: ___ | Remarks: Pattern-based master item; verify project classification, structural design, local code, tested system, manufacturer data and consultant requirements.",,m²,,,,,,,
FACADE-15133,construction,Stone Cladding,Quartzite Cladding - Undercut Anchor - 25 mm - Natural Split,"Supply and install 25 mm natural split quartzite façade cladding using undercut anchor system, including panels, anchors or adhesive, subframe, restraints, joints, flashings, sealants and protection. | Code Ref: 04 42 00 / OmniClass 23-13 31 21 | Spec: Stone Type/Source: ___ | Thickness: ___ | Panel Size: ___ | Finish: ___ | Fixing System: ___ | Anchor Material: ___ | Subframe: ___ | Design Load: ___ | Water Absorption: ___ | Standard: ___ | Remarks: Pattern-based master item; verify project classification, structural design, local code, tested system, manufacturer data and consultant requirements.",,m²,,,,,,,
FACADE-15134,construction,Stone Cladding,Quartzite Cladding - Undercut Anchor - 25 mm - Polished,"Supply and install 25 mm polished quartzite façade cladding using undercut anchor system, including panels, anchors or adhesive, subframe, restraints, joints, flashings, sealants and protection. | Code Ref: 04 42 00 / OmniClass 23-13 31 21 | Spec: Stone Type/Source: ___ | Thickness: ___ | Panel Size: ___ | Finish: ___ | Fixing System: ___ | Anchor Material: ___ | Subframe: ___ | Design Load: ___ | Water Absorption: ___ | Standard: ___ | Remarks: Pattern-based master item; verify project classification, structural design, local code, tested system, manufacturer data and consultant requirements.",,m²,,,,,,,
FACADE-15135,construction,Stone Cladding,Quartzite Cladding - Undercut Anchor - 25 mm - Sandblasted,"Supply and install 25 mm sandblasted quartzite façade cladding using undercut anchor system, including panels, anchors or adhesive, subframe, restraints, joints, flashings, sealants and protection. | Code Ref: 04 42 00 / OmniClass 23-13 31 21 | Spec: Stone Type/Source: ___ | Thickness: ___ | Panel Size: ___ | Finish: ___ | Fixing System: ___ | Anchor Material: ___ | Subframe: ___ | Design Load: ___ | Water Absorption: ___ | Standard: ___ | Remarks: Pattern-based master item; verify project classification, structural design, local code, tested system, manufacturer data and consultant requirements.",,m²,,,,,,,
FACADE-15136,construction,Stone Cladding,Quartzite Cladding - Undercut Anchor - 30 mm - Bush-Hammered,"Supply and install 30 mm bush-hammered quartzite façade cladding using undercut anchor system, including panels, anchors or adhesive, subframe, restraints, joints, flashings, sealants and protection. | Code Ref: 04 42 00 / OmniClass 23-13 31 21 | Spec: Stone Type/Source: ___ | Thickness: ___ | Panel Size: ___ | Finish: ___ | Fixing System: ___ | Anchor Material: ___ | Subframe: ___ | Design Load: ___ | Water Absorption: ___ | Standard: ___ | Remarks: Pattern-based master item; verify project classification, structural design, local code, tested system, manufacturer data and consultant requirements.",,m²,,,,,,,
FACADE-15137,construction,Stone Cladding,Quartzite Cladding - Undercut Anchor - 30 mm - Flamed,"Supply and install 30 mm flamed quartzite façade cladding using undercut anchor system, including panels, anchors or adhesive, subframe, restraints, joints, flashings, sealants and protection. | Code Ref: 04 42 00 / OmniClass 23-13 31 21 | Spec: Stone Type/Source: ___ | Thickness: ___ | Panel Size: ___ | Finish: ___ | Fixing System: ___ | Anchor Material: ___ | Subframe: ___ | Design Load: ___ | Water Absorption: ___ | Standard: ___ | Remarks: Pattern-based master item; verify project classification, structural design, local code, tested system, manufacturer data and consultant requirements.",,m²,,,,,,,
FACADE-15138,construction,Stone Cladding,Quartzite Cladding - Undercut Anchor - 30 mm - Honed,"Supply and install 30 mm honed quartzite façade cladding using undercut anchor system, including panels, anchors or adhesive, subframe, restraints, joints, flashings, sealants and protection. | Code Ref: 04 42 00 / OmniClass 23-13 31 21 | Spec: Stone Type/Source: ___ | Thickness: ___ | Panel Size: ___ | Finish: ___ | Fixing System: ___ | Anchor Material: ___ | Subframe: ___ | Design Load: ___ | Water Absorption: ___ | Standard: ___ | Remarks: Pattern-based master item; verify project classification, structural design, local code, tested system, manufacturer data and consultant requirements.",,m²,,,,,,,
FACADE-15139,construction,Stone Cladding,Quartzite Cladding - Undercut Anchor - 30 mm - Leathered,"Supply and install 30 mm leathered quartzite façade cladding using undercut anchor system, including panels, anchors or adhesive, subframe, restraints, joints, flashings, sealants and protection. | Code Ref: 04 42 00 / OmniClass 23-13 31 21 | Spec: Stone Type/Source: ___ | Thickness: ___ | Panel Size: ___ | Finish: ___ | Fixing System: ___ | Anchor Material: ___ | Subframe: ___ | Design Load: ___ | Water Absorption: ___ | Standard: ___ | Remarks: Pattern-based master item; verify project classification, structural design, local code, tested system, manufacturer data and consultant requirements.",,m²,,,,,,,
FACADE-15140,construction,Stone Cladding,Quartzite Cladding - Undercut Anchor - 30 mm - Natural Split,"Supply and install 30 mm natural split quartzite façade cladding using undercut anchor system, including panels, anchors or adhesive, subframe, restraints, joints, flashings, sealants and protection. | Code Ref: 04 42 00 / OmniClass 23-13 31 21 | Spec: Stone Type/Source: ___ | Thickness: ___ | Panel Size: ___ | Finish: ___ | Fixing System: ___ | Anchor Material: ___ | Subframe: ___ | Design Load: ___ | Water Absorption: ___ | Standard: ___ | Remarks: Pattern-based master item; verify project classification, structural design, local code, tested system, manufacturer data and consultant requirements.",,m²,,,,,,,
FACADE-15141,construction,Stone Cladding,Quartzite Cladding - Undercut Anchor - 30 mm - Polished,"Supply and install 30 mm polished quartzite façade cladding using undercut anchor system, including panels, anchors or adhesive, subframe, restraints, joints, flashings, sealants and protection. | Code Ref: 04 42 00 / OmniClass 23-13 31 21 | Spec: Stone Type/Source: ___ | Thickness: ___ | Panel Size: ___ | Finish: ___ | Fixing System: ___ | Anchor Material: ___ | Subframe: ___ | Design Load: ___ | Water Absorption: ___ | Standard: ___ | Remarks: Pattern-based master item; verify project classification, structural design, local code, tested system, manufacturer data and consultant requirements.",,m²,,,,,,,
FACADE-15142,construction,Stone Cladding,Quartzite Cladding - Undercut Anchor - 30 mm - Sandblasted,"Supply and install 30 mm sandblasted quartzite façade cladding using undercut anchor system, including panels, anchors or adhesive, subframe, restraints, joints, flashings, sealants and protection. | Code Ref: 04 42 00 / OmniClass 23-13 31 21 | Spec: Stone Type/Source: ___ | Thickness: ___ | Panel Size: ___ | Finish: ___ | Fixing System: ___ | Anchor Material: ___ | Subframe: ___ | Design Load: ___ | Water Absorption: ___ | Standard: ___ | Remarks: Pattern-based master item; verify project classification, structural design, local code, tested system, manufacturer data and consultant requirements.",,m²,,,,,,,
FACADE-15143,construction,Stone Cladding,Quartzite Cladding - Undercut Anchor - 40 mm - Bush-Hammered,"Supply and install 40 mm bush-hammered quartzite façade cladding using undercut anchor system, including panels, anchors or adhesive, subframe, restraints, joints, flashings, sealants and protection. | Code Ref: 04 42 00 / OmniClass 23-13 31 21 | Spec: Stone Type/Source: ___ | Thickness: ___ | Panel Size: ___ | Finish: ___ | Fixing System: ___ | Anchor Material: ___ | Subframe: ___ | Design Load: ___ | Water Absorption: ___ | Standard: ___ | Remarks: Pattern-based master item; verify project classification, structural design, local code, tested system, manufacturer data and consultant requirements.",,m²,,,,,,,
FACADE-15144,construction,Stone Cladding,Quartzite Cladding - Undercut Anchor - 40 mm - Flamed,"Supply and install 40 mm flamed quartzite façade cladding using undercut anchor system, including panels, anchors or adhesive, subframe, restraints, joints, flashings, sealants and protection. | Code Ref: 04 42 00 / OmniClass 23-13 31 21 | Spec: Stone Type/Source: ___ | Thickness: ___ | Panel Size: ___ | Finish: ___ | Fixing System: ___ | Anchor Material: ___ | Subframe: ___ | Design Load: ___ | Water Absorption: ___ | Standard: ___ | Remarks: Pattern-based master item; verify project classification, structural design, local code, tested system, manufacturer data and consultant requirements.",,m²,,,,,,,
FACADE-15145,construction,Stone Cladding,Quartzite Cladding - Undercut Anchor - 40 mm - Honed,"Supply and install 40 mm honed quartzite façade cladding using undercut anchor system, including panels, anchors or adhesive, subframe, restraints, joints, flashings, sealants and protection. | Code Ref: 04 42 00 / OmniClass 23-13 31 21 | Spec: Stone Type/Source: ___ | Thickness: ___ | Panel Size: ___ | Finish: ___ | Fixing System: ___ | Anchor Material: ___ | Subframe: ___ | Design Load: ___ | Water Absorption: ___ | Standard: ___ | Remarks: Pattern-based master item; verify project classification, structural design, local code, tested system, manufacturer data and consultant requirements.",,m²,,,,,,,
FACADE-15146,construction,Stone Cladding,Quartzite Cladding - Undercut Anchor - 40 mm - Leathered,"Supply and install 40 mm leathered quartzite façade cladding using undercut anchor system, including panels, anchors or adhesive, subframe, restraints, joints, flashings, sealants and protection. | Code Ref: 04 42 00 / OmniClass 23-13 31 21 | Spec: Stone Type/Source: ___ | Thickness: ___ | Panel Size: ___ | Finish: ___ | Fixing System: ___ | Anchor Material: ___ | Subframe: ___ | Design Load: ___ | Water Absorption: ___ | Standard: ___ | Remarks: Pattern-based master item; verify project classification, structural design, local code, tested system, manufacturer data and consultant requirements.",,m²,,,,,,,
FACADE-15147,construction,Stone Cladding,Quartzite Cladding - Undercut Anchor - 40 mm - Natural Split,"Supply and install 40 mm natural split quartzite façade cladding using undercut anchor system, including panels, anchors or adhesive, subframe, restraints, joints, flashings, sealants and protection. | Code Ref: 04 42 00 / OmniClass 23-13 31 21 | Spec: Stone Type/Source: ___ | Thickness: ___ | Panel Size: ___ | Finish: ___ | Fixing System: ___ | Anchor Material: ___ | Subframe: ___ | Design Load: ___ | Water Absorption: ___ | Standard: ___ | Remarks: Pattern-based master item; verify project classification, structural design, local code, tested system, manufacturer data and consultant requirements.",,m²,,,,,,,
FACADE-15148,construction,Stone Cladding,Quartzite Cladding - Undercut Anchor - 40 mm - Polished,"Supply and install 40 mm polished quartzite façade cladding using undercut anchor system, including panels, anchors or adhesive, subframe, restraints, joints, flashings, sealants and protection. | Code Ref: 04 42 00 / OmniClass 23-13 31 21 | Spec: Stone Type/Source: ___ | Thickness: ___ | Panel Size: ___ | Finish: ___ | Fixing System: ___ | Anchor Material: ___ | Subframe: ___ | Design Load: ___ | Water Absorption: ___ | Standard: ___ | Remarks: Pattern-based master item; verify project classification, structural design, local code, tested system, manufacturer data and consultant requirements.",,m²,,,,,,,
FACADE-15149,construction,Stone Cladding,Quartzite Cladding - Undercut Anchor - 40 mm - Sandblasted,"Supply and install 40 mm sandblasted quartzite façade cladding using undercut anchor system, including panels, anchors or adhesive, subframe, restraints, joints, flashings, sealants and protection. | Code Ref: 04 42 00 / OmniClass 23-13 31 21 | Spec: Stone Type/Source: ___ | Thickness: ___ | Panel Size: ___ | Finish: ___ | Fixing System: ___ | Anchor Material: ___ | Subframe: ___ | Design Load: ___ | Water Absorption: ___ | Standard: ___ | Remarks: Pattern-based master item; verify project classification, structural design, local code, tested system, manufacturer data and consultant requirements.",,m²,,,,,,,
FACADE-15150,construction,Stone Cladding,Quartzite Cladding - Undercut Anchor - 50 mm - Bush-Hammered,"Supply and install 50 mm bush-hammered quartzite façade cladding using undercut anchor system, including panels, anchors or adhesive, subframe, restraints, joints, flashings, sealants and protection. | Code Ref: 04 42 00 / OmniClass 23-13 31 21 | Spec: Stone Type/Source: ___ | Thickness: ___ | Panel Size: ___ | Finish: ___ | Fixing System: ___ | Anchor Material: ___ | Subframe: ___ | Design Load: ___ | Water Absorption: ___ | Standard: ___ | Remarks: Pattern-based master item; verify project classification, structural design, local code, tested system, manufacturer data and consultant requirements.",,m²,,,,,,,
FACADE-15151,construction,Stone Cladding,Quartzite Cladding - Undercut Anchor - 50 mm - Flamed,"Supply and install 50 mm flamed quartzite façade cladding using undercut anchor system, including panels, anchors or adhesive, subframe, restraints, joints, flashings, sealants and protection. | Code Ref: 04 42 00 / OmniClass 23-13 31 21 | Spec: Stone Type/Source: ___ | Thickness: ___ | Panel Size: ___ | Finish: ___ | Fixing System: ___ | Anchor Material: ___ | Subframe: ___ | Design Load: ___ | Water Absorption: ___ | Standard: ___ | Remarks: Pattern-based master item; verify project classification, structural design, local code, tested system, manufacturer data and consultant requirements.",,m²,,,,,,,
FACADE-15152,construction,Stone Cladding,Quartzite Cladding - Undercut Anchor - 50 mm - Honed,"Supply and install 50 mm honed quartzite façade cladding using undercut anchor system, including panels, anchors or adhesive, subframe, restraints, joints, flashings, sealants and protection. | Code Ref: 04 42 00 / OmniClass 23-13 31 21 | Spec: Stone Type/Source: ___ | Thickness: ___ | Panel Size: ___ | Finish: ___ | Fixing System: ___ | Anchor Material: ___ | Subframe: ___ | Design Load: ___ | Water Absorption: ___ | Standard: ___ | Remarks: Pattern-based master item; verify project classification, structural design, local code, tested system, manufacturer data and consultant requirements.",,m²,,,,,,,
FACADE-15153,construction,Stone Cladding,Quartzite Cladding - Undercut Anchor - 50 mm - Leathered,"Supply and install 50 mm leathered quartzite façade cladding using undercut anchor system, including panels, anchors or adhesive, subframe, restraints, joints, flashings, sealants and protection. | Code Ref: 04 42 00 / OmniClass 23-13 31 21 | Spec: Stone Type/Source: ___ | Thickness: ___ | Panel Size: ___ | Finish: ___ | Fixing System: ___ | Anchor Material: ___ | Subframe: ___ | Design Load: ___ | Water Absorption: ___ | Standard: ___ | Remarks: Pattern-based master item; verify project classification, structural design, local code, tested system, manufacturer data and consultant requirements.",,m²,,,,,,,
FACADE-15154,construction,Stone Cladding,Quartzite Cladding - Undercut Anchor - 50 mm - Natural Split,"Supply and install 50 mm natural split quartzite façade cladding using undercut anchor system, including panels, anchors or adhesive, subframe, restraints, joints, flashings, sealants and protection. | Code Ref: 04 42 00 / OmniClass 23-13 31 21 | Spec: Stone Type/Source: ___ | Thickness: ___ | Panel Size: ___ | Finish: ___ | Fixing System: ___ | Anchor Material: ___ | Subframe: ___ | Design Load: ___ | Water Absorption: ___ | Standard: ___ | Remarks: Pattern-based master item; verify project classification, structural design, local code, tested system, manufacturer data and consultant requirements.",,m²,,,,,,,
FACADE-15155,construction,Stone Cladding,Quartzite Cladding - Undercut Anchor - 50 mm - Polished,"Supply and install 50 mm polished quartzite façade cladding using undercut anchor system, including panels, anchors or adhesive, subframe, restraints, joints, flashings, sealants and protection. | Code Ref: 04 42 00 / OmniClass 23-13 31 21 | Spec: Stone Type/Source: ___ | Thickness: ___ | Panel Size: ___ | Finish: ___ | Fixing System: ___ | Anchor Material: ___ | Subframe: ___ | Design Load: ___ | Water Absorption: ___ | Standard: ___ | Remarks: Pattern-based master item; verify project classification, structural design, local code, tested system, manufacturer data and consultant requirements.",,m²,,,,,,,
FACADE-15156,construction,Stone Cladding,Quartzite Cladding - Undercut Anchor - 50 mm - Sandblasted,"Supply and install 50 mm sandblasted quartzite façade cladding using undercut anchor system, including panels, anchors or adhesive, subframe, restraints, joints, flashings, sealants and protection. | Code Ref: 04 42 00 / OmniClass 23-13 31 21 | Spec: Stone Type/Source: ___ | Thickness: ___ | Panel Size: ___ | Finish: ___ | Fixing System: ___ | Anchor Material: ___ | Subframe: ___ | Design Load: ___ | Water Absorption: ___ | Standard: ___ | Remarks: Pattern-based master item; verify project classification, structural design, local code, tested system, manufacturer data and consultant requirements.",,m²,,,,,,,
FACADE-15157,construction,Stone Cladding,Sandstone Cladding - Adhesive-Fixed - 20 mm - Bush-Hammered,"Supply and install 20 mm bush-hammered sandstone façade cladding using adhesive-fixed system, including panels, anchors or adhesive, subframe, restraints, joints, flashings, sealants and protection. | Code Ref: 04 42 00 / OmniClass 23-13 31 21 | Spec: Stone Type/Source: ___ | Thickness: ___ | Panel Size: ___ | Finish: ___ | Fixing System: ___ | Anchor Material: ___ | Subframe: ___ | Design Load: ___ | Water Absorption: ___ | Standard: ___ | Remarks: Pattern-based master item; verify project classification, structural design, local code, tested system, manufacturer data and consultant requirements.",,m²,,,,,,,
FACADE-15158,construction,Stone Cladding,Sandstone Cladding - Adhesive-Fixed - 20 mm - Flamed,"Supply and install 20 mm flamed sandstone façade cladding using adhesive-fixed system, including panels, anchors or adhesive, subframe, restraints, joints, flashings, sealants and protection. | Code Ref: 04 42 00 / OmniClass 23-13 31 21 | Spec: Stone Type/Source: ___ | Thickness: ___ | Panel Size: ___ | Finish: ___ | Fixing System: ___ | Anchor Material: ___ | Subframe: ___ | Design Load: ___ | Water Absorption: ___ | Standard: ___ | Remarks: Pattern-based master item; verify project classification, structural design, local code, tested system, manufacturer data and consultant requirements.",,m²,,,,,,,
FACADE-15159,construction,Stone Cladding,Sandstone Cladding - Adhesive-Fixed - 20 mm - Honed,"Supply and install 20 mm honed sandstone façade cladding using adhesive-fixed system, including panels, anchors or adhesive, subframe, restraints, joints, flashings, sealants and protection. | Code Ref: 04 42 00 / OmniClass 23-13 31 21 | Spec: Stone Type/Source: ___ | Thickness: ___ | Panel Size: ___ | Finish: ___ | Fixing System: ___ | Anchor Material: ___ | Subframe: ___ | Design Load: ___ | Water Absorption: ___ | Standard: ___ | Remarks: Pattern-based master item; verify project classification, structural design, local code, tested system, manufacturer data and consultant requirements.",,m²,,,,,,,
FACADE-15160,construction,Stone Cladding,Sandstone Cladding - Adhesive-Fixed - 20 mm - Leathered,"Supply and install 20 mm leathered sandstone façade cladding using adhesive-fixed system, including panels, anchors or adhesive, subframe, restraints, joints, flashings, sealants and protection. | Code Ref: 04 42 00 / OmniClass 23-13 31 21 | Spec: Stone Type/Source: ___ | Thickness: ___ | Panel Size: ___ | Finish: ___ | Fixing System: ___ | Anchor Material: ___ | Subframe: ___ | Design Load: ___ | Water Absorption: ___ | Standard: ___ | Remarks: Pattern-based master item; verify project classification, structural design, local code, tested system, manufacturer data and consultant requirements.",,m²,,,,,,,
FACADE-15161,construction,Stone Cladding,Sandstone Cladding - Adhesive-Fixed - 20 mm - Natural Split,"Supply and install 20 mm natural split sandstone façade cladding using adhesive-fixed system, including panels, anchors or adhesive, subframe, restraints, joints, flashings, sealants and protection. | Code Ref: 04 42 00 / OmniClass 23-13 31 21 | Spec: Stone Type/Source: ___ | Thickness: ___ | Panel Size: ___ | Finish: ___ | Fixing System: ___ | Anchor Material: ___ | Subframe: ___ | Design Load: ___ | Water Absorption: ___ | Standard: ___ | Remarks: Pattern-based master item; verify project classification, structural design, local code, tested system, manufacturer data and consultant requirements.",,m²,,,,,,,
FACADE-15162,construction,Stone Cladding,Sandstone Cladding - Adhesive-Fixed - 20 mm - Polished,"Supply and install 20 mm polished sandstone façade cladding using adhesive-fixed system, including panels, anchors or adhesive, subframe, restraints, joints, flashings, sealants and protection. | Code Ref: 04 42 00 / OmniClass 23-13 31 21 | Spec: Stone Type/Source: ___ | Thickness: ___ | Panel Size: ___ | Finish: ___ | Fixing System: ___ | Anchor Material: ___ | Subframe: ___ | Design Load: ___ | Water Absorption: ___ | Standard: ___ | Remarks: Pattern-based master item; verify project classification, structural design, local code, tested system, manufacturer data and consultant requirements.",,m²,,,,,,,
FACADE-15163,construction,Stone Cladding,Sandstone Cladding - Adhesive-Fixed - 20 mm - Sandblasted,"Supply and install 20 mm sandblasted sandstone façade cladding using adhesive-fixed system, including panels, anchors or adhesive, subframe, restraints, joints, flashings, sealants and protection. | Code Ref: 04 42 00 / OmniClass 23-13 31 21 | Spec: Stone Type/Source: ___ | Thickness: ___ | Panel Size: ___ | Finish: ___ | Fixing System: ___ | Anchor Material: ___ | Subframe: ___ | Design Load: ___ | Water Absorption: ___ | Standard: ___ | Remarks: Pattern-based master item; verify project classification, structural design, local code, tested system, manufacturer data and consultant requirements.",,m²,,,,,,,
FACADE-15164,construction,Stone Cladding,Sandstone Cladding - Adhesive-Fixed - 25 mm - Bush-Hammered,"Supply and install 25 mm bush-hammered sandstone façade cladding using adhesive-fixed system, including panels, anchors or adhesive, subframe, restraints, joints, flashings, sealants and protection. | Code Ref: 04 42 00 / OmniClass 23-13 31 21 | Spec: Stone Type/Source: ___ | Thickness: ___ | Panel Size: ___ | Finish: ___ | Fixing System: ___ | Anchor Material: ___ | Subframe: ___ | Design Load: ___ | Water Absorption: ___ | Standard: ___ | Remarks: Pattern-based master item; verify project classification, structural design, local code, tested system, manufacturer data and consultant requirements.",,m²,,,,,,,
FACADE-15165,construction,Stone Cladding,Sandstone Cladding - Adhesive-Fixed - 25 mm - Flamed,"Supply and install 25 mm flamed sandstone façade cladding using adhesive-fixed system, including panels, anchors or adhesive, subframe, restraints, joints, flashings, sealants and protection. | Code Ref: 04 42 00 / OmniClass 23-13 31 21 | Spec: Stone Type/Source: ___ | Thickness: ___ | Panel Size: ___ | Finish: ___ | Fixing System: ___ | Anchor Material: ___ | Subframe: ___ | Design Load: ___ | Water Absorption: ___ | Standard: ___ | Remarks: Pattern-based master item; verify project classification, structural design, local code, tested system, manufacturer data and consultant requirements.",,m²,,,,,,,
FACADE-15166,construction,Stone Cladding,Sandstone Cladding - Adhesive-Fixed - 25 mm - Honed,"Supply and install 25 mm honed sandstone façade cladding using adhesive-fixed system, including panels, anchors or adhesive, subframe, restraints, joints, flashings, sealants and protection. | Code Ref: 04 42 00 / OmniClass 23-13 31 21 | Spec: Stone Type/Source: ___ | Thickness: ___ | Panel Size: ___ | Finish: ___ | Fixing System: ___ | Anchor Material: ___ | Subframe: ___ | Design Load: ___ | Water Absorption: ___ | Standard: ___ | Remarks: Pattern-based master item; verify project classification, structural design, local code, tested system, manufacturer data and consultant requirements.",,m²,,,,,,,
FACADE-15167,construction,Stone Cladding,Sandstone Cladding - Adhesive-Fixed - 25 mm - Leathered,"Supply and install 25 mm leathered sandstone façade cladding using adhesive-fixed system, including panels, anchors or adhesive, subframe, restraints, joints, flashings, sealants and protection. | Code Ref: 04 42 00 / OmniClass 23-13 31 21 | Spec: Stone Type/Source: ___ | Thickness: ___ | Panel Size: ___ | Finish: ___ | Fixing System: ___ | Anchor Material: ___ | Subframe: ___ | Design Load: ___ | Water Absorption: ___ | Standard: ___ | Remarks: Pattern-based master item; verify project classification, structural design, local code, tested system, manufacturer data and consultant requirements.",,m²,,,,,,,
FACADE-15168,construction,Stone Cladding,Sandstone Cladding - Adhesive-Fixed - 25 mm - Natural Split,"Supply and install 25 mm natural split sandstone façade cladding using adhesive-fixed system, including panels, anchors or adhesive, subframe, restraints, joints, flashings, sealants and protection. | Code Ref: 04 42 00 / OmniClass 23-13 31 21 | Spec: Stone Type/Source: ___ | Thickness: ___ | Panel Size: ___ | Finish: ___ | Fixing System: ___ | Anchor Material: ___ | Subframe: ___ | Design Load: ___ | Water Absorption: ___ | Standard: ___ | Remarks: Pattern-based master item; verify project classification, structural design, local code, tested system, manufacturer data and consultant requirements.",,m²,,,,,,,
FACADE-15169,construction,Stone Cladding,Sandstone Cladding - Adhesive-Fixed - 25 mm - Polished,"Supply and install 25 mm polished sandstone façade cladding using adhesive-fixed system, including panels, anchors or adhesive, subframe, restraints, joints, flashings, sealants and protection. | Code Ref: 04 42 00 / OmniClass 23-13 31 21 | Spec: Stone Type/Source: ___ | Thickness: ___ | Panel Size: ___ | Finish: ___ | Fixing System: ___ | Anchor Material: ___ | Subframe: ___ | Design Load: ___ | Water Absorption: ___ | Standard: ___ | Remarks: Pattern-based master item; verify project classification, structural design, local code, tested system, manufacturer data and consultant requirements.",,m²,,,,,,,
FACADE-15170,construction,Stone Cladding,Sandstone Cladding - Adhesive-Fixed - 25 mm - Sandblasted,"Supply and install 25 mm sandblasted sandstone façade cladding using adhesive-fixed system, including panels, anchors or adhesive, subframe, restraints, joints, flashings, sealants and protection. | Code Ref: 04 42 00 / OmniClass 23-13 31 21 | Spec: Stone Type/Source: ___ | Thickness: ___ | Panel Size: ___ | Finish: ___ | Fixing System: ___ | Anchor Material: ___ | Subframe: ___ | Design Load: ___ | Water Absorption: ___ | Standard: ___ | Remarks: Pattern-based master item; verify project classification, structural design, local code, tested system, manufacturer data and consultant requirements.",,m²,,,,,,,
FACADE-15171,construction,Stone Cladding,Sandstone Cladding - Adhesive-Fixed - 30 mm - Bush-Hammered,"Supply and install 30 mm bush-hammered sandstone façade cladding using adhesive-fixed system, including panels, anchors or adhesive, subframe, restraints, joints, flashings, sealants and protection. | Code Ref: 04 42 00 / OmniClass 23-13 31 21 | Spec: Stone Type/Source: ___ | Thickness: ___ | Panel Size: ___ | Finish: ___ | Fixing System: ___ | Anchor Material: ___ | Subframe: ___ | Design Load: ___ | Water Absorption: ___ | Standard: ___ | Remarks: Pattern-based master item; verify project classification, structural design, local code, tested system, manufacturer data and consultant requirements.",,m²,,,,,,,
FACADE-15172,construction,Stone Cladding,Sandstone Cladding - Adhesive-Fixed - 30 mm - Flamed,"Supply and install 30 mm flamed sandstone façade cladding using adhesive-fixed system, including panels, anchors or adhesive, subframe, restraints, joints, flashings, sealants and protection. | Code Ref: 04 42 00 / OmniClass 23-13 31 21 | Spec: Stone Type/Source: ___ | Thickness: ___ | Panel Size: ___ | Finish: ___ | Fixing System: ___ | Anchor Material: ___ | Subframe: ___ | Design Load: ___ | Water Absorption: ___ | Standard: ___ | Remarks: Pattern-based master item; verify project classification, structural design, local code, tested system, manufacturer data and consultant requirements.",,m²,,,,,,,
FACADE-15173,construction,Stone Cladding,Sandstone Cladding - Adhesive-Fixed - 30 mm - Honed,"Supply and install 30 mm honed sandstone façade cladding using adhesive-fixed system, including panels, anchors or adhesive, subframe, restraints, joints, flashings, sealants and protection. | Code Ref: 04 42 00 / OmniClass 23-13 31 21 | Spec: Stone Type/Source: ___ | Thickness: ___ | Panel Size: ___ | Finish: ___ | Fixing System: ___ | Anchor Material: ___ | Subframe: ___ | Design Load: ___ | Water Absorption: ___ | Standard: ___ | Remarks: Pattern-based master item; verify project classification, structural design, local code, tested system, manufacturer data and consultant requirements.",,m²,,,,,,,
FACADE-15174,construction,Stone Cladding,Sandstone Cladding - Adhesive-Fixed - 30 mm - Leathered,"Supply and install 30 mm leathered sandstone façade cladding using adhesive-fixed system, including panels, anchors or adhesive, subframe, restraints, joints, flashings, sealants and protection. | Code Ref: 04 42 00 / OmniClass 23-13 31 21 | Spec: Stone Type/Source: ___ | Thickness: ___ | Panel Size: ___ | Finish: ___ | Fixing System: ___ | Anchor Material: ___ | Subframe: ___ | Design Load: ___ | Water Absorption: ___ | Standard: ___ | Remarks: Pattern-based master item; verify project classification, structural design, local code, tested system, manufacturer data and consultant requirements.",,m²,,,,,,,
FACADE-15175,construction,Stone Cladding,Sandstone Cladding - Adhesive-Fixed - 30 mm - Natural Split,"Supply and install 30 mm natural split sandstone façade cladding using adhesive-fixed system, including panels, anchors or adhesive, subframe, restraints, joints, flashings, sealants and protection. | Code Ref: 04 42 00 / OmniClass 23-13 31 21 | Spec: Stone Type/Source: ___ | Thickness: ___ | Panel Size: ___ | Finish: ___ | Fixing System: ___ | Anchor Material: ___ | Subframe: ___ | Design Load: ___ | Water Absorption: ___ | Standard: ___ | Remarks: Pattern-based master item; verify project classification, structural design, local code, tested system, manufacturer data and consultant requirements.",,m²,,,,,,,
FACADE-15176,construction,Stone Cladding,Sandstone Cladding - Adhesive-Fixed - 30 mm - Polished,"Supply and install 30 mm polished sandstone façade cladding using adhesive-fixed system, including panels, anchors or adhesive, subframe, restraints, joints, flashings, sealants and protection. | Code Ref: 04 42 00 / OmniClass 23-13 31 21 | Spec: Stone Type/Source: ___ | Thickness: ___ | Panel Size: ___ | Finish: ___ | Fixing System: ___ | Anchor Material: ___ | Subframe: ___ | Design Load: ___ | Water Absorption: ___ | Standard: ___ | Remarks: Pattern-based master item; verify project classification, structural design, local code, tested system, manufacturer data and consultant requirements.",,m²,,,,,,,
FACADE-15177,construction,Stone Cladding,Sandstone Cladding - Adhesive-Fixed - 30 mm - Sandblasted,"Supply and install 30 mm sandblasted sandstone façade cladding using adhesive-fixed system, including panels, anchors or adhesive, subframe, restraints, joints, flashings, sealants and protection. | Code Ref: 04 42 00 / OmniClass 23-13 31 21 | Spec: Stone Type/Source: ___ | Thickness: ___ | Panel Size: ___ | Finish: ___ | Fixing System: ___ | Anchor Material: ___ | Subframe: ___ | Design Load: ___ | Water Absorption: ___ | Standard: ___ | Remarks: Pattern-based master item; verify project classification, structural design, local code, tested system, manufacturer data and consultant requirements.",,m²,,,,,,,
FACADE-15178,construction,Stone Cladding,Sandstone Cladding - Adhesive-Fixed - 40 mm - Bush-Hammered,"Supply and install 40 mm bush-hammered sandstone façade cladding using adhesive-fixed system, including panels, anchors or adhesive, subframe, restraints, joints, flashings, sealants and protection. | Code Ref: 04 42 00 / OmniClass 23-13 31 21 | Spec: Stone Type/Source: ___ | Thickness: ___ | Panel Size: ___ | Finish: ___ | Fixing System: ___ | Anchor Material: ___ | Subframe: ___ | Design Load: ___ | Water Absorption: ___ | Standard: ___ | Remarks: Pattern-based master item; verify project classification, structural design, local code, tested system, manufacturer data and consultant requirements.",,m²,,,,,,,
FACADE-15179,construction,Stone Cladding,Sandstone Cladding - Adhesive-Fixed - 40 mm - Flamed,"Supply and install 40 mm flamed sandstone façade cladding using adhesive-fixed system, including panels, anchors or adhesive, subframe, restraints, joints, flashings, sealants and protection. | Code Ref: 04 42 00 / OmniClass 23-13 31 21 | Spec: Stone Type/Source: ___ | Thickness: ___ | Panel Size: ___ | Finish: ___ | Fixing System: ___ | Anchor Material: ___ | Subframe: ___ | Design Load: ___ | Water Absorption: ___ | Standard: ___ | Remarks: Pattern-based master item; verify project classification, structural design, local code, tested system, manufacturer data and consultant requirements.",,m²,,,,,,,
FACADE-15180,construction,Stone Cladding,Sandstone Cladding - Adhesive-Fixed - 40 mm - Honed,"Supply and install 40 mm honed sandstone façade cladding using adhesive-fixed system, including panels, anchors or adhesive, subframe, restraints, joints, flashings, sealants and protection. | Code Ref: 04 42 00 / OmniClass 23-13 31 21 | Spec: Stone Type/Source: ___ | Thickness: ___ | Panel Size: ___ | Finish: ___ | Fixing System: ___ | Anchor Material: ___ | Subframe: ___ | Design Load: ___ | Water Absorption: ___ | Standard: ___ | Remarks: Pattern-based master item; verify project classification, structural design, local code, tested system, manufacturer data and consultant requirements.",,m²,,,,,,,
FACADE-15181,construction,Stone Cladding,Sandstone Cladding - Adhesive-Fixed - 40 mm - Leathered,"Supply and install 40 mm leathered sandstone façade cladding using adhesive-fixed system, including panels, anchors or adhesive, subframe, restraints, joints, flashings, sealants and protection. | Code Ref: 04 42 00 / OmniClass 23-13 31 21 | Spec: Stone Type/Source: ___ | Thickness: ___ | Panel Size: ___ | Finish: ___ | Fixing System: ___ | Anchor Material: ___ | Subframe: ___ | Design Load: ___ | Water Absorption: ___ | Standard: ___ | Remarks: Pattern-based master item; verify project classification, structural design, local code, tested system, manufacturer data and consultant requirements.",,m²,,,,,,,
FACADE-15182,construction,Stone Cladding,Sandstone Cladding - Adhesive-Fixed - 40 mm - Natural Split,"Supply and install 40 mm natural split sandstone façade cladding using adhesive-fixed system, including panels, anchors or adhesive, subframe, restraints, joints, flashings, sealants and protection. | Code Ref: 04 42 00 / OmniClass 23-13 31 21 | Spec: Stone Type/Source: ___ | Thickness: ___ | Panel Size: ___ | Finish: ___ | Fixing System: ___ | Anchor Material: ___ | Subframe: ___ | Design Load: ___ | Water Absorption: ___ | Standard: ___ | Remarks: Pattern-based master item; verify project classification, structural design, local code, tested system, manufacturer data and consultant requirements.",,m²,,,,,,,
FACADE-15183,construction,Stone Cladding,Sandstone Cladding - Adhesive-Fixed - 40 mm - Polished,"Supply and install 40 mm polished sandstone façade cladding using adhesive-fixed system, including panels, anchors or adhesive, subframe, restraints, joints, flashings, sealants and protection. | Code Ref: 04 42 00 / OmniClass 23-13 31 21 | Spec: Stone Type/Source: ___ | Thickness: ___ | Panel Size: ___ | Finish: ___ | Fixing System: ___ | Anchor Material: ___ | Subframe: ___ | Design Load: ___ | Water Absorption: ___ | Standard: ___ | Remarks: Pattern-based master item; verify project classification, structural design, local code, tested system, manufacturer data and consultant requirements.",,m²,,,,,,,
FACADE-15184,construction,Stone Cladding,Sandstone Cladding - Adhesive-Fixed - 40 mm - Sandblasted,"Supply and install 40 mm sandblasted sandstone façade cladding using adhesive-fixed system, including panels, anchors or adhesive, subframe, restraints, joints, flashings, sealants and protection. | Code Ref: 04 42 00 / OmniClass 23-13 31 21 | Spec: Stone Type/Source: ___ | Thickness: ___ | Panel Size: ___ | Finish: ___ | Fixing System: ___ | Anchor Material: ___ | Subframe: ___ | Design Load: ___ | Water Absorption: ___ | Standard: ___ | Remarks: Pattern-based master item; verify project classification, structural design, local code, tested system, manufacturer data and consultant requirements.",,m²,,,,,,,
FACADE-15185,construction,Stone Cladding,Sandstone Cladding - Adhesive-Fixed - 50 mm - Bush-Hammered,"Supply and install 50 mm bush-hammered sandstone façade cladding using adhesive-fixed system, including panels, anchors or adhesive, subframe, restraints, joints, flashings, sealants and protection. | Code Ref: 04 42 00 / OmniClass 23-13 31 21 | Spec: Stone Type/Source: ___ | Thickness: ___ | Panel Size: ___ | Finish: ___ | Fixing System: ___ | Anchor Material: ___ | Subframe: ___ | Design Load: ___ | Water Absorption: ___ | Standard: ___ | Remarks: Pattern-based master item; verify project classification, structural design, local code, tested system, manufacturer data and consultant requirements.",,m²,,,,,,,
FACADE-15186,construction,Stone Cladding,Sandstone Cladding - Adhesive-Fixed - 50 mm - Flamed,"Supply and install 50 mm flamed sandstone façade cladding using adhesive-fixed system, including panels, anchors or adhesive, subframe, restraints, joints, flashings, sealants and protection. | Code Ref: 04 42 00 / OmniClass 23-13 31 21 | Spec: Stone Type/Source: ___ | Thickness: ___ | Panel Size: ___ | Finish: ___ | Fixing System: ___ | Anchor Material: ___ | Subframe: ___ | Design Load: ___ | Water Absorption: ___ | Standard: ___ | Remarks: Pattern-based master item; verify project classification, structural design, local code, tested system, manufacturer data and consultant requirements.",,m²,,,,,,,
FACADE-15187,construction,Stone Cladding,Sandstone Cladding - Adhesive-Fixed - 50 mm - Honed,"Supply and install 50 mm honed sandstone façade cladding using adhesive-fixed system, including panels, anchors or adhesive, subframe, restraints, joints, flashings, sealants and protection. | Code Ref: 04 42 00 / OmniClass 23-13 31 21 | Spec: Stone Type/Source: ___ | Thickness: ___ | Panel Size: ___ | Finish: ___ | Fixing System: ___ | Anchor Material: ___ | Subframe: ___ | Design Load: ___ | Water Absorption: ___ | Standard: ___ | Remarks: Pattern-based master item; verify project classification, structural design, local code, tested system, manufacturer data and consultant requirements.",,m²,,,,,,,
FACADE-15188,construction,Stone Cladding,Sandstone Cladding - Adhesive-Fixed - 50 mm - Leathered,"Supply and install 50 mm leathered sandstone façade cladding using adhesive-fixed system, including panels, anchors or adhesive, subframe, restraints, joints, flashings, sealants and protection. | Code Ref: 04 42 00 / OmniClass 23-13 31 21 | Spec: Stone Type/Source: ___ | Thickness: ___ | Panel Size: ___ | Finish: ___ | Fixing System: ___ | Anchor Material: ___ | Subframe: ___ | Design Load: ___ | Water Absorption: ___ | Standard: ___ | Remarks: Pattern-based master item; verify project classification, structural design, local code, tested system, manufacturer data and consultant requirements.",,m²,,,,,,,
FACADE-15189,construction,Stone Cladding,Sandstone Cladding - Adhesive-Fixed - 50 mm - Natural Split,"Supply and install 50 mm natural split sandstone façade cladding using adhesive-fixed system, including panels, anchors or adhesive, subframe, restraints, joints, flashings, sealants and protection. | Code Ref: 04 42 00 / OmniClass 23-13 31 21 | Spec: Stone Type/Source: ___ | Thickness: ___ | Panel Size: ___ | Finish: ___ | Fixing System: ___ | Anchor Material: ___ | Subframe: ___ | Design Load: ___ | Water Absorption: ___ | Standard: ___ | Remarks: Pattern-based master item; verify project classification, structural design, local code, tested system, manufacturer data and consultant requirements.",,m²,,,,,,,
FACADE-15190,construction,Stone Cladding,Sandstone Cladding - Adhesive-Fixed - 50 mm - Polished,"Supply and install 50 mm polished sandstone façade cladding using adhesive-fixed system, including panels, anchors or adhesive, subframe, restraints, joints, flashings, sealants and protection. | Code Ref: 04 42 00 / OmniClass 23-13 31 21 | Spec: Stone Type/Source: ___ | Thickness: ___ | Panel Size: ___ | Finish: ___ | Fixing System: ___ | Anchor Material: ___ | Subframe: ___ | Design Load: ___ | Water Absorption: ___ | Standard: ___ | Remarks: Pattern-based master item; verify project classification, structural design, local code, tested system, manufacturer data and consultant requirements.",,m²,,,,,,,
FACADE-15191,construction,Stone Cladding,Sandstone Cladding - Adhesive-Fixed - 50 mm - Sandblasted,"Supply and install 50 mm sandblasted sandstone façade cladding using adhesive-fixed system, including panels, anchors or adhesive, subframe, restraints, joints, flashings, sealants and protection. | Code Ref: 04 42 00 / OmniClass 23-13 31 21 | Spec: Stone Type/Source: ___ | Thickness: ___ | Panel Size: ___ | Finish: ___ | Fixing System: ___ | Anchor Material: ___ | Subframe: ___ | Design Load: ___ | Water Absorption: ___ | Standard: ___ | Remarks: Pattern-based master item; verify project classification, structural design, local code, tested system, manufacturer data and consultant requirements.",,m²,,,,,,,
FACADE-15192,construction,Stone Cladding,Sandstone Cladding - Dry-Hung - 20 mm - Bush-Hammered,"Supply and install 20 mm bush-hammered sandstone façade cladding using dry-hung system, including panels, anchors or adhesive, subframe, restraints, joints, flashings, sealants and protection. | Code Ref: 04 42 00 / OmniClass 23-13 31 21 | Spec: Stone Type/Source: ___ | Thickness: ___ | Panel Size: ___ | Finish: ___ | Fixing System: ___ | Anchor Material: ___ | Subframe: ___ | Design Load: ___ | Water Absorption: ___ | Standard: ___ | Remarks: Pattern-based master item; verify project classification, structural design, local code, tested system, manufacturer data and consultant requirements.",,m²,,,,,,,
FACADE-15193,construction,Stone Cladding,Sandstone Cladding - Dry-Hung - 20 mm - Flamed,"Supply and install 20 mm flamed sandstone façade cladding using dry-hung system, including panels, anchors or adhesive, subframe, restraints, joints, flashings, sealants and protection. | Code Ref: 04 42 00 / OmniClass 23-13 31 21 | Spec: Stone Type/Source: ___ | Thickness: ___ | Panel Size: ___ | Finish: ___ | Fixing System: ___ | Anchor Material: ___ | Subframe: ___ | Design Load: ___ | Water Absorption: ___ | Standard: ___ | Remarks: Pattern-based master item; verify project classification, structural design, local code, tested system, manufacturer data and consultant requirements.",,m²,,,,,,,
FACADE-15194,construction,Stone Cladding,Sandstone Cladding - Dry-Hung - 20 mm - Honed,"Supply and install 20 mm honed sandstone façade cladding using dry-hung system, including panels, anchors or adhesive, subframe, restraints, joints, flashings, sealants and protection. | Code Ref: 04 42 00 / OmniClass 23-13 31 21 | Spec: Stone Type/Source: ___ | Thickness: ___ | Panel Size: ___ | Finish: ___ | Fixing System: ___ | Anchor Material: ___ | Subframe: ___ | Design Load: ___ | Water Absorption: ___ | Standard: ___ | Remarks: Pattern-based master item; verify project classification, structural design, local code, tested system, manufacturer data and consultant requirements.",,m²,,,,,,,
FACADE-15195,construction,Stone Cladding,Sandstone Cladding - Dry-Hung - 20 mm - Leathered,"Supply and install 20 mm leathered sandstone façade cladding using dry-hung system, including panels, anchors or adhesive, subframe, restraints, joints, flashings, sealants and protection. | Code Ref: 04 42 00 / OmniClass 23-13 31 21 | Spec: Stone Type/Source: ___ | Thickness: ___ | Panel Size: ___ | Finish: ___ | Fixing System: ___ | Anchor Material: ___ | Subframe: ___ | Design Load: ___ | Water Absorption: ___ | Standard: ___ | Remarks: Pattern-based master item; verify project classification, structural design, local code, tested system, manufacturer data and consultant requirements.",,m²,,,,,,,
FACADE-15196,construction,Stone Cladding,Sandstone Cladding - Dry-Hung - 20 mm - Natural Split,"Supply and install 20 mm natural split sandstone façade cladding using dry-hung system, including panels, anchors or adhesive, subframe, restraints, joints, flashings, sealants and protection. | Code Ref: 04 42 00 / OmniClass 23-13 31 21 | Spec: Stone Type/Source: ___ | Thickness: ___ | Panel Size: ___ | Finish: ___ | Fixing System: ___ | Anchor Material: ___ | Subframe: ___ | Design Load: ___ | Water Absorption: ___ | Standard: ___ | Remarks: Pattern-based master item; verify project classification, structural design, local code, tested system, manufacturer data and consultant requirements.",,m²,,,,,,,
FACADE-15197,construction,Stone Cladding,Sandstone Cladding - Dry-Hung - 20 mm - Polished,"Supply and install 20 mm polished sandstone façade cladding using dry-hung system, including panels, anchors or adhesive, subframe, restraints, joints, flashings, sealants and protection. | Code Ref: 04 42 00 / OmniClass 23-13 31 21 | Spec: Stone Type/Source: ___ | Thickness: ___ | Panel Size: ___ | Finish: ___ | Fixing System: ___ | Anchor Material: ___ | Subframe: ___ | Design Load: ___ | Water Absorption: ___ | Standard: ___ | Remarks: Pattern-based master item; verify project classification, structural design, local code, tested system, manufacturer data and consultant requirements.",,m²,,,,,,,
FACADE-15198,construction,Stone Cladding,Sandstone Cladding - Dry-Hung - 20 mm - Sandblasted,"Supply and install 20 mm sandblasted sandstone façade cladding using dry-hung system, including panels, anchors or adhesive, subframe, restraints, joints, flashings, sealants and protection. | Code Ref: 04 42 00 / OmniClass 23-13 31 21 | Spec: Stone Type/Source: ___ | Thickness: ___ | Panel Size: ___ | Finish: ___ | Fixing System: ___ | Anchor Material: ___ | Subframe: ___ | Design Load: ___ | Water Absorption: ___ | Standard: ___ | Remarks: Pattern-based master item; verify project classification, structural design, local code, tested system, manufacturer data and consultant requirements.",,m²,,,,,,,
FACADE-15199,construction,Stone Cladding,Sandstone Cladding - Dry-Hung - 25 mm - Bush-Hammered,"Supply and install 25 mm bush-hammered sandstone façade cladding using dry-hung system, including panels, anchors or adhesive, subframe, restraints, joints, flashings, sealants and protection. | Code Ref: 04 42 00 / OmniClass 23-13 31 21 | Spec: Stone Type/Source: ___ | Thickness: ___ | Panel Size: ___ | Finish: ___ | Fixing System: ___ | Anchor Material: ___ | Subframe: ___ | Design Load: ___ | Water Absorption: ___ | Standard: ___ | Remarks: Pattern-based master item; verify project classification, structural design, local code, tested system, manufacturer data and consultant requirements.",,m²,,,,,,,
FACADE-15200,construction,Stone Cladding,Sandstone Cladding - Dry-Hung - 25 mm - Flamed,"Supply and install 25 mm flamed sandstone façade cladding using dry-hung system, including panels, anchors or adhesive, subframe, restraints, joints, flashings, sealants and protection. | Code Ref: 04 42 00 / OmniClass 23-13 31 21 | Spec: Stone Type/Source: ___ | Thickness: ___ | Panel Size: ___ | Finish: ___ | Fixing System: ___ | Anchor Material: ___ | Subframe: ___ | Design Load: ___ | Water Absorption: ___ | Standard: ___ | Remarks: Pattern-based master item; verify project classification, structural design, local code, tested system, manufacturer data and consultant requirements.",,m²,,,,,,,
FACADE-15201,construction,Stone Cladding,Sandstone Cladding - Dry-Hung - 25 mm - Honed,"Supply and install 25 mm honed sandstone façade cladding using dry-hung system, including panels, anchors or adhesive, subframe, restraints, joints, flashings, sealants and protection. | Code Ref: 04 42 00 / OmniClass 23-13 31 21 | Spec: Stone Type/Source: ___ | Thickness: ___ | Panel Size: ___ | Finish: ___ | Fixing System: ___ | Anchor Material: ___ | Subframe: ___ | Design Load: ___ | Water Absorption: ___ | Standard: ___ | Remarks: Pattern-based master item; verify project classification, structural design, local code, tested system, manufacturer data and consultant requirements.",,m²,,,,,,,
FACADE-15202,construction,Stone Cladding,Sandstone Cladding - Dry-Hung - 25 mm - Leathered,"Supply and install 25 mm leathered sandstone façade cladding using dry-hung system, including panels, anchors or adhesive, subframe, restraints, joints, flashings, sealants and protection. | Code Ref: 04 42 00 / OmniClass 23-13 31 21 | Spec: Stone Type/Source: ___ | Thickness: ___ | Panel Size: ___ | Finish: ___ | Fixing System: ___ | Anchor Material: ___ | Subframe: ___ | Design Load: ___ | Water Absorption: ___ | Standard: ___ | Remarks: Pattern-based master item; verify project classification, structural design, local code, tested system, manufacturer data and consultant requirements.",,m²,,,,,,,
FACADE-15203,construction,Stone Cladding,Sandstone Cladding - Dry-Hung - 25 mm - Natural Split,"Supply and install 25 mm natural split sandstone façade cladding using dry-hung system, including panels, anchors or adhesive, subframe, restraints, joints, flashings, sealants and protection. | Code Ref: 04 42 00 / OmniClass 23-13 31 21 | Spec: Stone Type/Source: ___ | Thickness: ___ | Panel Size: ___ | Finish: ___ | Fixing System: ___ | Anchor Material: ___ | Subframe: ___ | Design Load: ___ | Water Absorption: ___ | Standard: ___ | Remarks: Pattern-based master item; verify project classification, structural design, local code, tested system, manufacturer data and consultant requirements.",,m²,,,,,,,
FACADE-15204,construction,Stone Cladding,Sandstone Cladding - Dry-Hung - 25 mm - Polished,"Supply and install 25 mm polished sandstone façade cladding using dry-hung system, including panels, anchors or adhesive, subframe, restraints, joints, flashings, sealants and protection. | Code Ref: 04 42 00 / OmniClass 23-13 31 21 | Spec: Stone Type/Source: ___ | Thickness: ___ | Panel Size: ___ | Finish: ___ | Fixing System: ___ | Anchor Material: ___ | Subframe: ___ | Design Load: ___ | Water Absorption: ___ | Standard: ___ | Remarks: Pattern-based master item; verify project classification, structural design, local code, tested system, manufacturer data and consultant requirements.",,m²,,,,,,,
FACADE-15205,construction,Stone Cladding,Sandstone Cladding - Dry-Hung - 25 mm - Sandblasted,"Supply and install 25 mm sandblasted sandstone façade cladding using dry-hung system, including panels, anchors or adhesive, subframe, restraints, joints, flashings, sealants and protection. | Code Ref: 04 42 00 / OmniClass 23-13 31 21 | Spec: Stone Type/Source: ___ | Thickness: ___ | Panel Size: ___ | Finish: ___ | Fixing System: ___ | Anchor Material: ___ | Subframe: ___ | Design Load: ___ | Water Absorption: ___ | Standard: ___ | Remarks: Pattern-based master item; verify project classification, structural design, local code, tested system, manufacturer data and consultant requirements.",,m²,,,,,,,
FACADE-15206,construction,Stone Cladding,Sandstone Cladding - Dry-Hung - 30 mm - Bush-Hammered,"Supply and install 30 mm bush-hammered sandstone façade cladding using dry-hung system, including panels, anchors or adhesive, subframe, restraints, joints, flashings, sealants and protection. | Code Ref: 04 42 00 / OmniClass 23-13 31 21 | Spec: Stone Type/Source: ___ | Thickness: ___ | Panel Size: ___ | Finish: ___ | Fixing System: ___ | Anchor Material: ___ | Subframe: ___ | Design Load: ___ | Water Absorption: ___ | Standard: ___ | Remarks: Pattern-based master item; verify project classification, structural design, local code, tested system, manufacturer data and consultant requirements.",,m²,,,,,,,
FACADE-15207,construction,Stone Cladding,Sandstone Cladding - Dry-Hung - 30 mm - Flamed,"Supply and install 30 mm flamed sandstone façade cladding using dry-hung system, including panels, anchors or adhesive, subframe, restraints, joints, flashings, sealants and protection. | Code Ref: 04 42 00 / OmniClass 23-13 31 21 | Spec: Stone Type/Source: ___ | Thickness: ___ | Panel Size: ___ | Finish: ___ | Fixing System: ___ | Anchor Material: ___ | Subframe: ___ | Design Load: ___ | Water Absorption: ___ | Standard: ___ | Remarks: Pattern-based master item; verify project classification, structural design, local code, tested system, manufacturer data and consultant requirements.",,m²,,,,,,,
FACADE-15208,construction,Stone Cladding,Sandstone Cladding - Dry-Hung - 30 mm - Honed,"Supply and install 30 mm honed sandstone façade cladding using dry-hung system, including panels, anchors or adhesive, subframe, restraints, joints, flashings, sealants and protection. | Code Ref: 04 42 00 / OmniClass 23-13 31 21 | Spec: Stone Type/Source: ___ | Thickness: ___ | Panel Size: ___ | Finish: ___ | Fixing System: ___ | Anchor Material: ___ | Subframe: ___ | Design Load: ___ | Water Absorption: ___ | Standard: ___ | Remarks: Pattern-based master item; verify project classification, structural design, local code, tested system, manufacturer data and consultant requirements.",,m²,,,,,,,
FACADE-15209,construction,Stone Cladding,Sandstone Cladding - Dry-Hung - 30 mm - Leathered,"Supply and install 30 mm leathered sandstone façade cladding using dry-hung system, including panels, anchors or adhesive, subframe, restraints, joints, flashings, sealants and protection. | Code Ref: 04 42 00 / OmniClass 23-13 31 21 | Spec: Stone Type/Source: ___ | Thickness: ___ | Panel Size: ___ | Finish: ___ | Fixing System: ___ | Anchor Material: ___ | Subframe: ___ | Design Load: ___ | Water Absorption: ___ | Standard: ___ | Remarks: Pattern-based master item; verify project classification, structural design, local code, tested system, manufacturer data and consultant requirements.",,m²,,,,,,,
FACADE-15210,construction,Stone Cladding,Sandstone Cladding - Dry-Hung - 30 mm - Natural Split,"Supply and install 30 mm natural split sandstone façade cladding using dry-hung system, including panels, anchors or adhesive, subframe, restraints, joints, flashings, sealants and protection. | Code Ref: 04 42 00 / OmniClass 23-13 31 21 | Spec: Stone Type/Source: ___ | Thickness: ___ | Panel Size: ___ | Finish: ___ | Fixing System: ___ | Anchor Material: ___ | Subframe: ___ | Design Load: ___ | Water Absorption: ___ | Standard: ___ | Remarks: Pattern-based master item; verify project classification, structural design, local code, tested system, manufacturer data and consultant requirements.",,m²,,,,,,,
FACADE-15211,construction,Stone Cladding,Sandstone Cladding - Dry-Hung - 30 mm - Polished,"Supply and install 30 mm polished sandstone façade cladding using dry-hung system, including panels, anchors or adhesive, subframe, restraints, joints, flashings, sealants and protection. | Code Ref: 04 42 00 / OmniClass 23-13 31 21 | Spec: Stone Type/Source: ___ | Thickness: ___ | Panel Size: ___ | Finish: ___ | Fixing System: ___ | Anchor Material: ___ | Subframe: ___ | Design Load: ___ | Water Absorption: ___ | Standard: ___ | Remarks: Pattern-based master item; verify project classification, structural design, local code, tested system, manufacturer data and consultant requirements.",,m²,,,,,,,
FACADE-15212,construction,Stone Cladding,Sandstone Cladding - Dry-Hung - 30 mm - Sandblasted,"Supply and install 30 mm sandblasted sandstone façade cladding using dry-hung system, including panels, anchors or adhesive, subframe, restraints, joints, flashings, sealants and protection. | Code Ref: 04 42 00 / OmniClass 23-13 31 21 | Spec: Stone Type/Source: ___ | Thickness: ___ | Panel Size: ___ | Finish: ___ | Fixing System: ___ | Anchor Material: ___ | Subframe: ___ | Design Load: ___ | Water Absorption: ___ | Standard: ___ | Remarks: Pattern-based master item; verify project classification, structural design, local code, tested system, manufacturer data and consultant requirements.",,m²,,,,,,,
FACADE-15213,construction,Stone Cladding,Sandstone Cladding - Dry-Hung - 40 mm - Bush-Hammered,"Supply and install 40 mm bush-hammered sandstone façade cladding using dry-hung system, including panels, anchors or adhesive, subframe, restraints, joints, flashings, sealants and protection. | Code Ref: 04 42 00 / OmniClass 23-13 31 21 | Spec: Stone Type/Source: ___ | Thickness: ___ | Panel Size: ___ | Finish: ___ | Fixing System: ___ | Anchor Material: ___ | Subframe: ___ | Design Load: ___ | Water Absorption: ___ | Standard: ___ | Remarks: Pattern-based master item; verify project classification, structural design, local code, tested system, manufacturer data and consultant requirements.",,m²,,,,,,,
FACADE-15214,construction,Stone Cladding,Sandstone Cladding - Dry-Hung - 40 mm - Flamed,"Supply and install 40 mm flamed sandstone façade cladding using dry-hung system, including panels, anchors or adhesive, subframe, restraints, joints, flashings, sealants and protection. | Code Ref: 04 42 00 / OmniClass 23-13 31 21 | Spec: Stone Type/Source: ___ | Thickness: ___ | Panel Size: ___ | Finish: ___ | Fixing System: ___ | Anchor Material: ___ | Subframe: ___ | Design Load: ___ | Water Absorption: ___ | Standard: ___ | Remarks: Pattern-based master item; verify project classification, structural design, local code, tested system, manufacturer data and consultant requirements.",,m²,,,,,,,
FACADE-15215,construction,Stone Cladding,Sandstone Cladding - Dry-Hung - 40 mm - Honed,"Supply and install 40 mm honed sandstone façade cladding using dry-hung system, including panels, anchors or adhesive, subframe, restraints, joints, flashings, sealants and protection. | Code Ref: 04 42 00 / OmniClass 23-13 31 21 | Spec: Stone Type/Source: ___ | Thickness: ___ | Panel Size: ___ | Finish: ___ | Fixing System: ___ | Anchor Material: ___ | Subframe: ___ | Design Load: ___ | Water Absorption: ___ | Standard: ___ | Remarks: Pattern-based master item; verify project classification, structural design, local code, tested system, manufacturer data and consultant requirements.",,m²,,,,,,,
FACADE-15216,construction,Stone Cladding,Sandstone Cladding - Dry-Hung - 40 mm - Leathered,"Supply and install 40 mm leathered sandstone façade cladding using dry-hung system, including panels, anchors or adhesive, subframe, restraints, joints, flashings, sealants and protection. | Code Ref: 04 42 00 / OmniClass 23-13 31 21 | Spec: Stone Type/Source: ___ | Thickness: ___ | Panel Size: ___ | Finish: ___ | Fixing System: ___ | Anchor Material: ___ | Subframe: ___ | Design Load: ___ | Water Absorption: ___ | Standard: ___ | Remarks: Pattern-based master item; verify project classification, structural design, local code, tested system, manufacturer data and consultant requirements.",,m²,,,,,,,
FACADE-15217,construction,Stone Cladding,Sandstone Cladding - Dry-Hung - 40 mm - Natural Split,"Supply and install 40 mm natural split sandstone façade cladding using dry-hung system, including panels, anchors or adhesive, subframe, restraints, joints, flashings, sealants and protection. | Code Ref: 04 42 00 / OmniClass 23-13 31 21 | Spec: Stone Type/Source: ___ | Thickness: ___ | Panel Size: ___ | Finish: ___ | Fixing System: ___ | Anchor Material: ___ | Subframe: ___ | Design Load: ___ | Water Absorption: ___ | Standard: ___ | Remarks: Pattern-based master item; verify project classification, structural design, local code, tested system, manufacturer data and consultant requirements.",,m²,,,,,,,
FACADE-15218,construction,Stone Cladding,Sandstone Cladding - Dry-Hung - 40 mm - Polished,"Supply and install 40 mm polished sandstone façade cladding using dry-hung system, including panels, anchors or adhesive, subframe, restraints, joints, flashings, sealants and protection. | Code Ref: 04 42 00 / OmniClass 23-13 31 21 | Spec: Stone Type/Source: ___ | Thickness: ___ | Panel Size: ___ | Finish: ___ | Fixing System: ___ | Anchor Material: ___ | Subframe: ___ | Design Load: ___ | Water Absorption: ___ | Standard: ___ | Remarks: Pattern-based master item; verify project classification, structural design, local code, tested system, manufacturer data and consultant requirements.",,m²,,,,,,,
FACADE-15219,construction,Stone Cladding,Sandstone Cladding - Dry-Hung - 40 mm - Sandblasted,"Supply and install 40 mm sandblasted sandstone façade cladding using dry-hung system, including panels, anchors or adhesive, subframe, restraints, joints, flashings, sealants and protection. | Code Ref: 04 42 00 / OmniClass 23-13 31 21 | Spec: Stone Type/Source: ___ | Thickness: ___ | Panel Size: ___ | Finish: ___ | Fixing System: ___ | Anchor Material: ___ | Subframe: ___ | Design Load: ___ | Water Absorption: ___ | Standard: ___ | Remarks: Pattern-based master item; verify project classification, structural design, local code, tested system, manufacturer data and consultant requirements.",,m²,,,,,,,
FACADE-15220,construction,Stone Cladding,Sandstone Cladding - Dry-Hung - 50 mm - Bush-Hammered,"Supply and install 50 mm bush-hammered sandstone façade cladding using dry-hung system, including panels, anchors or adhesive, subframe, restraints, joints, flashings, sealants and protection. | Code Ref: 04 42 00 / OmniClass 23-13 31 21 | Spec: Stone Type/Source: ___ | Thickness: ___ | Panel Size: ___ | Finish: ___ | Fixing System: ___ | Anchor Material: ___ | Subframe: ___ | Design Load: ___ | Water Absorption: ___ | Standard: ___ | Remarks: Pattern-based master item; verify project classification, structural design, local code, tested system, manufacturer data and consultant requirements.",,m²,,,,,,,
FACADE-15221,construction,Stone Cladding,Sandstone Cladding - Dry-Hung - 50 mm - Flamed,"Supply and install 50 mm flamed sandstone façade cladding using dry-hung system, including panels, anchors or adhesive, subframe, restraints, joints, flashings, sealants and protection. | Code Ref: 04 42 00 / OmniClass 23-13 31 21 | Spec: Stone Type/Source: ___ | Thickness: ___ | Panel Size: ___ | Finish: ___ | Fixing System: ___ | Anchor Material: ___ | Subframe: ___ | Design Load: ___ | Water Absorption: ___ | Standard: ___ | Remarks: Pattern-based master item; verify project classification, structural design, local code, tested system, manufacturer data and consultant requirements.",,m²,,,,,,,
FACADE-15222,construction,Stone Cladding,Sandstone Cladding - Dry-Hung - 50 mm - Honed,"Supply and install 50 mm honed sandstone façade cladding using dry-hung system, including panels, anchors or adhesive, subframe, restraints, joints, flashings, sealants and protection. | Code Ref: 04 42 00 / OmniClass 23-13 31 21 | Spec: Stone Type/Source: ___ | Thickness: ___ | Panel Size: ___ | Finish: ___ | Fixing System: ___ | Anchor Material: ___ | Subframe: ___ | Design Load: ___ | Water Absorption: ___ | Standard: ___ | Remarks: Pattern-based master item; verify project classification, structural design, local code, tested system, manufacturer data and consultant requirements.",,m²,,,,,,,
FACADE-15223,construction,Stone Cladding,Sandstone Cladding - Dry-Hung - 50 mm - Leathered,"Supply and install 50 mm leathered sandstone façade cladding using dry-hung system, including panels, anchors or adhesive, subframe, restraints, joints, flashings, sealants and protection. | Code Ref: 04 42 00 / OmniClass 23-13 31 21 | Spec: Stone Type/Source: ___ | Thickness: ___ | Panel Size: ___ | Finish: ___ | Fixing System: ___ | Anchor Material: ___ | Subframe: ___ | Design Load: ___ | Water Absorption: ___ | Standard: ___ | Remarks: Pattern-based master item; verify project classification, structural design, local code, tested system, manufacturer data and consultant requirements.",,m²,,,,,,,
FACADE-15224,construction,Stone Cladding,Sandstone Cladding - Dry-Hung - 50 mm - Natural Split,"Supply and install 50 mm natural split sandstone façade cladding using dry-hung system, including panels, anchors or adhesive, subframe, restraints, joints, flashings, sealants and protection. | Code Ref: 04 42 00 / OmniClass 23-13 31 21 | Spec: Stone Type/Source: ___ | Thickness: ___ | Panel Size: ___ | Finish: ___ | Fixing System: ___ | Anchor Material: ___ | Subframe: ___ | Design Load: ___ | Water Absorption: ___ | Standard: ___ | Remarks: Pattern-based master item; verify project classification, structural design, local code, tested system, manufacturer data and consultant requirements.",,m²,,,,,,,
FACADE-15225,construction,Stone Cladding,Sandstone Cladding - Dry-Hung - 50 mm - Polished,"Supply and install 50 mm polished sandstone façade cladding using dry-hung system, including panels, anchors or adhesive, subframe, restraints, joints, flashings, sealants and protection. | Code Ref: 04 42 00 / OmniClass 23-13 31 21 | Spec: Stone Type/Source: ___ | Thickness: ___ | Panel Size: ___ | Finish: ___ | Fixing System: ___ | Anchor Material: ___ | Subframe: ___ | Design Load: ___ | Water Absorption: ___ | Standard: ___ | Remarks: Pattern-based master item; verify project classification, structural design, local code, tested system, manufacturer data and consultant requirements.",,m²,,,,,,,
FACADE-15226,construction,Stone Cladding,Sandstone Cladding - Dry-Hung - 50 mm - Sandblasted,"Supply and install 50 mm sandblasted sandstone façade cladding using dry-hung system, including panels, anchors or adhesive, subframe, restraints, joints, flashings, sealants and protection. | Code Ref: 04 42 00 / OmniClass 23-13 31 21 | Spec: Stone Type/Source: ___ | Thickness: ___ | Panel Size: ___ | Finish: ___ | Fixing System: ___ | Anchor Material: ___ | Subframe: ___ | Design Load: ___ | Water Absorption: ___ | Standard: ___ | Remarks: Pattern-based master item; verify project classification, structural design, local code, tested system, manufacturer data and consultant requirements.",,m²,,,,,,,
FACADE-15227,construction,Stone Cladding,Sandstone Cladding - Kerf Fixing - 20 mm - Bush-Hammered,"Supply and install 20 mm bush-hammered sandstone façade cladding using kerf fixing system, including panels, anchors or adhesive, subframe, restraints, joints, flashings, sealants and protection. | Code Ref: 04 42 00 / OmniClass 23-13 31 21 | Spec: Stone Type/Source: ___ | Thickness: ___ | Panel Size: ___ | Finish: ___ | Fixing System: ___ | Anchor Material: ___ | Subframe: ___ | Design Load: ___ | Water Absorption: ___ | Standard: ___ | Remarks: Pattern-based master item; verify project classification, structural design, local code, tested system, manufacturer data and consultant requirements.",,m²,,,,,,,
FACADE-15228,construction,Stone Cladding,Sandstone Cladding - Kerf Fixing - 20 mm - Flamed,"Supply and install 20 mm flamed sandstone façade cladding using kerf fixing system, including panels, anchors or adhesive, subframe, restraints, joints, flashings, sealants and protection. | Code Ref: 04 42 00 / OmniClass 23-13 31 21 | Spec: Stone Type/Source: ___ | Thickness: ___ | Panel Size: ___ | Finish: ___ | Fixing System: ___ | Anchor Material: ___ | Subframe: ___ | Design Load: ___ | Water Absorption: ___ | Standard: ___ | Remarks: Pattern-based master item; verify project classification, structural design, local code, tested system, manufacturer data and consultant requirements.",,m²,,,,,,,
FACADE-15229,construction,Stone Cladding,Sandstone Cladding - Kerf Fixing - 20 mm - Honed,"Supply and install 20 mm honed sandstone façade cladding using kerf fixing system, including panels, anchors or adhesive, subframe, restraints, joints, flashings, sealants and protection. | Code Ref: 04 42 00 / OmniClass 23-13 31 21 | Spec: Stone Type/Source: ___ | Thickness: ___ | Panel Size: ___ | Finish: ___ | Fixing System: ___ | Anchor Material: ___ | Subframe: ___ | Design Load: ___ | Water Absorption: ___ | Standard: ___ | Remarks: Pattern-based master item; verify project classification, structural design, local code, tested system, manufacturer data and consultant requirements.",,m²,,,,,,,
FACADE-15230,construction,Stone Cladding,Sandstone Cladding - Kerf Fixing - 20 mm - Leathered,"Supply and install 20 mm leathered sandstone façade cladding using kerf fixing system, including panels, anchors or adhesive, subframe, restraints, joints, flashings, sealants and protection. | Code Ref: 04 42 00 / OmniClass 23-13 31 21 | Spec: Stone Type/Source: ___ | Thickness: ___ | Panel Size: ___ | Finish: ___ | Fixing System: ___ | Anchor Material: ___ | Subframe: ___ | Design Load: ___ | Water Absorption: ___ | Standard: ___ | Remarks: Pattern-based master item; verify project classification, structural design, local code, tested system, manufacturer data and consultant requirements.",,m²,,,,,,,
FACADE-15231,construction,Stone Cladding,Sandstone Cladding - Kerf Fixing - 20 mm - Natural Split,"Supply and install 20 mm natural split sandstone façade cladding using kerf fixing system, including panels, anchors or adhesive, subframe, restraints, joints, flashings, sealants and protection. | Code Ref: 04 42 00 / OmniClass 23-13 31 21 | Spec: Stone Type/Source: ___ | Thickness: ___ | Panel Size: ___ | Finish: ___ | Fixing System: ___ | Anchor Material: ___ | Subframe: ___ | Design Load: ___ | Water Absorption: ___ | Standard: ___ | Remarks: Pattern-based master item; verify project classification, structural design, local code, tested system, manufacturer data and consultant requirements.",,m²,,,,,,,
FACADE-15232,construction,Stone Cladding,Sandstone Cladding - Kerf Fixing - 20 mm - Polished,"Supply and install 20 mm polished sandstone façade cladding using kerf fixing system, including panels, anchors or adhesive, subframe, restraints, joints, flashings, sealants and protection. | Code Ref: 04 42 00 / OmniClass 23-13 31 21 | Spec: Stone Type/Source: ___ | Thickness: ___ | Panel Size: ___ | Finish: ___ | Fixing System: ___ | Anchor Material: ___ | Subframe: ___ | Design Load: ___ | Water Absorption: ___ | Standard: ___ | Remarks: Pattern-based master item; verify project classification, structural design, local code, tested system, manufacturer data and consultant requirements.",,m²,,,,,,,
FACADE-15233,construction,Stone Cladding,Sandstone Cladding - Kerf Fixing - 20 mm - Sandblasted,"Supply and install 20 mm sandblasted sandstone façade cladding using kerf fixing system, including panels, anchors or adhesive, subframe, restraints, joints, flashings, sealants and protection. | Code Ref: 04 42 00 / OmniClass 23-13 31 21 | Spec: Stone Type/Source: ___ | Thickness: ___ | Panel Size: ___ | Finish: ___ | Fixing System: ___ | Anchor Material: ___ | Subframe: ___ | Design Load: ___ | Water Absorption: ___ | Standard: ___ | Remarks: Pattern-based master item; verify project classification, structural design, local code, tested system, manufacturer data and consultant requirements.",,m²,,,,,,,
FACADE-15234,construction,Stone Cladding,Sandstone Cladding - Kerf Fixing - 25 mm - Bush-Hammered,"Supply and install 25 mm bush-hammered sandstone façade cladding using kerf fixing system, including panels, anchors or adhesive, subframe, restraints, joints, flashings, sealants and protection. | Code Ref: 04 42 00 / OmniClass 23-13 31 21 | Spec: Stone Type/Source: ___ | Thickness: ___ | Panel Size: ___ | Finish: ___ | Fixing System: ___ | Anchor Material: ___ | Subframe: ___ | Design Load: ___ | Water Absorption: ___ | Standard: ___ | Remarks: Pattern-based master item; verify project classification, structural design, local code, tested system, manufacturer data and consultant requirements.",,m²,,,,,,,
FACADE-15235,construction,Stone Cladding,Sandstone Cladding - Kerf Fixing - 25 mm - Flamed,"Supply and install 25 mm flamed sandstone façade cladding using kerf fixing system, including panels, anchors or adhesive, subframe, restraints, joints, flashings, sealants and protection. | Code Ref: 04 42 00 / OmniClass 23-13 31 21 | Spec: Stone Type/Source: ___ | Thickness: ___ | Panel Size: ___ | Finish: ___ | Fixing System: ___ | Anchor Material: ___ | Subframe: ___ | Design Load: ___ | Water Absorption: ___ | Standard: ___ | Remarks: Pattern-based master item; verify project classification, structural design, local code, tested system, manufacturer data and consultant requirements.",,m²,,,,,,,
FACADE-15236,construction,Stone Cladding,Sandstone Cladding - Kerf Fixing - 25 mm - Honed,"Supply and install 25 mm honed sandstone façade cladding using kerf fixing system, including panels, anchors or adhesive, subframe, restraints, joints, flashings, sealants and protection. | Code Ref: 04 42 00 / OmniClass 23-13 31 21 | Spec: Stone Type/Source: ___ | Thickness: ___ | Panel Size: ___ | Finish: ___ | Fixing System: ___ | Anchor Material: ___ | Subframe: ___ | Design Load: ___ | Water Absorption: ___ | Standard: ___ | Remarks: Pattern-based master item; verify project classification, structural design, local code, tested system, manufacturer data and consultant requirements.",,m²,,,,,,,
FACADE-15237,construction,Stone Cladding,Sandstone Cladding - Kerf Fixing - 25 mm - Leathered,"Supply and install 25 mm leathered sandstone façade cladding using kerf fixing system, including panels, anchors or adhesive, subframe, restraints, joints, flashings, sealants and protection. | Code Ref: 04 42 00 / OmniClass 23-13 31 21 | Spec: Stone Type/Source: ___ | Thickness: ___ | Panel Size: ___ | Finish: ___ | Fixing System: ___ | Anchor Material: ___ | Subframe: ___ | Design Load: ___ | Water Absorption: ___ | Standard: ___ | Remarks: Pattern-based master item; verify project classification, structural design, local code, tested system, manufacturer data and consultant requirements.",,m²,,,,,,,
FACADE-15238,construction,Stone Cladding,Sandstone Cladding - Kerf Fixing - 25 mm - Natural Split,"Supply and install 25 mm natural split sandstone façade cladding using kerf fixing system, including panels, anchors or adhesive, subframe, restraints, joints, flashings, sealants and protection. | Code Ref: 04 42 00 / OmniClass 23-13 31 21 | Spec: Stone Type/Source: ___ | Thickness: ___ | Panel Size: ___ | Finish: ___ | Fixing System: ___ | Anchor Material: ___ | Subframe: ___ | Design Load: ___ | Water Absorption: ___ | Standard: ___ | Remarks: Pattern-based master item; verify project classification, structural design, local code, tested system, manufacturer data and consultant requirements.",,m²,,,,,,,
FACADE-15239,construction,Stone Cladding,Sandstone Cladding - Kerf Fixing - 25 mm - Polished,"Supply and install 25 mm polished sandstone façade cladding using kerf fixing system, including panels, anchors or adhesive, subframe, restraints, joints, flashings, sealants and protection. | Code Ref: 04 42 00 / OmniClass 23-13 31 21 | Spec: Stone Type/Source: ___ | Thickness: ___ | Panel Size: ___ | Finish: ___ | Fixing System: ___ | Anchor Material: ___ | Subframe: ___ | Design Load: ___ | Water Absorption: ___ | Standard: ___ | Remarks: Pattern-based master item; verify project classification, structural design, local code, tested system, manufacturer data and consultant requirements.",,m²,,,,,,,
FACADE-15240,construction,Stone Cladding,Sandstone Cladding - Kerf Fixing - 25 mm - Sandblasted,"Supply and install 25 mm sandblasted sandstone façade cladding using kerf fixing system, including panels, anchors or adhesive, subframe, restraints, joints, flashings, sealants and protection. | Code Ref: 04 42 00 / OmniClass 23-13 31 21 | Spec: Stone Type/Source: ___ | Thickness: ___ | Panel Size: ___ | Finish: ___ | Fixing System: ___ | Anchor Material: ___ | Subframe: ___ | Design Load: ___ | Water Absorption: ___ | Standard: ___ | Remarks: Pattern-based master item; verify project classification, structural design, local code, tested system, manufacturer data and consultant requirements.",,m²,,,,,,,
FACADE-15241,construction,Stone Cladding,Sandstone Cladding - Kerf Fixing - 30 mm - Bush-Hammered,"Supply and install 30 mm bush-hammered sandstone façade cladding using kerf fixing system, including panels, anchors or adhesive, subframe, restraints, joints, flashings, sealants and protection. | Code Ref: 04 42 00 / OmniClass 23-13 31 21 | Spec: Stone Type/Source: ___ | Thickness: ___ | Panel Size: ___ | Finish: ___ | Fixing System: ___ | Anchor Material: ___ | Subframe: ___ | Design Load: ___ | Water Absorption: ___ | Standard: ___ | Remarks: Pattern-based master item; verify project classification, structural design, local code, tested system, manufacturer data and consultant requirements.",,m²,,,,,,,
FACADE-15242,construction,Stone Cladding,Sandstone Cladding - Kerf Fixing - 30 mm - Flamed,"Supply and install 30 mm flamed sandstone façade cladding using kerf fixing system, including panels, anchors or adhesive, subframe, restraints, joints, flashings, sealants and protection. | Code Ref: 04 42 00 / OmniClass 23-13 31 21 | Spec: Stone Type/Source: ___ | Thickness: ___ | Panel Size: ___ | Finish: ___ | Fixing System: ___ | Anchor Material: ___ | Subframe: ___ | Design Load: ___ | Water Absorption: ___ | Standard: ___ | Remarks: Pattern-based master item; verify project classification, structural design, local code, tested system, manufacturer data and consultant requirements.",,m²,,,,,,,
FACADE-15243,construction,Stone Cladding,Sandstone Cladding - Kerf Fixing - 30 mm - Honed,"Supply and install 30 mm honed sandstone façade cladding using kerf fixing system, including panels, anchors or adhesive, subframe, restraints, joints, flashings, sealants and protection. | Code Ref: 04 42 00 / OmniClass 23-13 31 21 | Spec: Stone Type/Source: ___ | Thickness: ___ | Panel Size: ___ | Finish: ___ | Fixing System: ___ | Anchor Material: ___ | Subframe: ___ | Design Load: ___ | Water Absorption: ___ | Standard: ___ | Remarks: Pattern-based master item; verify project classification, structural design, local code, tested system, manufacturer data and consultant requirements.",,m²,,,,,,,
FACADE-15244,construction,Stone Cladding,Sandstone Cladding - Kerf Fixing - 30 mm - Leathered,"Supply and install 30 mm leathered sandstone façade cladding using kerf fixing system, including panels, anchors or adhesive, subframe, restraints, joints, flashings, sealants and protection. | Code Ref: 04 42 00 / OmniClass 23-13 31 21 | Spec: Stone Type/Source: ___ | Thickness: ___ | Panel Size: ___ | Finish: ___ | Fixing System: ___ | Anchor Material: ___ | Subframe: ___ | Design Load: ___ | Water Absorption: ___ | Standard: ___ | Remarks: Pattern-based master item; verify project classification, structural design, local code, tested system, manufacturer data and consultant requirements.",,m²,,,,,,,
FACADE-15245,construction,Stone Cladding,Sandstone Cladding - Kerf Fixing - 30 mm - Natural Split,"Supply and install 30 mm natural split sandstone façade cladding using kerf fixing system, including panels, anchors or adhesive, subframe, restraints, joints, flashings, sealants and protection. | Code Ref: 04 42 00 / OmniClass 23-13 31 21 | Spec: Stone Type/Source: ___ | Thickness: ___ | Panel Size: ___ | Finish: ___ | Fixing System: ___ | Anchor Material: ___ | Subframe: ___ | Design Load: ___ | Water Absorption: ___ | Standard: ___ | Remarks: Pattern-based master item; verify project classification, structural design, local code, tested system, manufacturer data and consultant requirements.",,m²,,,,,,,
FACADE-15246,construction,Stone Cladding,Sandstone Cladding - Kerf Fixing - 30 mm - Polished,"Supply and install 30 mm polished sandstone façade cladding using kerf fixing system, including panels, anchors or adhesive, subframe, restraints, joints, flashings, sealants and protection. | Code Ref: 04 42 00 / OmniClass 23-13 31 21 | Spec: Stone Type/Source: ___ | Thickness: ___ | Panel Size: ___ | Finish: ___ | Fixing System: ___ | Anchor Material: ___ | Subframe: ___ | Design Load: ___ | Water Absorption: ___ | Standard: ___ | Remarks: Pattern-based master item; verify project classification, structural design, local code, tested system, manufacturer data and consultant requirements.",,m²,,,,,,,
FACADE-15247,construction,Stone Cladding,Sandstone Cladding - Kerf Fixing - 30 mm - Sandblasted,"Supply and install 30 mm sandblasted sandstone façade cladding using kerf fixing system, including panels, anchors or adhesive, subframe, restraints, joints, flashings, sealants and protection. | Code Ref: 04 42 00 / OmniClass 23-13 31 21 | Spec: Stone Type/Source: ___ | Thickness: ___ | Panel Size: ___ | Finish: ___ | Fixing System: ___ | Anchor Material: ___ | Subframe: ___ | Design Load: ___ | Water Absorption: ___ | Standard: ___ | Remarks: Pattern-based master item; verify project classification, structural design, local code, tested system, manufacturer data and consultant requirements.",,m²,,,,,,,
FACADE-15248,construction,Stone Cladding,Sandstone Cladding - Kerf Fixing - 40 mm - Bush-Hammered,"Supply and install 40 mm bush-hammered sandstone façade cladding using kerf fixing system, including panels, anchors or adhesive, subframe, restraints, joints, flashings, sealants and protection. | Code Ref: 04 42 00 / OmniClass 23-13 31 21 | Spec: Stone Type/Source: ___ | Thickness: ___ | Panel Size: ___ | Finish: ___ | Fixing System: ___ | Anchor Material: ___ | Subframe: ___ | Design Load: ___ | Water Absorption: ___ | Standard: ___ | Remarks: Pattern-based master item; verify project classification, structural design, local code, tested system, manufacturer data and consultant requirements.",,m²,,,,,,,
FACADE-15249,construction,Stone Cladding,Sandstone Cladding - Kerf Fixing - 40 mm - Flamed,"Supply and install 40 mm flamed sandstone façade cladding using kerf fixing system, including panels, anchors or adhesive, subframe, restraints, joints, flashings, sealants and protection. | Code Ref: 04 42 00 / OmniClass 23-13 31 21 | Spec: Stone Type/Source: ___ | Thickness: ___ | Panel Size: ___ | Finish: ___ | Fixing System: ___ | Anchor Material: ___ | Subframe: ___ | Design Load: ___ | Water Absorption: ___ | Standard: ___ | Remarks: Pattern-based master item; verify project classification, structural design, local code, tested system, manufacturer data and consultant requirements.",,m²,,,,,,,
FACADE-15250,construction,Stone Cladding,Sandstone Cladding - Kerf Fixing - 40 mm - Honed,"Supply and install 40 mm honed sandstone façade cladding using kerf fixing system, including panels, anchors or adhesive, subframe, restraints, joints, flashings, sealants and protection. | Code Ref: 04 42 00 / OmniClass 23-13 31 21 | Spec: Stone Type/Source: ___ | Thickness: ___ | Panel Size: ___ | Finish: ___ | Fixing System: ___ | Anchor Material: ___ | Subframe: ___ | Design Load: ___ | Water Absorption: ___ | Standard: ___ | Remarks: Pattern-based master item; verify project classification, structural design, local code, tested system, manufacturer data and consultant requirements.",,m²,,,,,,,
FACADE-15251,construction,Stone Cladding,Sandstone Cladding - Kerf Fixing - 40 mm - Leathered,"Supply and install 40 mm leathered sandstone façade cladding using kerf fixing system, including panels, anchors or adhesive, subframe, restraints, joints, flashings, sealants and protection. | Code Ref: 04 42 00 / OmniClass 23-13 31 21 | Spec: Stone Type/Source: ___ | Thickness: ___ | Panel Size: ___ | Finish: ___ | Fixing System: ___ | Anchor Material: ___ | Subframe: ___ | Design Load: ___ | Water Absorption: ___ | Standard: ___ | Remarks: Pattern-based master item; verify project classification, structural design, local code, tested system, manufacturer data and consultant requirements.",,m²,,,,,,,
FACADE-15252,construction,Stone Cladding,Sandstone Cladding - Kerf Fixing - 40 mm - Natural Split,"Supply and install 40 mm natural split sandstone façade cladding using kerf fixing system, including panels, anchors or adhesive, subframe, restraints, joints, flashings, sealants and protection. | Code Ref: 04 42 00 / OmniClass 23-13 31 21 | Spec: Stone Type/Source: ___ | Thickness: ___ | Panel Size: ___ | Finish: ___ | Fixing System: ___ | Anchor Material: ___ | Subframe: ___ | Design Load: ___ | Water Absorption: ___ | Standard: ___ | Remarks: Pattern-based master item; verify project classification, structural design, local code, tested system, manufacturer data and consultant requirements.",,m²,,,,,,,
FACADE-15253,construction,Stone Cladding,Sandstone Cladding - Kerf Fixing - 40 mm - Polished,"Supply and install 40 mm polished sandstone façade cladding using kerf fixing system, including panels, anchors or adhesive, subframe, restraints, joints, flashings, sealants and protection. | Code Ref: 04 42 00 / OmniClass 23-13 31 21 | Spec: Stone Type/Source: ___ | Thickness: ___ | Panel Size: ___ | Finish: ___ | Fixing System: ___ | Anchor Material: ___ | Subframe: ___ | Design Load: ___ | Water Absorption: ___ | Standard: ___ | Remarks: Pattern-based master item; verify project classification, structural design, local code, tested system, manufacturer data and consultant requirements.",,m²,,,,,,,
FACADE-15254,construction,Stone Cladding,Sandstone Cladding - Kerf Fixing - 40 mm - Sandblasted,"Supply and install 40 mm sandblasted sandstone façade cladding using kerf fixing system, including panels, anchors or adhesive, subframe, restraints, joints, flashings, sealants and protection. | Code Ref: 04 42 00 / OmniClass 23-13 31 21 | Spec: Stone Type/Source: ___ | Thickness: ___ | Panel Size: ___ | Finish: ___ | Fixing System: ___ | Anchor Material: ___ | Subframe: ___ | Design Load: ___ | Water Absorption: ___ | Standard: ___ | Remarks: Pattern-based master item; verify project classification, structural design, local code, tested system, manufacturer data and consultant requirements.",,m²,,,,,,,
FACADE-15255,construction,Stone Cladding,Sandstone Cladding - Kerf Fixing - 50 mm - Bush-Hammered,"Supply and install 50 mm bush-hammered sandstone façade cladding using kerf fixing system, including panels, anchors or adhesive, subframe, restraints, joints, flashings, sealants and protection. | Code Ref: 04 42 00 / OmniClass 23-13 31 21 | Spec: Stone Type/Source: ___ | Thickness: ___ | Panel Size: ___ | Finish: ___ | Fixing System: ___ | Anchor Material: ___ | Subframe: ___ | Design Load: ___ | Water Absorption: ___ | Standard: ___ | Remarks: Pattern-based master item; verify project classification, structural design, local code, tested system, manufacturer data and consultant requirements.",,m²,,,,,,,
FACADE-15256,construction,Stone Cladding,Sandstone Cladding - Kerf Fixing - 50 mm - Flamed,"Supply and install 50 mm flamed sandstone façade cladding using kerf fixing system, including panels, anchors or adhesive, subframe, restraints, joints, flashings, sealants and protection. | Code Ref: 04 42 00 / OmniClass 23-13 31 21 | Spec: Stone Type/Source: ___ | Thickness: ___ | Panel Size: ___ | Finish: ___ | Fixing System: ___ | Anchor Material: ___ | Subframe: ___ | Design Load: ___ | Water Absorption: ___ | Standard: ___ | Remarks: Pattern-based master item; verify project classification, structural design, local code, tested system, manufacturer data and consultant requirements.",,m²,,,,,,,
FACADE-15257,construction,Stone Cladding,Sandstone Cladding - Kerf Fixing - 50 mm - Honed,"Supply and install 50 mm honed sandstone façade cladding using kerf fixing system, including panels, anchors or adhesive, subframe, restraints, joints, flashings, sealants and protection. | Code Ref: 04 42 00 / OmniClass 23-13 31 21 | Spec: Stone Type/Source: ___ | Thickness: ___ | Panel Size: ___ | Finish: ___ | Fixing System: ___ | Anchor Material: ___ | Subframe: ___ | Design Load: ___ | Water Absorption: ___ | Standard: ___ | Remarks: Pattern-based master item; verify project classification, structural design, local code, tested system, manufacturer data and consultant requirements.",,m²,,,,,,,
FACADE-15258,construction,Stone Cladding,Sandstone Cladding - Kerf Fixing - 50 mm - Leathered,"Supply and install 50 mm leathered sandstone façade cladding using kerf fixing system, including panels, anchors or adhesive, subframe, restraints, joints, flashings, sealants and protection. | Code Ref: 04 42 00 / OmniClass 23-13 31 21 | Spec: Stone Type/Source: ___ | Thickness: ___ | Panel Size: ___ | Finish: ___ | Fixing System: ___ | Anchor Material: ___ | Subframe: ___ | Design Load: ___ | Water Absorption: ___ | Standard: ___ | Remarks: Pattern-based master item; verify project classification, structural design, local code, tested system, manufacturer data and consultant requirements.",,m²,,,,,,,
FACADE-15259,construction,Stone Cladding,Sandstone Cladding - Kerf Fixing - 50 mm - Natural Split,"Supply and install 50 mm natural split sandstone façade cladding using kerf fixing system, including panels, anchors or adhesive, subframe, restraints, joints, flashings, sealants and protection. | Code Ref: 04 42 00 / OmniClass 23-13 31 21 | Spec: Stone Type/Source: ___ | Thickness: ___ | Panel Size: ___ | Finish: ___ | Fixing System: ___ | Anchor Material: ___ | Subframe: ___ | Design Load: ___ | Water Absorption: ___ | Standard: ___ | Remarks: Pattern-based master item; verify project classification, structural design, local code, tested system, manufacturer data and consultant requirements.",,m²,,,,,,,
FACADE-15260,construction,Stone Cladding,Sandstone Cladding - Kerf Fixing - 50 mm - Polished,"Supply and install 50 mm polished sandstone façade cladding using kerf fixing system, including panels, anchors or adhesive, subframe, restraints, joints, flashings, sealants and protection. | Code Ref: 04 42 00 / OmniClass 23-13 31 21 | Spec: Stone Type/Source: ___ | Thickness: ___ | Panel Size: ___ | Finish: ___ | Fixing System: ___ | Anchor Material: ___ | Subframe: ___ | Design Load: ___ | Water Absorption: ___ | Standard: ___ | Remarks: Pattern-based master item; verify project classification, structural design, local code, tested system, manufacturer data and consultant requirements.",,m²,,,,,,,
FACADE-15261,construction,Stone Cladding,Sandstone Cladding - Kerf Fixing - 50 mm - Sandblasted,"Supply and install 50 mm sandblasted sandstone façade cladding using kerf fixing system, including panels, anchors or adhesive, subframe, restraints, joints, flashings, sealants and protection. | Code Ref: 04 42 00 / OmniClass 23-13 31 21 | Spec: Stone Type/Source: ___ | Thickness: ___ | Panel Size: ___ | Finish: ___ | Fixing System: ___ | Anchor Material: ___ | Subframe: ___ | Design Load: ___ | Water Absorption: ___ | Standard: ___ | Remarks: Pattern-based master item; verify project classification, structural design, local code, tested system, manufacturer data and consultant requirements.",,m²,,,,,,,
FACADE-15262,construction,Stone Cladding,Sandstone Cladding - Mechanical Fixing - 20 mm - Bush-Hammered,"Supply and install 20 mm bush-hammered sandstone façade cladding using mechanical fixing system, including panels, anchors or adhesive, subframe, restraints, joints, flashings, sealants and protection. | Code Ref: 04 42 00 / OmniClass 23-13 31 21 | Spec: Stone Type/Source: ___ | Thickness: ___ | Panel Size: ___ | Finish: ___ | Fixing System: ___ | Anchor Material: ___ | Subframe: ___ | Design Load: ___ | Water Absorption: ___ | Standard: ___ | Remarks: Pattern-based master item; verify project classification, structural design, local code, tested system, manufacturer data and consultant requirements.",,m²,,,,,,,
FACADE-15263,construction,Stone Cladding,Sandstone Cladding - Mechanical Fixing - 20 mm - Flamed,"Supply and install 20 mm flamed sandstone façade cladding using mechanical fixing system, including panels, anchors or adhesive, subframe, restraints, joints, flashings, sealants and protection. | Code Ref: 04 42 00 / OmniClass 23-13 31 21 | Spec: Stone Type/Source: ___ | Thickness: ___ | Panel Size: ___ | Finish: ___ | Fixing System: ___ | Anchor Material: ___ | Subframe: ___ | Design Load: ___ | Water Absorption: ___ | Standard: ___ | Remarks: Pattern-based master item; verify project classification, structural design, local code, tested system, manufacturer data and consultant requirements.",,m²,,,,,,,
FACADE-15264,construction,Stone Cladding,Sandstone Cladding - Mechanical Fixing - 20 mm - Honed,"Supply and install 20 mm honed sandstone façade cladding using mechanical fixing system, including panels, anchors or adhesive, subframe, restraints, joints, flashings, sealants and protection. | Code Ref: 04 42 00 / OmniClass 23-13 31 21 | Spec: Stone Type/Source: ___ | Thickness: ___ | Panel Size: ___ | Finish: ___ | Fixing System: ___ | Anchor Material: ___ | Subframe: ___ | Design Load: ___ | Water Absorption: ___ | Standard: ___ | Remarks: Pattern-based master item; verify project classification, structural design, local code, tested system, manufacturer data and consultant requirements.",,m²,,,,,,,
FACADE-15265,construction,Stone Cladding,Sandstone Cladding - Mechanical Fixing - 20 mm - Leathered,"Supply and install 20 mm leathered sandstone façade cladding using mechanical fixing system, including panels, anchors or adhesive, subframe, restraints, joints, flashings, sealants and protection. | Code Ref: 04 42 00 / OmniClass 23-13 31 21 | Spec: Stone Type/Source: ___ | Thickness: ___ | Panel Size: ___ | Finish: ___ | Fixing System: ___ | Anchor Material: ___ | Subframe: ___ | Design Load: ___ | Water Absorption: ___ | Standard: ___ | Remarks: Pattern-based master item; verify project classification, structural design, local code, tested system, manufacturer data and consultant requirements.",,m²,,,,,,,
FACADE-15266,construction,Stone Cladding,Sandstone Cladding - Mechanical Fixing - 20 mm - Natural Split,"Supply and install 20 mm natural split sandstone façade cladding using mechanical fixing system, including panels, anchors or adhesive, subframe, restraints, joints, flashings, sealants and protection. | Code Ref: 04 42 00 / OmniClass 23-13 31 21 | Spec: Stone Type/Source: ___ | Thickness: ___ | Panel Size: ___ | Finish: ___ | Fixing System: ___ | Anchor Material: ___ | Subframe: ___ | Design Load: ___ | Water Absorption: ___ | Standard: ___ | Remarks: Pattern-based master item; verify project classification, structural design, local code, tested system, manufacturer data and consultant requirements.",,m²,,,,,,,
FACADE-15267,construction,Stone Cladding,Sandstone Cladding - Mechanical Fixing - 20 mm - Polished,"Supply and install 20 mm polished sandstone façade cladding using mechanical fixing system, including panels, anchors or adhesive, subframe, restraints, joints, flashings, sealants and protection. | Code Ref: 04 42 00 / OmniClass 23-13 31 21 | Spec: Stone Type/Source: ___ | Thickness: ___ | Panel Size: ___ | Finish: ___ | Fixing System: ___ | Anchor Material: ___ | Subframe: ___ | Design Load: ___ | Water Absorption: ___ | Standard: ___ | Remarks: Pattern-based master item; verify project classification, structural design, local code, tested system, manufacturer data and consultant requirements.",,m²,,,,,,,
FACADE-15268,construction,Stone Cladding,Sandstone Cladding - Mechanical Fixing - 20 mm - Sandblasted,"Supply and install 20 mm sandblasted sandstone façade cladding using mechanical fixing system, including panels, anchors or adhesive, subframe, restraints, joints, flashings, sealants and protection. | Code Ref: 04 42 00 / OmniClass 23-13 31 21 | Spec: Stone Type/Source: ___ | Thickness: ___ | Panel Size: ___ | Finish: ___ | Fixing System: ___ | Anchor Material: ___ | Subframe: ___ | Design Load: ___ | Water Absorption: ___ | Standard: ___ | Remarks: Pattern-based master item; verify project classification, structural design, local code, tested system, manufacturer data and consultant requirements.",,m²,,,,,,,
FACADE-15269,construction,Stone Cladding,Sandstone Cladding - Mechanical Fixing - 25 mm - Bush-Hammered,"Supply and install 25 mm bush-hammered sandstone façade cladding using mechanical fixing system, including panels, anchors or adhesive, subframe, restraints, joints, flashings, sealants and protection. | Code Ref: 04 42 00 / OmniClass 23-13 31 21 | Spec: Stone Type/Source: ___ | Thickness: ___ | Panel Size: ___ | Finish: ___ | Fixing System: ___ | Anchor Material: ___ | Subframe: ___ | Design Load: ___ | Water Absorption: ___ | Standard: ___ | Remarks: Pattern-based master item; verify project classification, structural design, local code, tested system, manufacturer data and consultant requirements.",,m²,,,,,,,
FACADE-15270,construction,Stone Cladding,Sandstone Cladding - Mechanical Fixing - 25 mm - Flamed,"Supply and install 25 mm flamed sandstone façade cladding using mechanical fixing system, including panels, anchors or adhesive, subframe, restraints, joints, flashings, sealants and protection. | Code Ref: 04 42 00 / OmniClass 23-13 31 21 | Spec: Stone Type/Source: ___ | Thickness: ___ | Panel Size: ___ | Finish: ___ | Fixing System: ___ | Anchor Material: ___ | Subframe: ___ | Design Load: ___ | Water Absorption: ___ | Standard: ___ | Remarks: Pattern-based master item; verify project classification, structural design, local code, tested system, manufacturer data and consultant requirements.",,m²,,,,,,,
FACADE-15271,construction,Stone Cladding,Sandstone Cladding - Mechanical Fixing - 25 mm - Honed,"Supply and install 25 mm honed sandstone façade cladding using mechanical fixing system, including panels, anchors or adhesive, subframe, restraints, joints, flashings, sealants and protection. | Code Ref: 04 42 00 / OmniClass 23-13 31 21 | Spec: Stone Type/Source: ___ | Thickness: ___ | Panel Size: ___ | Finish: ___ | Fixing System: ___ | Anchor Material: ___ | Subframe: ___ | Design Load: ___ | Water Absorption: ___ | Standard: ___ | Remarks: Pattern-based master item; verify project classification, structural design, local code, tested system, manufacturer data and consultant requirements.",,m²,,,,,,,
FACADE-15272,construction,Stone Cladding,Sandstone Cladding - Mechanical Fixing - 25 mm - Leathered,"Supply and install 25 mm leathered sandstone façade cladding using mechanical fixing system, including panels, anchors or adhesive, subframe, restraints, joints, flashings, sealants and protection. | Code Ref: 04 42 00 / OmniClass 23-13 31 21 | Spec: Stone Type/Source: ___ | Thickness: ___ | Panel Size: ___ | Finish: ___ | Fixing System: ___ | Anchor Material: ___ | Subframe: ___ | Design Load: ___ | Water Absorption: ___ | Standard: ___ | Remarks: Pattern-based master item; verify project classification, structural design, local code, tested system, manufacturer data and consultant requirements.",,m²,,,,,,,
FACADE-15273,construction,Stone Cladding,Sandstone Cladding - Mechanical Fixing - 25 mm - Natural Split,"Supply and install 25 mm natural split sandstone façade cladding using mechanical fixing system, including panels, anchors or adhesive, subframe, restraints, joints, flashings, sealants and protection. | Code Ref: 04 42 00 / OmniClass 23-13 31 21 | Spec: Stone Type/Source: ___ | Thickness: ___ | Panel Size: ___ | Finish: ___ | Fixing System: ___ | Anchor Material: ___ | Subframe: ___ | Design Load: ___ | Water Absorption: ___ | Standard: ___ | Remarks: Pattern-based master item; verify project classification, structural design, local code, tested system, manufacturer data and consultant requirements.",,m²,,,,,,,
FACADE-15274,construction,Stone Cladding,Sandstone Cladding - Mechanical Fixing - 25 mm - Polished,"Supply and install 25 mm polished sandstone façade cladding using mechanical fixing system, including panels, anchors or adhesive, subframe, restraints, joints, flashings, sealants and protection. | Code Ref: 04 42 00 / OmniClass 23-13 31 21 | Spec: Stone Type/Source: ___ | Thickness: ___ | Panel Size: ___ | Finish: ___ | Fixing System: ___ | Anchor Material: ___ | Subframe: ___ | Design Load: ___ | Water Absorption: ___ | Standard: ___ | Remarks: Pattern-based master item; verify project classification, structural design, local code, tested system, manufacturer data and consultant requirements.",,m²,,,,,,,
FACADE-15275,construction,Stone Cladding,Sandstone Cladding - Mechanical Fixing - 25 mm - Sandblasted,"Supply and install 25 mm sandblasted sandstone façade cladding using mechanical fixing system, including panels, anchors or adhesive, subframe, restraints, joints, flashings, sealants and protection. | Code Ref: 04 42 00 / OmniClass 23-13 31 21 | Spec: Stone Type/Source: ___ | Thickness: ___ | Panel Size: ___ | Finish: ___ | Fixing System: ___ | Anchor Material: ___ | Subframe: ___ | Design Load: ___ | Water Absorption: ___ | Standard: ___ | Remarks: Pattern-based master item; verify project classification, structural design, local code, tested system, manufacturer data and consultant requirements.",,m²,,,,,,,
FACADE-15276,construction,Stone Cladding,Sandstone Cladding - Mechanical Fixing - 30 mm - Bush-Hammered,"Supply and install 30 mm bush-hammered sandstone façade cladding using mechanical fixing system, including panels, anchors or adhesive, subframe, restraints, joints, flashings, sealants and protection. | Code Ref: 04 42 00 / OmniClass 23-13 31 21 | Spec: Stone Type/Source: ___ | Thickness: ___ | Panel Size: ___ | Finish: ___ | Fixing System: ___ | Anchor Material: ___ | Subframe: ___ | Design Load: ___ | Water Absorption: ___ | Standard: ___ | Remarks: Pattern-based master item; verify project classification, structural design, local code, tested system, manufacturer data and consultant requirements.",,m²,,,,,,,
FACADE-15277,construction,Stone Cladding,Sandstone Cladding - Mechanical Fixing - 30 mm - Flamed,"Supply and install 30 mm flamed sandstone façade cladding using mechanical fixing system, including panels, anchors or adhesive, subframe, restraints, joints, flashings, sealants and protection. | Code Ref: 04 42 00 / OmniClass 23-13 31 21 | Spec: Stone Type/Source: ___ | Thickness: ___ | Panel Size: ___ | Finish: ___ | Fixing System: ___ | Anchor Material: ___ | Subframe: ___ | Design Load: ___ | Water Absorption: ___ | Standard: ___ | Remarks: Pattern-based master item; verify project classification, structural design, local code, tested system, manufacturer data and consultant requirements.",,m²,,,,,,,
FACADE-15278,construction,Stone Cladding,Sandstone Cladding - Mechanical Fixing - 30 mm - Honed,"Supply and install 30 mm honed sandstone façade cladding using mechanical fixing system, including panels, anchors or adhesive, subframe, restraints, joints, flashings, sealants and protection. | Code Ref: 04 42 00 / OmniClass 23-13 31 21 | Spec: Stone Type/Source: ___ | Thickness: ___ | Panel Size: ___ | Finish: ___ | Fixing System: ___ | Anchor Material: ___ | Subframe: ___ | Design Load: ___ | Water Absorption: ___ | Standard: ___ | Remarks: Pattern-based master item; verify project classification, structural design, local code, tested system, manufacturer data and consultant requirements.",,m²,,,,,,,
FACADE-15279,construction,Stone Cladding,Sandstone Cladding - Mechanical Fixing - 30 mm - Leathered,"Supply and install 30 mm leathered sandstone façade cladding using mechanical fixing system, including panels, anchors or adhesive, subframe, restraints, joints, flashings, sealants and protection. | Code Ref: 04 42 00 / OmniClass 23-13 31 21 | Spec: Stone Type/Source: ___ | Thickness: ___ | Panel Size: ___ | Finish: ___ | Fixing System: ___ | Anchor Material: ___ | Subframe: ___ | Design Load: ___ | Water Absorption: ___ | Standard: ___ | Remarks: Pattern-based master item; verify project classification, structural design, local code, tested system, manufacturer data and consultant requirements.",,m²,,,,,,,
FACADE-15280,construction,Stone Cladding,Sandstone Cladding - Mechanical Fixing - 30 mm - Natural Split,"Supply and install 30 mm natural split sandstone façade cladding using mechanical fixing system, including panels, anchors or adhesive, subframe, restraints, joints, flashings, sealants and protection. | Code Ref: 04 42 00 / OmniClass 23-13 31 21 | Spec: Stone Type/Source: ___ | Thickness: ___ | Panel Size: ___ | Finish: ___ | Fixing System: ___ | Anchor Material: ___ | Subframe: ___ | Design Load: ___ | Water Absorption: ___ | Standard: ___ | Remarks: Pattern-based master item; verify project classification, structural design, local code, tested system, manufacturer data and consultant requirements.",,m²,,,,,,,
FACADE-15281,construction,Stone Cladding,Sandstone Cladding - Mechanical Fixing - 30 mm - Polished,"Supply and install 30 mm polished sandstone façade cladding using mechanical fixing system, including panels, anchors or adhesive, subframe, restraints, joints, flashings, sealants and protection. | Code Ref: 04 42 00 / OmniClass 23-13 31 21 | Spec: Stone Type/Source: ___ | Thickness: ___ | Panel Size: ___ | Finish: ___ | Fixing System: ___ | Anchor Material: ___ | Subframe: ___ | Design Load: ___ | Water Absorption: ___ | Standard: ___ | Remarks: Pattern-based master item; verify project classification, structural design, local code, tested system, manufacturer data and consultant requirements.",,m²,,,,,,,
FACADE-15282,construction,Stone Cladding,Sandstone Cladding - Mechanical Fixing - 30 mm - Sandblasted,"Supply and install 30 mm sandblasted sandstone façade cladding using mechanical fixing system, including panels, anchors or adhesive, subframe, restraints, joints, flashings, sealants and protection. | Code Ref: 04 42 00 / OmniClass 23-13 31 21 | Spec: Stone Type/Source: ___ | Thickness: ___ | Panel Size: ___ | Finish: ___ | Fixing System: ___ | Anchor Material: ___ | Subframe: ___ | Design Load: ___ | Water Absorption: ___ | Standard: ___ | Remarks: Pattern-based master item; verify project classification, structural design, local code, tested system, manufacturer data and consultant requirements.",,m²,,,,,,,
FACADE-15283,construction,Stone Cladding,Sandstone Cladding - Mechanical Fixing - 40 mm - Bush-Hammered,"Supply and install 40 mm bush-hammered sandstone façade cladding using mechanical fixing system, including panels, anchors or adhesive, subframe, restraints, joints, flashings, sealants and protection. | Code Ref: 04 42 00 / OmniClass 23-13 31 21 | Spec: Stone Type/Source: ___ | Thickness: ___ | Panel Size: ___ | Finish: ___ | Fixing System: ___ | Anchor Material: ___ | Subframe: ___ | Design Load: ___ | Water Absorption: ___ | Standard: ___ | Remarks: Pattern-based master item; verify project classification, structural design, local code, tested system, manufacturer data and consultant requirements.",,m²,,,,,,,
FACADE-15284,construction,Stone Cladding,Sandstone Cladding - Mechanical Fixing - 40 mm - Flamed,"Supply and install 40 mm flamed sandstone façade cladding using mechanical fixing system, including panels, anchors or adhesive, subframe, restraints, joints, flashings, sealants and protection. | Code Ref: 04 42 00 / OmniClass 23-13 31 21 | Spec: Stone Type/Source: ___ | Thickness: ___ | Panel Size: ___ | Finish: ___ | Fixing System: ___ | Anchor Material: ___ | Subframe: ___ | Design Load: ___ | Water Absorption: ___ | Standard: ___ | Remarks: Pattern-based master item; verify project classification, structural design, local code, tested system, manufacturer data and consultant requirements.",,m²,,,,,,,
FACADE-15285,construction,Stone Cladding,Sandstone Cladding - Mechanical Fixing - 40 mm - Honed,"Supply and install 40 mm honed sandstone façade cladding using mechanical fixing system, including panels, anchors or adhesive, subframe, restraints, joints, flashings, sealants and protection. | Code Ref: 04 42 00 / OmniClass 23-13 31 21 | Spec: Stone Type/Source: ___ | Thickness: ___ | Panel Size: ___ | Finish: ___ | Fixing System: ___ | Anchor Material: ___ | Subframe: ___ | Design Load: ___ | Water Absorption: ___ | Standard: ___ | Remarks: Pattern-based master item; verify project classification, structural design, local code, tested system, manufacturer data and consultant requirements.",,m²,,,,,,,
FACADE-15286,construction,Stone Cladding,Sandstone Cladding - Mechanical Fixing - 40 mm - Leathered,"Supply and install 40 mm leathered sandstone façade cladding using mechanical fixing system, including panels, anchors or adhesive, subframe, restraints, joints, flashings, sealants and protection. | Code Ref: 04 42 00 / OmniClass 23-13 31 21 | Spec: Stone Type/Source: ___ | Thickness: ___ | Panel Size: ___ | Finish: ___ | Fixing System: ___ | Anchor Material: ___ | Subframe: ___ | Design Load: ___ | Water Absorption: ___ | Standard: ___ | Remarks: Pattern-based master item; verify project classification, structural design, local code, tested system, manufacturer data and consultant requirements.",,m²,,,,,,,
FACADE-15287,construction,Stone Cladding,Sandstone Cladding - Mechanical Fixing - 40 mm - Natural Split,"Supply and install 40 mm natural split sandstone façade cladding using mechanical fixing system, including panels, anchors or adhesive, subframe, restraints, joints, flashings, sealants and protection. | Code Ref: 04 42 00 / OmniClass 23-13 31 21 | Spec: Stone Type/Source: ___ | Thickness: ___ | Panel Size: ___ | Finish: ___ | Fixing System: ___ | Anchor Material: ___ | Subframe: ___ | Design Load: ___ | Water Absorption: ___ | Standard: ___ | Remarks: Pattern-based master item; verify project classification, structural design, local code, tested system, manufacturer data and consultant requirements.",,m²,,,,,,,
FACADE-15288,construction,Stone Cladding,Sandstone Cladding - Mechanical Fixing - 40 mm - Polished,"Supply and install 40 mm polished sandstone façade cladding using mechanical fixing system, including panels, anchors or adhesive, subframe, restraints, joints, flashings, sealants and protection. | Code Ref: 04 42 00 / OmniClass 23-13 31 21 | Spec: Stone Type/Source: ___ | Thickness: ___ | Panel Size: ___ | Finish: ___ | Fixing System: ___ | Anchor Material: ___ | Subframe: ___ | Design Load: ___ | Water Absorption: ___ | Standard: ___ | Remarks: Pattern-based master item; verify project classification, structural design, local code, tested system, manufacturer data and consultant requirements.",,m²,,,,,,,
FACADE-15289,construction,Stone Cladding,Sandstone Cladding - Mechanical Fixing - 40 mm - Sandblasted,"Supply and install 40 mm sandblasted sandstone façade cladding using mechanical fixing system, including panels, anchors or adhesive, subframe, restraints, joints, flashings, sealants and protection. | Code Ref: 04 42 00 / OmniClass 23-13 31 21 | Spec: Stone Type/Source: ___ | Thickness: ___ | Panel Size: ___ | Finish: ___ | Fixing System: ___ | Anchor Material: ___ | Subframe: ___ | Design Load: ___ | Water Absorption: ___ | Standard: ___ | Remarks: Pattern-based master item; verify project classification, structural design, local code, tested system, manufacturer data and consultant requirements.",,m²,,,,,,,
FACADE-15290,construction,Stone Cladding,Sandstone Cladding - Mechanical Fixing - 50 mm - Bush-Hammered,"Supply and install 50 mm bush-hammered sandstone façade cladding using mechanical fixing system, including panels, anchors or adhesive, subframe, restraints, joints, flashings, sealants and protection. | Code Ref: 04 42 00 / OmniClass 23-13 31 21 | Spec: Stone Type/Source: ___ | Thickness: ___ | Panel Size: ___ | Finish: ___ | Fixing System: ___ | Anchor Material: ___ | Subframe: ___ | Design Load: ___ | Water Absorption: ___ | Standard: ___ | Remarks: Pattern-based master item; verify project classification, structural design, local code, tested system, manufacturer data and consultant requirements.",,m²,,,,,,,
FACADE-15291,construction,Stone Cladding,Sandstone Cladding - Mechanical Fixing - 50 mm - Flamed,"Supply and install 50 mm flamed sandstone façade cladding using mechanical fixing system, including panels, anchors or adhesive, subframe, restraints, joints, flashings, sealants and protection. | Code Ref: 04 42 00 / OmniClass 23-13 31 21 | Spec: Stone Type/Source: ___ | Thickness: ___ | Panel Size: ___ | Finish: ___ | Fixing System: ___ | Anchor Material: ___ | Subframe: ___ | Design Load: ___ | Water Absorption: ___ | Standard: ___ | Remarks: Pattern-based master item; verify project classification, structural design, local code, tested system, manufacturer data and consultant requirements.",,m²,,,,,,,
FACADE-15292,construction,Stone Cladding,Sandstone Cladding - Mechanical Fixing - 50 mm - Honed,"Supply and install 50 mm honed sandstone façade cladding using mechanical fixing system, including panels, anchors or adhesive, subframe, restraints, joints, flashings, sealants and protection. | Code Ref: 04 42 00 / OmniClass 23-13 31 21 | Spec: Stone Type/Source: ___ | Thickness: ___ | Panel Size: ___ | Finish: ___ | Fixing System: ___ | Anchor Material: ___ | Subframe: ___ | Design Load: ___ | Water Absorption: ___ | Standard: ___ | Remarks: Pattern-based master item; verify project classification, structural design, local code, tested system, manufacturer data and consultant requirements.",,m²,,,,,,,
FACADE-15293,construction,Stone Cladding,Sandstone Cladding - Mechanical Fixing - 50 mm - Leathered,"Supply and install 50 mm leathered sandstone façade cladding using mechanical fixing system, including panels, anchors or adhesive, subframe, restraints, joints, flashings, sealants and protection. | Code Ref: 04 42 00 / OmniClass 23-13 31 21 | Spec: Stone Type/Source: ___ | Thickness: ___ | Panel Size: ___ | Finish: ___ | Fixing System: ___ | Anchor Material: ___ | Subframe: ___ | Design Load: ___ | Water Absorption: ___ | Standard: ___ | Remarks: Pattern-based master item; verify project classification, structural design, local code, tested system, manufacturer data and consultant requirements.",,m²,,,,,,,
FACADE-15294,construction,Stone Cladding,Sandstone Cladding - Mechanical Fixing - 50 mm - Natural Split,"Supply and install 50 mm natural split sandstone façade cladding using mechanical fixing system, including panels, anchors or adhesive, subframe, restraints, joints, flashings, sealants and protection. | Code Ref: 04 42 00 / OmniClass 23-13 31 21 | Spec: Stone Type/Source: ___ | Thickness: ___ | Panel Size: ___ | Finish: ___ | Fixing System: ___ | Anchor Material: ___ | Subframe: ___ | Design Load: ___ | Water Absorption: ___ | Standard: ___ | Remarks: Pattern-based master item; verify project classification, structural design, local code, tested system, manufacturer data and consultant requirements.",,m²,,,,,,,
FACADE-15295,construction,Stone Cladding,Sandstone Cladding - Mechanical Fixing - 50 mm - Polished,"Supply and install 50 mm polished sandstone façade cladding using mechanical fixing system, including panels, anchors or adhesive, subframe, restraints, joints, flashings, sealants and protection. | Code Ref: 04 42 00 / OmniClass 23-13 31 21 | Spec: Stone Type/Source: ___ | Thickness: ___ | Panel Size: ___ | Finish: ___ | Fixing System: ___ | Anchor Material: ___ | Subframe: ___ | Design Load: ___ | Water Absorption: ___ | Standard: ___ | Remarks: Pattern-based master item; verify project classification, structural design, local code, tested system, manufacturer data and consultant requirements.",,m²,,,,,,,
FACADE-15296,construction,Stone Cladding,Sandstone Cladding - Mechanical Fixing - 50 mm - Sandblasted,"Supply and install 50 mm sandblasted sandstone façade cladding using mechanical fixing system, including panels, anchors or adhesive, subframe, restraints, joints, flashings, sealants and protection. | Code Ref: 04 42 00 / OmniClass 23-13 31 21 | Spec: Stone Type/Source: ___ | Thickness: ___ | Panel Size: ___ | Finish: ___ | Fixing System: ___ | Anchor Material: ___ | Subframe: ___ | Design Load: ___ | Water Absorption: ___ | Standard: ___ | Remarks: Pattern-based master item; verify project classification, structural design, local code, tested system, manufacturer data and consultant requirements.",,m²,,,,,,,
FACADE-15297,construction,Stone Cladding,Sandstone Cladding - Rainscreen - 20 mm - Bush-Hammered,"Supply and install 20 mm bush-hammered sandstone façade cladding using rainscreen system, including panels, anchors or adhesive, subframe, restraints, joints, flashings, sealants and protection. | Code Ref: 04 42 00 / OmniClass 23-13 31 21 | Spec: Stone Type/Source: ___ | Thickness: ___ | Panel Size: ___ | Finish: ___ | Fixing System: ___ | Anchor Material: ___ | Subframe: ___ | Design Load: ___ | Water Absorption: ___ | Standard: ___ | Remarks: Pattern-based master item; verify project classification, structural design, local code, tested system, manufacturer data and consultant requirements.",,m²,,,,,,,
FACADE-15298,construction,Stone Cladding,Sandstone Cladding - Rainscreen - 20 mm - Flamed,"Supply and install 20 mm flamed sandstone façade cladding using rainscreen system, including panels, anchors or adhesive, subframe, restraints, joints, flashings, sealants and protection. | Code Ref: 04 42 00 / OmniClass 23-13 31 21 | Spec: Stone Type/Source: ___ | Thickness: ___ | Panel Size: ___ | Finish: ___ | Fixing System: ___ | Anchor Material: ___ | Subframe: ___ | Design Load: ___ | Water Absorption: ___ | Standard: ___ | Remarks: Pattern-based master item; verify project classification, structural design, local code, tested system, manufacturer data and consultant requirements.",,m²,,,,,,,
FACADE-15299,construction,Stone Cladding,Sandstone Cladding - Rainscreen - 20 mm - Honed,"Supply and install 20 mm honed sandstone façade cladding using rainscreen system, including panels, anchors or adhesive, subframe, restraints, joints, flashings, sealants and protection. | Code Ref: 04 42 00 / OmniClass 23-13 31 21 | Spec: Stone Type/Source: ___ | Thickness: ___ | Panel Size: ___ | Finish: ___ | Fixing System: ___ | Anchor Material: ___ | Subframe: ___ | Design Load: ___ | Water Absorption: ___ | Standard: ___ | Remarks: Pattern-based master item; verify project classification, structural design, local code, tested system, manufacturer data and consultant requirements.",,m²,,,,,,,
FACADE-15300,construction,Stone Cladding,Sandstone Cladding - Rainscreen - 20 mm - Leathered,"Supply and install 20 mm leathered sandstone façade cladding using rainscreen system, including panels, anchors or adhesive, subframe, restraints, joints, flashings, sealants and protection. | Code Ref: 04 42 00 / OmniClass 23-13 31 21 | Spec: Stone Type/Source: ___ | Thickness: ___ | Panel Size: ___ | Finish: ___ | Fixing System: ___ | Anchor Material: ___ | Subframe: ___ | Design Load: ___ | Water Absorption: ___ | Standard: ___ | Remarks: Pattern-based master item; verify project classification, structural design, local code, tested system, manufacturer data and consultant requirements.",,m²,,,,,,,
FACADE-15301,construction,Stone Cladding,Sandstone Cladding - Rainscreen - 20 mm - Natural Split,"Supply and install 20 mm natural split sandstone façade cladding using rainscreen system, including panels, anchors or adhesive, subframe, restraints, joints, flashings, sealants and protection. | Code Ref: 04 42 00 / OmniClass 23-13 31 21 | Spec: Stone Type/Source: ___ | Thickness: ___ | Panel Size: ___ | Finish: ___ | Fixing System: ___ | Anchor Material: ___ | Subframe: ___ | Design Load: ___ | Water Absorption: ___ | Standard: ___ | Remarks: Pattern-based master item; verify project classification, structural design, local code, tested system, manufacturer data and consultant requirements.",,m²,,,,,,,
FACADE-15302,construction,Stone Cladding,Sandstone Cladding - Rainscreen - 20 mm - Polished,"Supply and install 20 mm polished sandstone façade cladding using rainscreen system, including panels, anchors or adhesive, subframe, restraints, joints, flashings, sealants and protection. | Code Ref: 04 42 00 / OmniClass 23-13 31 21 | Spec: Stone Type/Source: ___ | Thickness: ___ | Panel Size: ___ | Finish: ___ | Fixing System: ___ | Anchor Material: ___ | Subframe: ___ | Design Load: ___ | Water Absorption: ___ | Standard: ___ | Remarks: Pattern-based master item; verify project classification, structural design, local code, tested system, manufacturer data and consultant requirements.",,m²,,,,,,,
FACADE-15303,construction,Stone Cladding,Sandstone Cladding - Rainscreen - 20 mm - Sandblasted,"Supply and install 20 mm sandblasted sandstone façade cladding using rainscreen system, including panels, anchors or adhesive, subframe, restraints, joints, flashings, sealants and protection. | Code Ref: 04 42 00 / OmniClass 23-13 31 21 | Spec: Stone Type/Source: ___ | Thickness: ___ | Panel Size: ___ | Finish: ___ | Fixing System: ___ | Anchor Material: ___ | Subframe: ___ | Design Load: ___ | Water Absorption: ___ | Standard: ___ | Remarks: Pattern-based master item; verify project classification, structural design, local code, tested system, manufacturer data and consultant requirements.",,m²,,,,,,,
FACADE-15304,construction,Stone Cladding,Sandstone Cladding - Rainscreen - 25 mm - Bush-Hammered,"Supply and install 25 mm bush-hammered sandstone façade cladding using rainscreen system, including panels, anchors or adhesive, subframe, restraints, joints, flashings, sealants and protection. | Code Ref: 04 42 00 / OmniClass 23-13 31 21 | Spec: Stone Type/Source: ___ | Thickness: ___ | Panel Size: ___ | Finish: ___ | Fixing System: ___ | Anchor Material: ___ | Subframe: ___ | Design Load: ___ | Water Absorption: ___ | Standard: ___ | Remarks: Pattern-based master item; verify project classification, structural design, local code, tested system, manufacturer data and consultant requirements.",,m²,,,,,,,
FACADE-15305,construction,Stone Cladding,Sandstone Cladding - Rainscreen - 25 mm - Flamed,"Supply and install 25 mm flamed sandstone façade cladding using rainscreen system, including panels, anchors or adhesive, subframe, restraints, joints, flashings, sealants and protection. | Code Ref: 04 42 00 / OmniClass 23-13 31 21 | Spec: Stone Type/Source: ___ | Thickness: ___ | Panel Size: ___ | Finish: ___ | Fixing System: ___ | Anchor Material: ___ | Subframe: ___ | Design Load: ___ | Water Absorption: ___ | Standard: ___ | Remarks: Pattern-based master item; verify project classification, structural design, local code, tested system, manufacturer data and consultant requirements.",,m²,,,,,,,
FACADE-15306,construction,Stone Cladding,Sandstone Cladding - Rainscreen - 25 mm - Honed,"Supply and install 25 mm honed sandstone façade cladding using rainscreen system, including panels, anchors or adhesive, subframe, restraints, joints, flashings, sealants and protection. | Code Ref: 04 42 00 / OmniClass 23-13 31 21 | Spec: Stone Type/Source: ___ | Thickness: ___ | Panel Size: ___ | Finish: ___ | Fixing System: ___ | Anchor Material: ___ | Subframe: ___ | Design Load: ___ | Water Absorption: ___ | Standard: ___ | Remarks: Pattern-based master item; verify project classification, structural design, local code, tested system, manufacturer data and consultant requirements.",,m²,,,,,,,
FACADE-15307,construction,Stone Cladding,Sandstone Cladding - Rainscreen - 25 mm - Leathered,"Supply and install 25 mm leathered sandstone façade cladding using rainscreen system, including panels, anchors or adhesive, subframe, restraints, joints, flashings, sealants and protection. | Code Ref: 04 42 00 / OmniClass 23-13 31 21 | Spec: Stone Type/Source: ___ | Thickness: ___ | Panel Size: ___ | Finish: ___ | Fixing System: ___ | Anchor Material: ___ | Subframe: ___ | Design Load: ___ | Water Absorption: ___ | Standard: ___ | Remarks: Pattern-based master item; verify project classification, structural design, local code, tested system, manufacturer data and consultant requirements.",,m²,,,,,,,
FACADE-15308,construction,Stone Cladding,Sandstone Cladding - Rainscreen - 25 mm - Natural Split,"Supply and install 25 mm natural split sandstone façade cladding using rainscreen system, including panels, anchors or adhesive, subframe, restraints, joints, flashings, sealants and protection. | Code Ref: 04 42 00 / OmniClass 23-13 31 21 | Spec: Stone Type/Source: ___ | Thickness: ___ | Panel Size: ___ | Finish: ___ | Fixing System: ___ | Anchor Material: ___ | Subframe: ___ | Design Load: ___ | Water Absorption: ___ | Standard: ___ | Remarks: Pattern-based master item; verify project classification, structural design, local code, tested system, manufacturer data and consultant requirements.",,m²,,,,,,,
FACADE-15309,construction,Stone Cladding,Sandstone Cladding - Rainscreen - 25 mm - Polished,"Supply and install 25 mm polished sandstone façade cladding using rainscreen system, including panels, anchors or adhesive, subframe, restraints, joints, flashings, sealants and protection. | Code Ref: 04 42 00 / OmniClass 23-13 31 21 | Spec: Stone Type/Source: ___ | Thickness: ___ | Panel Size: ___ | Finish: ___ | Fixing System: ___ | Anchor Material: ___ | Subframe: ___ | Design Load: ___ | Water Absorption: ___ | Standard: ___ | Remarks: Pattern-based master item; verify project classification, structural design, local code, tested system, manufacturer data and consultant requirements.",,m²,,,,,,,
FACADE-15310,construction,Stone Cladding,Sandstone Cladding - Rainscreen - 25 mm - Sandblasted,"Supply and install 25 mm sandblasted sandstone façade cladding using rainscreen system, including panels, anchors or adhesive, subframe, restraints, joints, flashings, sealants and protection. | Code Ref: 04 42 00 / OmniClass 23-13 31 21 | Spec: Stone Type/Source: ___ | Thickness: ___ | Panel Size: ___ | Finish: ___ | Fixing System: ___ | Anchor Material: ___ | Subframe: ___ | Design Load: ___ | Water Absorption: ___ | Standard: ___ | Remarks: Pattern-based master item; verify project classification, structural design, local code, tested system, manufacturer data and consultant requirements.",,m²,,,,,,,
FACADE-15311,construction,Stone Cladding,Sandstone Cladding - Rainscreen - 30 mm - Bush-Hammered,"Supply and install 30 mm bush-hammered sandstone façade cladding using rainscreen system, including panels, anchors or adhesive, subframe, restraints, joints, flashings, sealants and protection. | Code Ref: 04 42 00 / OmniClass 23-13 31 21 | Spec: Stone Type/Source: ___ | Thickness: ___ | Panel Size: ___ | Finish: ___ | Fixing System: ___ | Anchor Material: ___ | Subframe: ___ | Design Load: ___ | Water Absorption: ___ | Standard: ___ | Remarks: Pattern-based master item; verify project classification, structural design, local code, tested system, manufacturer data and consultant requirements.",,m²,,,,,,,
FACADE-15312,construction,Stone Cladding,Sandstone Cladding - Rainscreen - 30 mm - Flamed,"Supply and install 30 mm flamed sandstone façade cladding using rainscreen system, including panels, anchors or adhesive, subframe, restraints, joints, flashings, sealants and protection. | Code Ref: 04 42 00 / OmniClass 23-13 31 21 | Spec: Stone Type/Source: ___ | Thickness: ___ | Panel Size: ___ | Finish: ___ | Fixing System: ___ | Anchor Material: ___ | Subframe: ___ | Design Load: ___ | Water Absorption: ___ | Standard: ___ | Remarks: Pattern-based master item; verify project classification, structural design, local code, tested system, manufacturer data and consultant requirements.",,m²,,,,,,,
FACADE-15313,construction,Stone Cladding,Sandstone Cladding - Rainscreen - 30 mm - Honed,"Supply and install 30 mm honed sandstone façade cladding using rainscreen system, including panels, anchors or adhesive, subframe, restraints, joints, flashings, sealants and protection. | Code Ref: 04 42 00 / OmniClass 23-13 31 21 | Spec: Stone Type/Source: ___ | Thickness: ___ | Panel Size: ___ | Finish: ___ | Fixing System: ___ | Anchor Material: ___ | Subframe: ___ | Design Load: ___ | Water Absorption: ___ | Standard: ___ | Remarks: Pattern-based master item; verify project classification, structural design, local code, tested system, manufacturer data and consultant requirements.",,m²,,,,,,,
FACADE-15314,construction,Stone Cladding,Sandstone Cladding - Rainscreen - 30 mm - Leathered,"Supply and install 30 mm leathered sandstone façade cladding using rainscreen system, including panels, anchors or adhesive, subframe, restraints, joints, flashings, sealants and protection. | Code Ref: 04 42 00 / OmniClass 23-13 31 21 | Spec: Stone Type/Source: ___ | Thickness: ___ | Panel Size: ___ | Finish: ___ | Fixing System: ___ | Anchor Material: ___ | Subframe: ___ | Design Load: ___ | Water Absorption: ___ | Standard: ___ | Remarks: Pattern-based master item; verify project classification, structural design, local code, tested system, manufacturer data and consultant requirements.",,m²,,,,,,,
FACADE-15315,construction,Stone Cladding,Sandstone Cladding - Rainscreen - 30 mm - Natural Split,"Supply and install 30 mm natural split sandstone façade cladding using rainscreen system, including panels, anchors or adhesive, subframe, restraints, joints, flashings, sealants and protection. | Code Ref: 04 42 00 / OmniClass 23-13 31 21 | Spec: Stone Type/Source: ___ | Thickness: ___ | Panel Size: ___ | Finish: ___ | Fixing System: ___ | Anchor Material: ___ | Subframe: ___ | Design Load: ___ | Water Absorption: ___ | Standard: ___ | Remarks: Pattern-based master item; verify project classification, structural design, local code, tested system, manufacturer data and consultant requirements.",,m²,,,,,,,
FACADE-15316,construction,Stone Cladding,Sandstone Cladding - Rainscreen - 30 mm - Polished,"Supply and install 30 mm polished sandstone façade cladding using rainscreen system, including panels, anchors or adhesive, subframe, restraints, joints, flashings, sealants and protection. | Code Ref: 04 42 00 / OmniClass 23-13 31 21 | Spec: Stone Type/Source: ___ | Thickness: ___ | Panel Size: ___ | Finish: ___ | Fixing System: ___ | Anchor Material: ___ | Subframe: ___ | Design Load: ___ | Water Absorption: ___ | Standard: ___ | Remarks: Pattern-based master item; verify project classification, structural design, local code, tested system, manufacturer data and consultant requirements.",,m²,,,,,,,
FACADE-15317,construction,Stone Cladding,Sandstone Cladding - Rainscreen - 30 mm - Sandblasted,"Supply and install 30 mm sandblasted sandstone façade cladding using rainscreen system, including panels, anchors or adhesive, subframe, restraints, joints, flashings, sealants and protection. | Code Ref: 04 42 00 / OmniClass 23-13 31 21 | Spec: Stone Type/Source: ___ | Thickness: ___ | Panel Size: ___ | Finish: ___ | Fixing System: ___ | Anchor Material: ___ | Subframe: ___ | Design Load: ___ | Water Absorption: ___ | Standard: ___ | Remarks: Pattern-based master item; verify project classification, structural design, local code, tested system, manufacturer data and consultant requirements.",,m²,,,,,,,
FACADE-15318,construction,Stone Cladding,Sandstone Cladding - Rainscreen - 40 mm - Bush-Hammered,"Supply and install 40 mm bush-hammered sandstone façade cladding using rainscreen system, including panels, anchors or adhesive, subframe, restraints, joints, flashings, sealants and protection. | Code Ref: 04 42 00 / OmniClass 23-13 31 21 | Spec: Stone Type/Source: ___ | Thickness: ___ | Panel Size: ___ | Finish: ___ | Fixing System: ___ | Anchor Material: ___ | Subframe: ___ | Design Load: ___ | Water Absorption: ___ | Standard: ___ | Remarks: Pattern-based master item; verify project classification, structural design, local code, tested system, manufacturer data and consultant requirements.",,m²,,,,,,,
FACADE-15319,construction,Stone Cladding,Sandstone Cladding - Rainscreen - 40 mm - Flamed,"Supply and install 40 mm flamed sandstone façade cladding using rainscreen system, including panels, anchors or adhesive, subframe, restraints, joints, flashings, sealants and protection. | Code Ref: 04 42 00 / OmniClass 23-13 31 21 | Spec: Stone Type/Source: ___ | Thickness: ___ | Panel Size: ___ | Finish: ___ | Fixing System: ___ | Anchor Material: ___ | Subframe: ___ | Design Load: ___ | Water Absorption: ___ | Standard: ___ | Remarks: Pattern-based master item; verify project classification, structural design, local code, tested system, manufacturer data and consultant requirements.",,m²,,,,,,,
FACADE-15320,construction,Stone Cladding,Sandstone Cladding - Rainscreen - 40 mm - Honed,"Supply and install 40 mm honed sandstone façade cladding using rainscreen system, including panels, anchors or adhesive, subframe, restraints, joints, flashings, sealants and protection. | Code Ref: 04 42 00 / OmniClass 23-13 31 21 | Spec: Stone Type/Source: ___ | Thickness: ___ | Panel Size: ___ | Finish: ___ | Fixing System: ___ | Anchor Material: ___ | Subframe: ___ | Design Load: ___ | Water Absorption: ___ | Standard: ___ | Remarks: Pattern-based master item; verify project classification, structural design, local code, tested system, manufacturer data and consultant requirements.",,m²,,,,,,,
FACADE-15321,construction,Stone Cladding,Sandstone Cladding - Rainscreen - 40 mm - Leathered,"Supply and install 40 mm leathered sandstone façade cladding using rainscreen system, including panels, anchors or adhesive, subframe, restraints, joints, flashings, sealants and protection. | Code Ref: 04 42 00 / OmniClass 23-13 31 21 | Spec: Stone Type/Source: ___ | Thickness: ___ | Panel Size: ___ | Finish: ___ | Fixing System: ___ | Anchor Material: ___ | Subframe: ___ | Design Load: ___ | Water Absorption: ___ | Standard: ___ | Remarks: Pattern-based master item; verify project classification, structural design, local code, tested system, manufacturer data and consultant requirements.",,m²,,,,,,,
FACADE-15322,construction,Stone Cladding,Sandstone Cladding - Rainscreen - 40 mm - Natural Split,"Supply and install 40 mm natural split sandstone façade cladding using rainscreen system, including panels, anchors or adhesive, subframe, restraints, joints, flashings, sealants and protection. | Code Ref: 04 42 00 / OmniClass 23-13 31 21 | Spec: Stone Type/Source: ___ | Thickness: ___ | Panel Size: ___ | Finish: ___ | Fixing System: ___ | Anchor Material: ___ | Subframe: ___ | Design Load: ___ | Water Absorption: ___ | Standard: ___ | Remarks: Pattern-based master item; verify project classification, structural design, local code, tested system, manufacturer data and consultant requirements.",,m²,,,,,,,
FACADE-15323,construction,Stone Cladding,Sandstone Cladding - Rainscreen - 40 mm - Polished,"Supply and install 40 mm polished sandstone façade cladding using rainscreen system, including panels, anchors or adhesive, subframe, restraints, joints, flashings, sealants and protection. | Code Ref: 04 42 00 / OmniClass 23-13 31 21 | Spec: Stone Type/Source: ___ | Thickness: ___ | Panel Size: ___ | Finish: ___ | Fixing System: ___ | Anchor Material: ___ | Subframe: ___ | Design Load: ___ | Water Absorption: ___ | Standard: ___ | Remarks: Pattern-based master item; verify project classification, structural design, local code, tested system, manufacturer data and consultant requirements.",,m²,,,,,,,
FACADE-15324,construction,Stone Cladding,Sandstone Cladding - Rainscreen - 40 mm - Sandblasted,"Supply and install 40 mm sandblasted sandstone façade cladding using rainscreen system, including panels, anchors or adhesive, subframe, restraints, joints, flashings, sealants and protection. | Code Ref: 04 42 00 / OmniClass 23-13 31 21 | Spec: Stone Type/Source: ___ | Thickness: ___ | Panel Size: ___ | Finish: ___ | Fixing System: ___ | Anchor Material: ___ | Subframe: ___ | Design Load: ___ | Water Absorption: ___ | Standard: ___ | Remarks: Pattern-based master item; verify project classification, structural design, local code, tested system, manufacturer data and consultant requirements.",,m²,,,,,,,
FACADE-15325,construction,Stone Cladding,Sandstone Cladding - Rainscreen - 50 mm - Bush-Hammered,"Supply and install 50 mm bush-hammered sandstone façade cladding using rainscreen system, including panels, anchors or adhesive, subframe, restraints, joints, flashings, sealants and protection. | Code Ref: 04 42 00 / OmniClass 23-13 31 21 | Spec: Stone Type/Source: ___ | Thickness: ___ | Panel Size: ___ | Finish: ___ | Fixing System: ___ | Anchor Material: ___ | Subframe: ___ | Design Load: ___ | Water Absorption: ___ | Standard: ___ | Remarks: Pattern-based master item; verify project classification, structural design, local code, tested system, manufacturer data and consultant requirements.",,m²,,,,,,,
FACADE-15326,construction,Stone Cladding,Sandstone Cladding - Rainscreen - 50 mm - Flamed,"Supply and install 50 mm flamed sandstone façade cladding using rainscreen system, including panels, anchors or adhesive, subframe, restraints, joints, flashings, sealants and protection. | Code Ref: 04 42 00 / OmniClass 23-13 31 21 | Spec: Stone Type/Source: ___ | Thickness: ___ | Panel Size: ___ | Finish: ___ | Fixing System: ___ | Anchor Material: ___ | Subframe: ___ | Design Load: ___ | Water Absorption: ___ | Standard: ___ | Remarks: Pattern-based master item; verify project classification, structural design, local code, tested system, manufacturer data and consultant requirements.",,m²,,,,,,,
FACADE-15327,construction,Stone Cladding,Sandstone Cladding - Rainscreen - 50 mm - Honed,"Supply and install 50 mm honed sandstone façade cladding using rainscreen system, including panels, anchors or adhesive, subframe, restraints, joints, flashings, sealants and protection. | Code Ref: 04 42 00 / OmniClass 23-13 31 21 | Spec: Stone Type/Source: ___ | Thickness: ___ | Panel Size: ___ | Finish: ___ | Fixing System: ___ | Anchor Material: ___ | Subframe: ___ | Design Load: ___ | Water Absorption: ___ | Standard: ___ | Remarks: Pattern-based master item; verify project classification, structural design, local code, tested system, manufacturer data and consultant requirements.",,m²,,,,,,,
FACADE-15328,construction,Stone Cladding,Sandstone Cladding - Rainscreen - 50 mm - Leathered,"Supply and install 50 mm leathered sandstone façade cladding using rainscreen system, including panels, anchors or adhesive, subframe, restraints, joints, flashings, sealants and protection. | Code Ref: 04 42 00 / OmniClass 23-13 31 21 | Spec: Stone Type/Source: ___ | Thickness: ___ | Panel Size: ___ | Finish: ___ | Fixing System: ___ | Anchor Material: ___ | Subframe: ___ | Design Load: ___ | Water Absorption: ___ | Standard: ___ | Remarks: Pattern-based master item; verify project classification, structural design, local code, tested system, manufacturer data and consultant requirements.",,m²,,,,,,,
FACADE-15329,construction,Stone Cladding,Sandstone Cladding - Rainscreen - 50 mm - Natural Split,"Supply and install 50 mm natural split sandstone façade cladding using rainscreen system, including panels, anchors or adhesive, subframe, restraints, joints, flashings, sealants and protection. | Code Ref: 04 42 00 / OmniClass 23-13 31 21 | Spec: Stone Type/Source: ___ | Thickness: ___ | Panel Size: ___ | Finish: ___ | Fixing System: ___ | Anchor Material: ___ | Subframe: ___ | Design Load: ___ | Water Absorption: ___ | Standard: ___ | Remarks: Pattern-based master item; verify project classification, structural design, local code, tested system, manufacturer data and consultant requirements.",,m²,,,,,,,
FACADE-15330,construction,Stone Cladding,Sandstone Cladding - Rainscreen - 50 mm - Polished,"Supply and install 50 mm polished sandstone façade cladding using rainscreen system, including panels, anchors or adhesive, subframe, restraints, joints, flashings, sealants and protection. | Code Ref: 04 42 00 / OmniClass 23-13 31 21 | Spec: Stone Type/Source: ___ | Thickness: ___ | Panel Size: ___ | Finish: ___ | Fixing System: ___ | Anchor Material: ___ | Subframe: ___ | Design Load: ___ | Water Absorption: ___ | Standard: ___ | Remarks: Pattern-based master item; verify project classification, structural design, local code, tested system, manufacturer data and consultant requirements.",,m²,,,,,,,
FACADE-15331,construction,Stone Cladding,Sandstone Cladding - Rainscreen - 50 mm - Sandblasted,"Supply and install 50 mm sandblasted sandstone façade cladding using rainscreen system, including panels, anchors or adhesive, subframe, restraints, joints, flashings, sealants and protection. | Code Ref: 04 42 00 / OmniClass 23-13 31 21 | Spec: Stone Type/Source: ___ | Thickness: ___ | Panel Size: ___ | Finish: ___ | Fixing System: ___ | Anchor Material: ___ | Subframe: ___ | Design Load: ___ | Water Absorption: ___ | Standard: ___ | Remarks: Pattern-based master item; verify project classification, structural design, local code, tested system, manufacturer data and consultant requirements.",,m²,,,,,,,
FACADE-15332,construction,Stone Cladding,Sandstone Cladding - Undercut Anchor - 20 mm - Bush-Hammered,"Supply and install 20 mm bush-hammered sandstone façade cladding using undercut anchor system, including panels, anchors or adhesive, subframe, restraints, joints, flashings, sealants and protection. | Code Ref: 04 42 00 / OmniClass 23-13 31 21 | Spec: Stone Type/Source: ___ | Thickness: ___ | Panel Size: ___ | Finish: ___ | Fixing System: ___ | Anchor Material: ___ | Subframe: ___ | Design Load: ___ | Water Absorption: ___ | Standard: ___ | Remarks: Pattern-based master item; verify project classification, structural design, local code, tested system, manufacturer data and consultant requirements.",,m²,,,,,,,
FACADE-15333,construction,Stone Cladding,Sandstone Cladding - Undercut Anchor - 20 mm - Flamed,"Supply and install 20 mm flamed sandstone façade cladding using undercut anchor system, including panels, anchors or adhesive, subframe, restraints, joints, flashings, sealants and protection. | Code Ref: 04 42 00 / OmniClass 23-13 31 21 | Spec: Stone Type/Source: ___ | Thickness: ___ | Panel Size: ___ | Finish: ___ | Fixing System: ___ | Anchor Material: ___ | Subframe: ___ | Design Load: ___ | Water Absorption: ___ | Standard: ___ | Remarks: Pattern-based master item; verify project classification, structural design, local code, tested system, manufacturer data and consultant requirements.",,m²,,,,,,,
FACADE-15334,construction,Stone Cladding,Sandstone Cladding - Undercut Anchor - 20 mm - Honed,"Supply and install 20 mm honed sandstone façade cladding using undercut anchor system, including panels, anchors or adhesive, subframe, restraints, joints, flashings, sealants and protection. | Code Ref: 04 42 00 / OmniClass 23-13 31 21 | Spec: Stone Type/Source: ___ | Thickness: ___ | Panel Size: ___ | Finish: ___ | Fixing System: ___ | Anchor Material: ___ | Subframe: ___ | Design Load: ___ | Water Absorption: ___ | Standard: ___ | Remarks: Pattern-based master item; verify project classification, structural design, local code, tested system, manufacturer data and consultant requirements.",,m²,,,,,,,
FACADE-15335,construction,Stone Cladding,Sandstone Cladding - Undercut Anchor - 20 mm - Leathered,"Supply and install 20 mm leathered sandstone façade cladding using undercut anchor system, including panels, anchors or adhesive, subframe, restraints, joints, flashings, sealants and protection. | Code Ref: 04 42 00 / OmniClass 23-13 31 21 | Spec: Stone Type/Source: ___ | Thickness: ___ | Panel Size: ___ | Finish: ___ | Fixing System: ___ | Anchor Material: ___ | Subframe: ___ | Design Load: ___ | Water Absorption: ___ | Standard: ___ | Remarks: Pattern-based master item; verify project classification, structural design, local code, tested system, manufacturer data and consultant requirements.",,m²,,,,,,,
FACADE-15336,construction,Stone Cladding,Sandstone Cladding - Undercut Anchor - 20 mm - Natural Split,"Supply and install 20 mm natural split sandstone façade cladding using undercut anchor system, including panels, anchors or adhesive, subframe, restraints, joints, flashings, sealants and protection. | Code Ref: 04 42 00 / OmniClass 23-13 31 21 | Spec: Stone Type/Source: ___ | Thickness: ___ | Panel Size: ___ | Finish: ___ | Fixing System: ___ | Anchor Material: ___ | Subframe: ___ | Design Load: ___ | Water Absorption: ___ | Standard: ___ | Remarks: Pattern-based master item; verify project classification, structural design, local code, tested system, manufacturer data and consultant requirements.",,m²,,,,,,,
FACADE-15337,construction,Stone Cladding,Sandstone Cladding - Undercut Anchor - 20 mm - Polished,"Supply and install 20 mm polished sandstone façade cladding using undercut anchor system, including panels, anchors or adhesive, subframe, restraints, joints, flashings, sealants and protection. | Code Ref: 04 42 00 / OmniClass 23-13 31 21 | Spec: Stone Type/Source: ___ | Thickness: ___ | Panel Size: ___ | Finish: ___ | Fixing System: ___ | Anchor Material: ___ | Subframe: ___ | Design Load: ___ | Water Absorption: ___ | Standard: ___ | Remarks: Pattern-based master item; verify project classification, structural design, local code, tested system, manufacturer data and consultant requirements.",,m²,,,,,,,
FACADE-15338,construction,Stone Cladding,Sandstone Cladding - Undercut Anchor - 20 mm - Sandblasted,"Supply and install 20 mm sandblasted sandstone façade cladding using undercut anchor system, including panels, anchors or adhesive, subframe, restraints, joints, flashings, sealants and protection. | Code Ref: 04 42 00 / OmniClass 23-13 31 21 | Spec: Stone Type/Source: ___ | Thickness: ___ | Panel Size: ___ | Finish: ___ | Fixing System: ___ | Anchor Material: ___ | Subframe: ___ | Design Load: ___ | Water Absorption: ___ | Standard: ___ | Remarks: Pattern-based master item; verify project classification, structural design, local code, tested system, manufacturer data and consultant requirements.",,m²,,,,,,,
FACADE-15339,construction,Stone Cladding,Sandstone Cladding - Undercut Anchor - 25 mm - Bush-Hammered,"Supply and install 25 mm bush-hammered sandstone façade cladding using undercut anchor system, including panels, anchors or adhesive, subframe, restraints, joints, flashings, sealants and protection. | Code Ref: 04 42 00 / OmniClass 23-13 31 21 | Spec: Stone Type/Source: ___ | Thickness: ___ | Panel Size: ___ | Finish: ___ | Fixing System: ___ | Anchor Material: ___ | Subframe: ___ | Design Load: ___ | Water Absorption: ___ | Standard: ___ | Remarks: Pattern-based master item; verify project classification, structural design, local code, tested system, manufacturer data and consultant requirements.",,m²,,,,,,,
FACADE-15340,construction,Stone Cladding,Sandstone Cladding - Undercut Anchor - 25 mm - Flamed,"Supply and install 25 mm flamed sandstone façade cladding using undercut anchor system, including panels, anchors or adhesive, subframe, restraints, joints, flashings, sealants and protection. | Code Ref: 04 42 00 / OmniClass 23-13 31 21 | Spec: Stone Type/Source: ___ | Thickness: ___ | Panel Size: ___ | Finish: ___ | Fixing System: ___ | Anchor Material: ___ | Subframe: ___ | Design Load: ___ | Water Absorption: ___ | Standard: ___ | Remarks: Pattern-based master item; verify project classification, structural design, local code, tested system, manufacturer data and consultant requirements.",,m²,,,,,,,
FACADE-15341,construction,Stone Cladding,Sandstone Cladding - Undercut Anchor - 25 mm - Honed,"Supply and install 25 mm honed sandstone façade cladding using undercut anchor system, including panels, anchors or adhesive, subframe, restraints, joints, flashings, sealants and protection. | Code Ref: 04 42 00 / OmniClass 23-13 31 21 | Spec: Stone Type/Source: ___ | Thickness: ___ | Panel Size: ___ | Finish: ___ | Fixing System: ___ | Anchor Material: ___ | Subframe: ___ | Design Load: ___ | Water Absorption: ___ | Standard: ___ | Remarks: Pattern-based master item; verify project classification, structural design, local code, tested system, manufacturer data and consultant requirements.",,m²,,,,,,,
FACADE-15342,construction,Stone Cladding,Sandstone Cladding - Undercut Anchor - 25 mm - Leathered,"Supply and install 25 mm leathered sandstone façade cladding using undercut anchor system, including panels, anchors or adhesive, subframe, restraints, joints, flashings, sealants and protection. | Code Ref: 04 42 00 / OmniClass 23-13 31 21 | Spec: Stone Type/Source: ___ | Thickness: ___ | Panel Size: ___ | Finish: ___ | Fixing System: ___ | Anchor Material: ___ | Subframe: ___ | Design Load: ___ | Water Absorption: ___ | Standard: ___ | Remarks: Pattern-based master item; verify project classification, structural design, local code, tested system, manufacturer data and consultant requirements.",,m²,,,,,,,
FACADE-15343,construction,Stone Cladding,Sandstone Cladding - Undercut Anchor - 25 mm - Natural Split,"Supply and install 25 mm natural split sandstone façade cladding using undercut anchor system, including panels, anchors or adhesive, subframe, restraints, joints, flashings, sealants and protection. | Code Ref: 04 42 00 / OmniClass 23-13 31 21 | Spec: Stone Type/Source: ___ | Thickness: ___ | Panel Size: ___ | Finish: ___ | Fixing System: ___ | Anchor Material: ___ | Subframe: ___ | Design Load: ___ | Water Absorption: ___ | Standard: ___ | Remarks: Pattern-based master item; verify project classification, structural design, local code, tested system, manufacturer data and consultant requirements.",,m²,,,,,,,
FACADE-15344,construction,Stone Cladding,Sandstone Cladding - Undercut Anchor - 25 mm - Polished,"Supply and install 25 mm polished sandstone façade cladding using undercut anchor system, including panels, anchors or adhesive, subframe, restraints, joints, flashings, sealants and protection. | Code Ref: 04 42 00 / OmniClass 23-13 31 21 | Spec: Stone Type/Source: ___ | Thickness: ___ | Panel Size: ___ | Finish: ___ | Fixing System: ___ | Anchor Material: ___ | Subframe: ___ | Design Load: ___ | Water Absorption: ___ | Standard: ___ | Remarks: Pattern-based master item; verify project classification, structural design, local code, tested system, manufacturer data and consultant requirements.",,m²,,,,,,,
FACADE-15345,construction,Stone Cladding,Sandstone Cladding - Undercut Anchor - 25 mm - Sandblasted,"Supply and install 25 mm sandblasted sandstone façade cladding using undercut anchor system, including panels, anchors or adhesive, subframe, restraints, joints, flashings, sealants and protection. | Code Ref: 04 42 00 / OmniClass 23-13 31 21 | Spec: Stone Type/Source: ___ | Thickness: ___ | Panel Size: ___ | Finish: ___ | Fixing System: ___ | Anchor Material: ___ | Subframe: ___ | Design Load: ___ | Water Absorption: ___ | Standard: ___ | Remarks: Pattern-based master item; verify project classification, structural design, local code, tested system, manufacturer data and consultant requirements.",,m²,,,,,,,
FACADE-15346,construction,Stone Cladding,Sandstone Cladding - Undercut Anchor - 30 mm - Bush-Hammered,"Supply and install 30 mm bush-hammered sandstone façade cladding using undercut anchor system, including panels, anchors or adhesive, subframe, restraints, joints, flashings, sealants and protection. | Code Ref: 04 42 00 / OmniClass 23-13 31 21 | Spec: Stone Type/Source: ___ | Thickness: ___ | Panel Size: ___ | Finish: ___ | Fixing System: ___ | Anchor Material: ___ | Subframe: ___ | Design Load: ___ | Water Absorption: ___ | Standard: ___ | Remarks: Pattern-based master item; verify project classification, structural design, local code, tested system, manufacturer data and consultant requirements.",,m²,,,,,,,
FACADE-15347,construction,Stone Cladding,Sandstone Cladding - Undercut Anchor - 30 mm - Flamed,"Supply and install 30 mm flamed sandstone façade cladding using undercut anchor system, including panels, anchors or adhesive, subframe, restraints, joints, flashings, sealants and protection. | Code Ref: 04 42 00 / OmniClass 23-13 31 21 | Spec: Stone Type/Source: ___ | Thickness: ___ | Panel Size: ___ | Finish: ___ | Fixing System: ___ | Anchor Material: ___ | Subframe: ___ | Design Load: ___ | Water Absorption: ___ | Standard: ___ | Remarks: Pattern-based master item; verify project classification, structural design, local code, tested system, manufacturer data and consultant requirements.",,m²,,,,,,,
FACADE-15348,construction,Stone Cladding,Sandstone Cladding - Undercut Anchor - 30 mm - Honed,"Supply and install 30 mm honed sandstone façade cladding using undercut anchor system, including panels, anchors or adhesive, subframe, restraints, joints, flashings, sealants and protection. | Code Ref: 04 42 00 / OmniClass 23-13 31 21 | Spec: Stone Type/Source: ___ | Thickness: ___ | Panel Size: ___ | Finish: ___ | Fixing System: ___ | Anchor Material: ___ | Subframe: ___ | Design Load: ___ | Water Absorption: ___ | Standard: ___ | Remarks: Pattern-based master item; verify project classification, structural design, local code, tested system, manufacturer data and consultant requirements.",,m²,,,,,,,
FACADE-15349,construction,Stone Cladding,Sandstone Cladding - Undercut Anchor - 30 mm - Leathered,"Supply and install 30 mm leathered sandstone façade cladding using undercut anchor system, including panels, anchors or adhesive, subframe, restraints, joints, flashings, sealants and protection. | Code Ref: 04 42 00 / OmniClass 23-13 31 21 | Spec: Stone Type/Source: ___ | Thickness: ___ | Panel Size: ___ | Finish: ___ | Fixing System: ___ | Anchor Material: ___ | Subframe: ___ | Design Load: ___ | Water Absorption: ___ | Standard: ___ | Remarks: Pattern-based master item; verify project classification, structural design, local code, tested system, manufacturer data and consultant requirements.",,m²,,,,,,,
FACADE-15350,construction,Stone Cladding,Sandstone Cladding - Undercut Anchor - 30 mm - Natural Split,"Supply and install 30 mm natural split sandstone façade cladding using undercut anchor system, including panels, anchors or adhesive, subframe, restraints, joints, flashings, sealants and protection. | Code Ref: 04 42 00 / OmniClass 23-13 31 21 | Spec: Stone Type/Source: ___ | Thickness: ___ | Panel Size: ___ | Finish: ___ | Fixing System: ___ | Anchor Material: ___ | Subframe: ___ | Design Load: ___ | Water Absorption: ___ | Standard: ___ | Remarks: Pattern-based master item; verify project classification, structural design, local code, tested system, manufacturer data and consultant requirements.",,m²,,,,,,,
FACADE-15351,construction,Stone Cladding,Sandstone Cladding - Undercut Anchor - 30 mm - Polished,"Supply and install 30 mm polished sandstone façade cladding using undercut anchor system, including panels, anchors or adhesive, subframe, restraints, joints, flashings, sealants and protection. | Code Ref: 04 42 00 / OmniClass 23-13 31 21 | Spec: Stone Type/Source: ___ | Thickness: ___ | Panel Size: ___ | Finish: ___ | Fixing System: ___ | Anchor Material: ___ | Subframe: ___ | Design Load: ___ | Water Absorption: ___ | Standard: ___ | Remarks: Pattern-based master item; verify project classification, structural design, local code, tested system, manufacturer data and consultant requirements.",,m²,,,,,,,
FACADE-15352,construction,Stone Cladding,Sandstone Cladding - Undercut Anchor - 30 mm - Sandblasted,"Supply and install 30 mm sandblasted sandstone façade cladding using undercut anchor system, including panels, anchors or adhesive, subframe, restraints, joints, flashings, sealants and protection. | Code Ref: 04 42 00 / OmniClass 23-13 31 21 | Spec: Stone Type/Source: ___ | Thickness: ___ | Panel Size: ___ | Finish: ___ | Fixing System: ___ | Anchor Material: ___ | Subframe: ___ | Design Load: ___ | Water Absorption: ___ | Standard: ___ | Remarks: Pattern-based master item; verify project classification, structural design, local code, tested system, manufacturer data and consultant requirements.",,m²,,,,,,,
FACADE-15353,construction,Stone Cladding,Sandstone Cladding - Undercut Anchor - 40 mm - Bush-Hammered,"Supply and install 40 mm bush-hammered sandstone façade cladding using undercut anchor system, including panels, anchors or adhesive, subframe, restraints, joints, flashings, sealants and protection. | Code Ref: 04 42 00 / OmniClass 23-13 31 21 | Spec: Stone Type/Source: ___ | Thickness: ___ | Panel Size: ___ | Finish: ___ | Fixing System: ___ | Anchor Material: ___ | Subframe: ___ | Design Load: ___ | Water Absorption: ___ | Standard: ___ | Remarks: Pattern-based master item; verify project classification, structural design, local code, tested system, manufacturer data and consultant requirements.",,m²,,,,,,,
FACADE-15354,construction,Stone Cladding,Sandstone Cladding - Undercut Anchor - 40 mm - Flamed,"Supply and install 40 mm flamed sandstone façade cladding using undercut anchor system, including panels, anchors or adhesive, subframe, restraints, joints, flashings, sealants and protection. | Code Ref: 04 42 00 / OmniClass 23-13 31 21 | Spec: Stone Type/Source: ___ | Thickness: ___ | Panel Size: ___ | Finish: ___ | Fixing System: ___ | Anchor Material: ___ | Subframe: ___ | Design Load: ___ | Water Absorption: ___ | Standard: ___ | Remarks: Pattern-based master item; verify project classification, structural design, local code, tested system, manufacturer data and consultant requirements.",,m²,,,,,,,
FACADE-15355,construction,Stone Cladding,Sandstone Cladding - Undercut Anchor - 40 mm - Honed,"Supply and install 40 mm honed sandstone façade cladding using undercut anchor system, including panels, anchors or adhesive, subframe, restraints, joints, flashings, sealants and protection. | Code Ref: 04 42 00 / OmniClass 23-13 31 21 | Spec: Stone Type/Source: ___ | Thickness: ___ | Panel Size: ___ | Finish: ___ | Fixing System: ___ | Anchor Material: ___ | Subframe: ___ | Design Load: ___ | Water Absorption: ___ | Standard: ___ | Remarks: Pattern-based master item; verify project classification, structural design, local code, tested system, manufacturer data and consultant requirements.",,m²,,,,,,,
FACADE-15356,construction,Stone Cladding,Sandstone Cladding - Undercut Anchor - 40 mm - Leathered,"Supply and install 40 mm leathered sandstone façade cladding using undercut anchor system, including panels, anchors or adhesive, subframe, restraints, joints, flashings, sealants and protection. | Code Ref: 04 42 00 / OmniClass 23-13 31 21 | Spec: Stone Type/Source: ___ | Thickness: ___ | Panel Size: ___ | Finish: ___ | Fixing System: ___ | Anchor Material: ___ | Subframe: ___ | Design Load: ___ | Water Absorption: ___ | Standard: ___ | Remarks: Pattern-based master item; verify project classification, structural design, local code, tested system, manufacturer data and consultant requirements.",,m²,,,,,,,
FACADE-15357,construction,Stone Cladding,Sandstone Cladding - Undercut Anchor - 40 mm - Natural Split,"Supply and install 40 mm natural split sandstone façade cladding using undercut anchor system, including panels, anchors or adhesive, subframe, restraints, joints, flashings, sealants and protection. | Code Ref: 04 42 00 / OmniClass 23-13 31 21 | Spec: Stone Type/Source: ___ | Thickness: ___ | Panel Size: ___ | Finish: ___ | Fixing System: ___ | Anchor Material: ___ | Subframe: ___ | Design Load: ___ | Water Absorption: ___ | Standard: ___ | Remarks: Pattern-based master item; verify project classification, structural design, local code, tested system, manufacturer data and consultant requirements.",,m²,,,,,,,
FACADE-15358,construction,Stone Cladding,Sandstone Cladding - Undercut Anchor - 40 mm - Polished,"Supply and install 40 mm polished sandstone façade cladding using undercut anchor system, including panels, anchors or adhesive, subframe, restraints, joints, flashings, sealants and protection. | Code Ref: 04 42 00 / OmniClass 23-13 31 21 | Spec: Stone Type/Source: ___ | Thickness: ___ | Panel Size: ___ | Finish: ___ | Fixing System: ___ | Anchor Material: ___ | Subframe: ___ | Design Load: ___ | Water Absorption: ___ | Standard: ___ | Remarks: Pattern-based master item; verify project classification, structural design, local code, tested system, manufacturer data and consultant requirements.",,m²,,,,,,,
FACADE-15359,construction,Stone Cladding,Sandstone Cladding - Undercut Anchor - 40 mm - Sandblasted,"Supply and install 40 mm sandblasted sandstone façade cladding using undercut anchor system, including panels, anchors or adhesive, subframe, restraints, joints, flashings, sealants and protection. | Code Ref: 04 42 00 / OmniClass 23-13 31 21 | Spec: Stone Type/Source: ___ | Thickness: ___ | Panel Size: ___ | Finish: ___ | Fixing System: ___ | Anchor Material: ___ | Subframe: ___ | Design Load: ___ | Water Absorption: ___ | Standard: ___ | Remarks: Pattern-based master item; verify project classification, structural design, local code, tested system, manufacturer data and consultant requirements.",,m²,,,,,,,
FACADE-15360,construction,Stone Cladding,Sandstone Cladding - Undercut Anchor - 50 mm - Bush-Hammered,"Supply and install 50 mm bush-hammered sandstone façade cladding using undercut anchor system, including panels, anchors or adhesive, subframe, restraints, joints, flashings, sealants and protection. | Code Ref: 04 42 00 / OmniClass 23-13 31 21 | Spec: Stone Type/Source: ___ | Thickness: ___ | Panel Size: ___ | Finish: ___ | Fixing System: ___ | Anchor Material: ___ | Subframe: ___ | Design Load: ___ | Water Absorption: ___ | Standard: ___ | Remarks: Pattern-based master item; verify project classification, structural design, local code, tested system, manufacturer data and consultant requirements.",,m²,,,,,,,
FACADE-15361,construction,Stone Cladding,Sandstone Cladding - Undercut Anchor - 50 mm - Flamed,"Supply and install 50 mm flamed sandstone façade cladding using undercut anchor system, including panels, anchors or adhesive, subframe, restraints, joints, flashings, sealants and protection. | Code Ref: 04 42 00 / OmniClass 23-13 31 21 | Spec: Stone Type/Source: ___ | Thickness: ___ | Panel Size: ___ | Finish: ___ | Fixing System: ___ | Anchor Material: ___ | Subframe: ___ | Design Load: ___ | Water Absorption: ___ | Standard: ___ | Remarks: Pattern-based master item; verify project classification, structural design, local code, tested system, manufacturer data and consultant requirements.",,m²,,,,,,,
FACADE-15362,construction,Stone Cladding,Sandstone Cladding - Undercut Anchor - 50 mm - Honed,"Supply and install 50 mm honed sandstone façade cladding using undercut anchor system, including panels, anchors or adhesive, subframe, restraints, joints, flashings, sealants and protection. | Code Ref: 04 42 00 / OmniClass 23-13 31 21 | Spec: Stone Type/Source: ___ | Thickness: ___ | Panel Size: ___ | Finish: ___ | Fixing System: ___ | Anchor Material: ___ | Subframe: ___ | Design Load: ___ | Water Absorption: ___ | Standard: ___ | Remarks: Pattern-based master item; verify project classification, structural design, local code, tested system, manufacturer data and consultant requirements.",,m²,,,,,,,
FACADE-15363,construction,Stone Cladding,Sandstone Cladding - Undercut Anchor - 50 mm - Leathered,"Supply and install 50 mm leathered sandstone façade cladding using undercut anchor system, including panels, anchors or adhesive, subframe, restraints, joints, flashings, sealants and protection. | Code Ref: 04 42 00 / OmniClass 23-13 31 21 | Spec: Stone Type/Source: ___ | Thickness: ___ | Panel Size: ___ | Finish: ___ | Fixing System: ___ | Anchor Material: ___ | Subframe: ___ | Design Load: ___ | Water Absorption: ___ | Standard: ___ | Remarks: Pattern-based master item; verify project classification, structural design, local code, tested system, manufacturer data and consultant requirements.",,m²,,,,,,,
FACADE-15364,construction,Stone Cladding,Sandstone Cladding - Undercut Anchor - 50 mm - Natural Split,"Supply and install 50 mm natural split sandstone façade cladding using undercut anchor system, including panels, anchors or adhesive, subframe, restraints, joints, flashings, sealants and protection. | Code Ref: 04 42 00 / OmniClass 23-13 31 21 | Spec: Stone Type/Source: ___ | Thickness: ___ | Panel Size: ___ | Finish: ___ | Fixing System: ___ | Anchor Material: ___ | Subframe: ___ | Design Load: ___ | Water Absorption: ___ | Standard: ___ | Remarks: Pattern-based master item; verify project classification, structural design, local code, tested system, manufacturer data and consultant requirements.",,m²,,,,,,,
FACADE-15365,construction,Stone Cladding,Sandstone Cladding - Undercut Anchor - 50 mm - Polished,"Supply and install 50 mm polished sandstone façade cladding using undercut anchor system, including panels, anchors or adhesive, subframe, restraints, joints, flashings, sealants and protection. | Code Ref: 04 42 00 / OmniClass 23-13 31 21 | Spec: Stone Type/Source: ___ | Thickness: ___ | Panel Size: ___ | Finish: ___ | Fixing System: ___ | Anchor Material: ___ | Subframe: ___ | Design Load: ___ | Water Absorption: ___ | Standard: ___ | Remarks: Pattern-based master item; verify project classification, structural design, local code, tested system, manufacturer data and consultant requirements.",,m²,,,,,,,
FACADE-15366,construction,Stone Cladding,Sandstone Cladding - Undercut Anchor - 50 mm - Sandblasted,"Supply and install 50 mm sandblasted sandstone façade cladding using undercut anchor system, including panels, anchors or adhesive, subframe, restraints, joints, flashings, sealants and protection. | Code Ref: 04 42 00 / OmniClass 23-13 31 21 | Spec: Stone Type/Source: ___ | Thickness: ___ | Panel Size: ___ | Finish: ___ | Fixing System: ___ | Anchor Material: ___ | Subframe: ___ | Design Load: ___ | Water Absorption: ___ | Standard: ___ | Remarks: Pattern-based master item; verify project classification, structural design, local code, tested system, manufacturer data and consultant requirements.",,m²,,,,,,,
FACADE-15367,construction,Stone Cladding,Slate Cladding - Adhesive-Fixed - 20 mm - Bush-Hammered,"Supply and install 20 mm bush-hammered slate façade cladding using adhesive-fixed system, including panels, anchors or adhesive, subframe, restraints, joints, flashings, sealants and protection. | Code Ref: 04 42 00 / OmniClass 23-13 31 21 | Spec: Stone Type/Source: ___ | Thickness: ___ | Panel Size: ___ | Finish: ___ | Fixing System: ___ | Anchor Material: ___ | Subframe: ___ | Design Load: ___ | Water Absorption: ___ | Standard: ___ | Remarks: Pattern-based master item; verify project classification, structural design, local code, tested system, manufacturer data and consultant requirements.",,m²,,,,,,,
FACADE-15368,construction,Stone Cladding,Slate Cladding - Adhesive-Fixed - 20 mm - Flamed,"Supply and install 20 mm flamed slate façade cladding using adhesive-fixed system, including panels, anchors or adhesive, subframe, restraints, joints, flashings, sealants and protection. | Code Ref: 04 42 00 / OmniClass 23-13 31 21 | Spec: Stone Type/Source: ___ | Thickness: ___ | Panel Size: ___ | Finish: ___ | Fixing System: ___ | Anchor Material: ___ | Subframe: ___ | Design Load: ___ | Water Absorption: ___ | Standard: ___ | Remarks: Pattern-based master item; verify project classification, structural design, local code, tested system, manufacturer data and consultant requirements.",,m²,,,,,,,
FACADE-15369,construction,Stone Cladding,Slate Cladding - Adhesive-Fixed - 20 mm - Honed,"Supply and install 20 mm honed slate façade cladding using adhesive-fixed system, including panels, anchors or adhesive, subframe, restraints, joints, flashings, sealants and protection. | Code Ref: 04 42 00 / OmniClass 23-13 31 21 | Spec: Stone Type/Source: ___ | Thickness: ___ | Panel Size: ___ | Finish: ___ | Fixing System: ___ | Anchor Material: ___ | Subframe: ___ | Design Load: ___ | Water Absorption: ___ | Standard: ___ | Remarks: Pattern-based master item; verify project classification, structural design, local code, tested system, manufacturer data and consultant requirements.",,m²,,,,,,,
FACADE-15370,construction,Stone Cladding,Slate Cladding - Adhesive-Fixed - 20 mm - Leathered,"Supply and install 20 mm leathered slate façade cladding using adhesive-fixed system, including panels, anchors or adhesive, subframe, restraints, joints, flashings, sealants and protection. | Code Ref: 04 42 00 / OmniClass 23-13 31 21 | Spec: Stone Type/Source: ___ | Thickness: ___ | Panel Size: ___ | Finish: ___ | Fixing System: ___ | Anchor Material: ___ | Subframe: ___ | Design Load: ___ | Water Absorption: ___ | Standard: ___ | Remarks: Pattern-based master item; verify project classification, structural design, local code, tested system, manufacturer data and consultant requirements.",,m²,,,,,,,
FACADE-15371,construction,Stone Cladding,Slate Cladding - Adhesive-Fixed - 20 mm - Natural Split,"Supply and install 20 mm natural split slate façade cladding using adhesive-fixed system, including panels, anchors or adhesive, subframe, restraints, joints, flashings, sealants and protection. | Code Ref: 04 42 00 / OmniClass 23-13 31 21 | Spec: Stone Type/Source: ___ | Thickness: ___ | Panel Size: ___ | Finish: ___ | Fixing System: ___ | Anchor Material: ___ | Subframe: ___ | Design Load: ___ | Water Absorption: ___ | Standard: ___ | Remarks: Pattern-based master item; verify project classification, structural design, local code, tested system, manufacturer data and consultant requirements.",,m²,,,,,,,
FACADE-15372,construction,Stone Cladding,Slate Cladding - Adhesive-Fixed - 20 mm - Polished,"Supply and install 20 mm polished slate façade cladding using adhesive-fixed system, including panels, anchors or adhesive, subframe, restraints, joints, flashings, sealants and protection. | Code Ref: 04 42 00 / OmniClass 23-13 31 21 | Spec: Stone Type/Source: ___ | Thickness: ___ | Panel Size: ___ | Finish: ___ | Fixing System: ___ | Anchor Material: ___ | Subframe: ___ | Design Load: ___ | Water Absorption: ___ | Standard: ___ | Remarks: Pattern-based master item; verify project classification, structural design, local code, tested system, manufacturer data and consultant requirements.",,m²,,,,,,,
FACADE-15373,construction,Stone Cladding,Slate Cladding - Adhesive-Fixed - 20 mm - Sandblasted,"Supply and install 20 mm sandblasted slate façade cladding using adhesive-fixed system, including panels, anchors or adhesive, subframe, restraints, joints, flashings, sealants and protection. | Code Ref: 04 42 00 / OmniClass 23-13 31 21 | Spec: Stone Type/Source: ___ | Thickness: ___ | Panel Size: ___ | Finish: ___ | Fixing System: ___ | Anchor Material: ___ | Subframe: ___ | Design Load: ___ | Water Absorption: ___ | Standard: ___ | Remarks: Pattern-based master item; verify project classification, structural design, local code, tested system, manufacturer data and consultant requirements.",,m²,,,,,,,
FACADE-15374,construction,Stone Cladding,Slate Cladding - Adhesive-Fixed - 25 mm - Bush-Hammered,"Supply and install 25 mm bush-hammered slate façade cladding using adhesive-fixed system, including panels, anchors or adhesive, subframe, restraints, joints, flashings, sealants and protection. | Code Ref: 04 42 00 / OmniClass 23-13 31 21 | Spec: Stone Type/Source: ___ | Thickness: ___ | Panel Size: ___ | Finish: ___ | Fixing System: ___ | Anchor Material: ___ | Subframe: ___ | Design Load: ___ | Water Absorption: ___ | Standard: ___ | Remarks: Pattern-based master item; verify project classification, structural design, local code, tested system, manufacturer data and consultant requirements.",,m²,,,,,,,
FACADE-15375,construction,Stone Cladding,Slate Cladding - Adhesive-Fixed - 25 mm - Flamed,"Supply and install 25 mm flamed slate façade cladding using adhesive-fixed system, including panels, anchors or adhesive, subframe, restraints, joints, flashings, sealants and protection. | Code Ref: 04 42 00 / OmniClass 23-13 31 21 | Spec: Stone Type/Source: ___ | Thickness: ___ | Panel Size: ___ | Finish: ___ | Fixing System: ___ | Anchor Material: ___ | Subframe: ___ | Design Load: ___ | Water Absorption: ___ | Standard: ___ | Remarks: Pattern-based master item; verify project classification, structural design, local code, tested system, manufacturer data and consultant requirements.",,m²,,,,,,,
FACADE-15376,construction,Stone Cladding,Slate Cladding - Adhesive-Fixed - 25 mm - Honed,"Supply and install 25 mm honed slate façade cladding using adhesive-fixed system, including panels, anchors or adhesive, subframe, restraints, joints, flashings, sealants and protection. | Code Ref: 04 42 00 / OmniClass 23-13 31 21 | Spec: Stone Type/Source: ___ | Thickness: ___ | Panel Size: ___ | Finish: ___ | Fixing System: ___ | Anchor Material: ___ | Subframe: ___ | Design Load: ___ | Water Absorption: ___ | Standard: ___ | Remarks: Pattern-based master item; verify project classification, structural design, local code, tested system, manufacturer data and consultant requirements.",,m²,,,,,,,
FACADE-15377,construction,Stone Cladding,Slate Cladding - Adhesive-Fixed - 25 mm - Leathered,"Supply and install 25 mm leathered slate façade cladding using adhesive-fixed system, including panels, anchors or adhesive, subframe, restraints, joints, flashings, sealants and protection. | Code Ref: 04 42 00 / OmniClass 23-13 31 21 | Spec: Stone Type/Source: ___ | Thickness: ___ | Panel Size: ___ | Finish: ___ | Fixing System: ___ | Anchor Material: ___ | Subframe: ___ | Design Load: ___ | Water Absorption: ___ | Standard: ___ | Remarks: Pattern-based master item; verify project classification, structural design, local code, tested system, manufacturer data and consultant requirements.",,m²,,,,,,,
FACADE-15378,construction,Stone Cladding,Slate Cladding - Adhesive-Fixed - 25 mm - Natural Split,"Supply and install 25 mm natural split slate façade cladding using adhesive-fixed system, including panels, anchors or adhesive, subframe, restraints, joints, flashings, sealants and protection. | Code Ref: 04 42 00 / OmniClass 23-13 31 21 | Spec: Stone Type/Source: ___ | Thickness: ___ | Panel Size: ___ | Finish: ___ | Fixing System: ___ | Anchor Material: ___ | Subframe: ___ | Design Load: ___ | Water Absorption: ___ | Standard: ___ | Remarks: Pattern-based master item; verify project classification, structural design, local code, tested system, manufacturer data and consultant requirements.",,m²,,,,,,,
FACADE-15379,construction,Stone Cladding,Slate Cladding - Adhesive-Fixed - 25 mm - Polished,"Supply and install 25 mm polished slate façade cladding using adhesive-fixed system, including panels, anchors or adhesive, subframe, restraints, joints, flashings, sealants and protection. | Code Ref: 04 42 00 / OmniClass 23-13 31 21 | Spec: Stone Type/Source: ___ | Thickness: ___ | Panel Size: ___ | Finish: ___ | Fixing System: ___ | Anchor Material: ___ | Subframe: ___ | Design Load: ___ | Water Absorption: ___ | Standard: ___ | Remarks: Pattern-based master item; verify project classification, structural design, local code, tested system, manufacturer data and consultant requirements.",,m²,,,,,,,
FACADE-15380,construction,Stone Cladding,Slate Cladding - Adhesive-Fixed - 25 mm - Sandblasted,"Supply and install 25 mm sandblasted slate façade cladding using adhesive-fixed system, including panels, anchors or adhesive, subframe, restraints, joints, flashings, sealants and protection. | Code Ref: 04 42 00 / OmniClass 23-13 31 21 | Spec: Stone Type/Source: ___ | Thickness: ___ | Panel Size: ___ | Finish: ___ | Fixing System: ___ | Anchor Material: ___ | Subframe: ___ | Design Load: ___ | Water Absorption: ___ | Standard: ___ | Remarks: Pattern-based master item; verify project classification, structural design, local code, tested system, manufacturer data and consultant requirements.",,m²,,,,,,,
FACADE-15381,construction,Stone Cladding,Slate Cladding - Adhesive-Fixed - 30 mm - Bush-Hammered,"Supply and install 30 mm bush-hammered slate façade cladding using adhesive-fixed system, including panels, anchors or adhesive, subframe, restraints, joints, flashings, sealants and protection. | Code Ref: 04 42 00 / OmniClass 23-13 31 21 | Spec: Stone Type/Source: ___ | Thickness: ___ | Panel Size: ___ | Finish: ___ | Fixing System: ___ | Anchor Material: ___ | Subframe: ___ | Design Load: ___ | Water Absorption: ___ | Standard: ___ | Remarks: Pattern-based master item; verify project classification, structural design, local code, tested system, manufacturer data and consultant requirements.",,m²,,,,,,,
FACADE-15382,construction,Stone Cladding,Slate Cladding - Adhesive-Fixed - 30 mm - Flamed,"Supply and install 30 mm flamed slate façade cladding using adhesive-fixed system, including panels, anchors or adhesive, subframe, restraints, joints, flashings, sealants and protection. | Code Ref: 04 42 00 / OmniClass 23-13 31 21 | Spec: Stone Type/Source: ___ | Thickness: ___ | Panel Size: ___ | Finish: ___ | Fixing System: ___ | Anchor Material: ___ | Subframe: ___ | Design Load: ___ | Water Absorption: ___ | Standard: ___ | Remarks: Pattern-based master item; verify project classification, structural design, local code, tested system, manufacturer data and consultant requirements.",,m²,,,,,,,
FACADE-15383,construction,Stone Cladding,Slate Cladding - Adhesive-Fixed - 30 mm - Honed,"Supply and install 30 mm honed slate façade cladding using adhesive-fixed system, including panels, anchors or adhesive, subframe, restraints, joints, flashings, sealants and protection. | Code Ref: 04 42 00 / OmniClass 23-13 31 21 | Spec: Stone Type/Source: ___ | Thickness: ___ | Panel Size: ___ | Finish: ___ | Fixing System: ___ | Anchor Material: ___ | Subframe: ___ | Design Load: ___ | Water Absorption: ___ | Standard: ___ | Remarks: Pattern-based master item; verify project classification, structural design, local code, tested system, manufacturer data and consultant requirements.",,m²,,,,,,,
FACADE-15384,construction,Stone Cladding,Slate Cladding - Adhesive-Fixed - 30 mm - Leathered,"Supply and install 30 mm leathered slate façade cladding using adhesive-fixed system, including panels, anchors or adhesive, subframe, restraints, joints, flashings, sealants and protection. | Code Ref: 04 42 00 / OmniClass 23-13 31 21 | Spec: Stone Type/Source: ___ | Thickness: ___ | Panel Size: ___ | Finish: ___ | Fixing System: ___ | Anchor Material: ___ | Subframe: ___ | Design Load: ___ | Water Absorption: ___ | Standard: ___ | Remarks: Pattern-based master item; verify project classification, structural design, local code, tested system, manufacturer data and consultant requirements.",,m²,,,,,,,
FACADE-15385,construction,Stone Cladding,Slate Cladding - Adhesive-Fixed - 30 mm - Natural Split,"Supply and install 30 mm natural split slate façade cladding using adhesive-fixed system, including panels, anchors or adhesive, subframe, restraints, joints, flashings, sealants and protection. | Code Ref: 04 42 00 / OmniClass 23-13 31 21 | Spec: Stone Type/Source: ___ | Thickness: ___ | Panel Size: ___ | Finish: ___ | Fixing System: ___ | Anchor Material: ___ | Subframe: ___ | Design Load: ___ | Water Absorption: ___ | Standard: ___ | Remarks: Pattern-based master item; verify project classification, structural design, local code, tested system, manufacturer data and consultant requirements.",,m²,,,,,,,
FACADE-15386,construction,Stone Cladding,Slate Cladding - Adhesive-Fixed - 30 mm - Polished,"Supply and install 30 mm polished slate façade cladding using adhesive-fixed system, including panels, anchors or adhesive, subframe, restraints, joints, flashings, sealants and protection. | Code Ref: 04 42 00 / OmniClass 23-13 31 21 | Spec: Stone Type/Source: ___ | Thickness: ___ | Panel Size: ___ | Finish: ___ | Fixing System: ___ | Anchor Material: ___ | Subframe: ___ | Design Load: ___ | Water Absorption: ___ | Standard: ___ | Remarks: Pattern-based master item; verify project classification, structural design, local code, tested system, manufacturer data and consultant requirements.",,m²,,,,,,,
FACADE-15387,construction,Stone Cladding,Slate Cladding - Adhesive-Fixed - 30 mm - Sandblasted,"Supply and install 30 mm sandblasted slate façade cladding using adhesive-fixed system, including panels, anchors or adhesive, subframe, restraints, joints, flashings, sealants and protection. | Code Ref: 04 42 00 / OmniClass 23-13 31 21 | Spec: Stone Type/Source: ___ | Thickness: ___ | Panel Size: ___ | Finish: ___ | Fixing System: ___ | Anchor Material: ___ | Subframe: ___ | Design Load: ___ | Water Absorption: ___ | Standard: ___ | Remarks: Pattern-based master item; verify project classification, structural design, local code, tested system, manufacturer data and consultant requirements.",,m²,,,,,,,
FACADE-15388,construction,Stone Cladding,Slate Cladding - Adhesive-Fixed - 40 mm - Bush-Hammered,"Supply and install 40 mm bush-hammered slate façade cladding using adhesive-fixed system, including panels, anchors or adhesive, subframe, restraints, joints, flashings, sealants and protection. | Code Ref: 04 42 00 / OmniClass 23-13 31 21 | Spec: Stone Type/Source: ___ | Thickness: ___ | Panel Size: ___ | Finish: ___ | Fixing System: ___ | Anchor Material: ___ | Subframe: ___ | Design Load: ___ | Water Absorption: ___ | Standard: ___ | Remarks: Pattern-based master item; verify project classification, structural design, local code, tested system, manufacturer data and consultant requirements.",,m²,,,,,,,
FACADE-15389,construction,Stone Cladding,Slate Cladding - Adhesive-Fixed - 40 mm - Flamed,"Supply and install 40 mm flamed slate façade cladding using adhesive-fixed system, including panels, anchors or adhesive, subframe, restraints, joints, flashings, sealants and protection. | Code Ref: 04 42 00 / OmniClass 23-13 31 21 | Spec: Stone Type/Source: ___ | Thickness: ___ | Panel Size: ___ | Finish: ___ | Fixing System: ___ | Anchor Material: ___ | Subframe: ___ | Design Load: ___ | Water Absorption: ___ | Standard: ___ | Remarks: Pattern-based master item; verify project classification, structural design, local code, tested system, manufacturer data and consultant requirements.",,m²,,,,,,,
FACADE-15390,construction,Stone Cladding,Slate Cladding - Adhesive-Fixed - 40 mm - Honed,"Supply and install 40 mm honed slate façade cladding using adhesive-fixed system, including panels, anchors or adhesive, subframe, restraints, joints, flashings, sealants and protection. | Code Ref: 04 42 00 / OmniClass 23-13 31 21 | Spec: Stone Type/Source: ___ | Thickness: ___ | Panel Size: ___ | Finish: ___ | Fixing System: ___ | Anchor Material: ___ | Subframe: ___ | Design Load: ___ | Water Absorption: ___ | Standard: ___ | Remarks: Pattern-based master item; verify project classification, structural design, local code, tested system, manufacturer data and consultant requirements.",,m²,,,,,,,
FACADE-15391,construction,Stone Cladding,Slate Cladding - Adhesive-Fixed - 40 mm - Leathered,"Supply and install 40 mm leathered slate façade cladding using adhesive-fixed system, including panels, anchors or adhesive, subframe, restraints, joints, flashings, sealants and protection. | Code Ref: 04 42 00 / OmniClass 23-13 31 21 | Spec: Stone Type/Source: ___ | Thickness: ___ | Panel Size: ___ | Finish: ___ | Fixing System: ___ | Anchor Material: ___ | Subframe: ___ | Design Load: ___ | Water Absorption: ___ | Standard: ___ | Remarks: Pattern-based master item; verify project classification, structural design, local code, tested system, manufacturer data and consultant requirements.",,m²,,,,,,,
FACADE-15392,construction,Stone Cladding,Slate Cladding - Adhesive-Fixed - 40 mm - Natural Split,"Supply and install 40 mm natural split slate façade cladding using adhesive-fixed system, including panels, anchors or adhesive, subframe, restraints, joints, flashings, sealants and protection. | Code Ref: 04 42 00 / OmniClass 23-13 31 21 | Spec: Stone Type/Source: ___ | Thickness: ___ | Panel Size: ___ | Finish: ___ | Fixing System: ___ | Anchor Material: ___ | Subframe: ___ | Design Load: ___ | Water Absorption: ___ | Standard: ___ | Remarks: Pattern-based master item; verify project classification, structural design, local code, tested system, manufacturer data and consultant requirements.",,m²,,,,,,,
FACADE-15393,construction,Stone Cladding,Slate Cladding - Adhesive-Fixed - 40 mm - Polished,"Supply and install 40 mm polished slate façade cladding using adhesive-fixed system, including panels, anchors or adhesive, subframe, restraints, joints, flashings, sealants and protection. | Code Ref: 04 42 00 / OmniClass 23-13 31 21 | Spec: Stone Type/Source: ___ | Thickness: ___ | Panel Size: ___ | Finish: ___ | Fixing System: ___ | Anchor Material: ___ | Subframe: ___ | Design Load: ___ | Water Absorption: ___ | Standard: ___ | Remarks: Pattern-based master item; verify project classification, structural design, local code, tested system, manufacturer data and consultant requirements.",,m²,,,,,,,
FACADE-15394,construction,Stone Cladding,Slate Cladding - Adhesive-Fixed - 40 mm - Sandblasted,"Supply and install 40 mm sandblasted slate façade cladding using adhesive-fixed system, including panels, anchors or adhesive, subframe, restraints, joints, flashings, sealants and protection. | Code Ref: 04 42 00 / OmniClass 23-13 31 21 | Spec: Stone Type/Source: ___ | Thickness: ___ | Panel Size: ___ | Finish: ___ | Fixing System: ___ | Anchor Material: ___ | Subframe: ___ | Design Load: ___ | Water Absorption: ___ | Standard: ___ | Remarks: Pattern-based master item; verify project classification, structural design, local code, tested system, manufacturer data and consultant requirements.",,m²,,,,,,,
FACADE-15395,construction,Stone Cladding,Slate Cladding - Adhesive-Fixed - 50 mm - Bush-Hammered,"Supply and install 50 mm bush-hammered slate façade cladding using adhesive-fixed system, including panels, anchors or adhesive, subframe, restraints, joints, flashings, sealants and protection. | Code Ref: 04 42 00 / OmniClass 23-13 31 21 | Spec: Stone Type/Source: ___ | Thickness: ___ | Panel Size: ___ | Finish: ___ | Fixing System: ___ | Anchor Material: ___ | Subframe: ___ | Design Load: ___ | Water Absorption: ___ | Standard: ___ | Remarks: Pattern-based master item; verify project classification, structural design, local code, tested system, manufacturer data and consultant requirements.",,m²,,,,,,,
FACADE-15396,construction,Stone Cladding,Slate Cladding - Adhesive-Fixed - 50 mm - Flamed,"Supply and install 50 mm flamed slate façade cladding using adhesive-fixed system, including panels, anchors or adhesive, subframe, restraints, joints, flashings, sealants and protection. | Code Ref: 04 42 00 / OmniClass 23-13 31 21 | Spec: Stone Type/Source: ___ | Thickness: ___ | Panel Size: ___ | Finish: ___ | Fixing System: ___ | Anchor Material: ___ | Subframe: ___ | Design Load: ___ | Water Absorption: ___ | Standard: ___ | Remarks: Pattern-based master item; verify project classification, structural design, local code, tested system, manufacturer data and consultant requirements.",,m²,,,,,,,
FACADE-15397,construction,Stone Cladding,Slate Cladding - Adhesive-Fixed - 50 mm - Honed,"Supply and install 50 mm honed slate façade cladding using adhesive-fixed system, including panels, anchors or adhesive, subframe, restraints, joints, flashings, sealants and protection. | Code Ref: 04 42 00 / OmniClass 23-13 31 21 | Spec: Stone Type/Source: ___ | Thickness: ___ | Panel Size: ___ | Finish: ___ | Fixing System: ___ | Anchor Material: ___ | Subframe: ___ | Design Load: ___ | Water Absorption: ___ | Standard: ___ | Remarks: Pattern-based master item; verify project classification, structural design, local code, tested system, manufacturer data and consultant requirements.",,m²,,,,,,,
FACADE-15398,construction,Stone Cladding,Slate Cladding - Adhesive-Fixed - 50 mm - Leathered,"Supply and install 50 mm leathered slate façade cladding using adhesive-fixed system, including panels, anchors or adhesive, subframe, restraints, joints, flashings, sealants and protection. | Code Ref: 04 42 00 / OmniClass 23-13 31 21 | Spec: Stone Type/Source: ___ | Thickness: ___ | Panel Size: ___ | Finish: ___ | Fixing System: ___ | Anchor Material: ___ | Subframe: ___ | Design Load: ___ | Water Absorption: ___ | Standard: ___ | Remarks: Pattern-based master item; verify project classification, structural design, local code, tested system, manufacturer data and consultant requirements.",,m²,,,,,,,
FACADE-15399,construction,Stone Cladding,Slate Cladding - Adhesive-Fixed - 50 mm - Natural Split,"Supply and install 50 mm natural split slate façade cladding using adhesive-fixed system, including panels, anchors or adhesive, subframe, restraints, joints, flashings, sealants and protection. | Code Ref: 04 42 00 / OmniClass 23-13 31 21 | Spec: Stone Type/Source: ___ | Thickness: ___ | Panel Size: ___ | Finish: ___ | Fixing System: ___ | Anchor Material: ___ | Subframe: ___ | Design Load: ___ | Water Absorption: ___ | Standard: ___ | Remarks: Pattern-based master item; verify project classification, structural design, local code, tested system, manufacturer data and consultant requirements.",,m²,,,,,,,
FACADE-15400,construction,Stone Cladding,Slate Cladding - Adhesive-Fixed - 50 mm - Polished,"Supply and install 50 mm polished slate façade cladding using adhesive-fixed system, including panels, anchors or adhesive, subframe, restraints, joints, flashings, sealants and protection. | Code Ref: 04 42 00 / OmniClass 23-13 31 21 | Spec: Stone Type/Source: ___ | Thickness: ___ | Panel Size: ___ | Finish: ___ | Fixing System: ___ | Anchor Material: ___ | Subframe: ___ | Design Load: ___ | Water Absorption: ___ | Standard: ___ | Remarks: Pattern-based master item; verify project classification, structural design, local code, tested system, manufacturer data and consultant requirements.",,m²,,,,,,,
FACADE-15401,construction,Stone Cladding,Slate Cladding - Adhesive-Fixed - 50 mm - Sandblasted,"Supply and install 50 mm sandblasted slate façade cladding using adhesive-fixed system, including panels, anchors or adhesive, subframe, restraints, joints, flashings, sealants and protection. | Code Ref: 04 42 00 / OmniClass 23-13 31 21 | Spec: Stone Type/Source: ___ | Thickness: ___ | Panel Size: ___ | Finish: ___ | Fixing System: ___ | Anchor Material: ___ | Subframe: ___ | Design Load: ___ | Water Absorption: ___ | Standard: ___ | Remarks: Pattern-based master item; verify project classification, structural design, local code, tested system, manufacturer data and consultant requirements.",,m²,,,,,,,
FACADE-15402,construction,Stone Cladding,Slate Cladding - Dry-Hung - 20 mm - Bush-Hammered,"Supply and install 20 mm bush-hammered slate façade cladding using dry-hung system, including panels, anchors or adhesive, subframe, restraints, joints, flashings, sealants and protection. | Code Ref: 04 42 00 / OmniClass 23-13 31 21 | Spec: Stone Type/Source: ___ | Thickness: ___ | Panel Size: ___ | Finish: ___ | Fixing System: ___ | Anchor Material: ___ | Subframe: ___ | Design Load: ___ | Water Absorption: ___ | Standard: ___ | Remarks: Pattern-based master item; verify project classification, structural design, local code, tested system, manufacturer data and consultant requirements.",,m²,,,,,,,
FACADE-15403,construction,Stone Cladding,Slate Cladding - Dry-Hung - 20 mm - Flamed,"Supply and install 20 mm flamed slate façade cladding using dry-hung system, including panels, anchors or adhesive, subframe, restraints, joints, flashings, sealants and protection. | Code Ref: 04 42 00 / OmniClass 23-13 31 21 | Spec: Stone Type/Source: ___ | Thickness: ___ | Panel Size: ___ | Finish: ___ | Fixing System: ___ | Anchor Material: ___ | Subframe: ___ | Design Load: ___ | Water Absorption: ___ | Standard: ___ | Remarks: Pattern-based master item; verify project classification, structural design, local code, tested system, manufacturer data and consultant requirements.",,m²,,,,,,,
FACADE-15404,construction,Stone Cladding,Slate Cladding - Dry-Hung - 20 mm - Honed,"Supply and install 20 mm honed slate façade cladding using dry-hung system, including panels, anchors or adhesive, subframe, restraints, joints, flashings, sealants and protection. | Code Ref: 04 42 00 / OmniClass 23-13 31 21 | Spec: Stone Type/Source: ___ | Thickness: ___ | Panel Size: ___ | Finish: ___ | Fixing System: ___ | Anchor Material: ___ | Subframe: ___ | Design Load: ___ | Water Absorption: ___ | Standard: ___ | Remarks: Pattern-based master item; verify project classification, structural design, local code, tested system, manufacturer data and consultant requirements.",,m²,,,,,,,
FACADE-15405,construction,Stone Cladding,Slate Cladding - Dry-Hung - 20 mm - Leathered,"Supply and install 20 mm leathered slate façade cladding using dry-hung system, including panels, anchors or adhesive, subframe, restraints, joints, flashings, sealants and protection. | Code Ref: 04 42 00 / OmniClass 23-13 31 21 | Spec: Stone Type/Source: ___ | Thickness: ___ | Panel Size: ___ | Finish: ___ | Fixing System: ___ | Anchor Material: ___ | Subframe: ___ | Design Load: ___ | Water Absorption: ___ | Standard: ___ | Remarks: Pattern-based master item; verify project classification, structural design, local code, tested system, manufacturer data and consultant requirements.",,m²,,,,,,,
FACADE-15406,construction,Stone Cladding,Slate Cladding - Dry-Hung - 20 mm - Natural Split,"Supply and install 20 mm natural split slate façade cladding using dry-hung system, including panels, anchors or adhesive, subframe, restraints, joints, flashings, sealants and protection. | Code Ref: 04 42 00 / OmniClass 23-13 31 21 | Spec: Stone Type/Source: ___ | Thickness: ___ | Panel Size: ___ | Finish: ___ | Fixing System: ___ | Anchor Material: ___ | Subframe: ___ | Design Load: ___ | Water Absorption: ___ | Standard: ___ | Remarks: Pattern-based master item; verify project classification, structural design, local code, tested system, manufacturer data and consultant requirements.",,m²,,,,,,,
FACADE-15407,construction,Stone Cladding,Slate Cladding - Dry-Hung - 20 mm - Polished,"Supply and install 20 mm polished slate façade cladding using dry-hung system, including panels, anchors or adhesive, subframe, restraints, joints, flashings, sealants and protection. | Code Ref: 04 42 00 / OmniClass 23-13 31 21 | Spec: Stone Type/Source: ___ | Thickness: ___ | Panel Size: ___ | Finish: ___ | Fixing System: ___ | Anchor Material: ___ | Subframe: ___ | Design Load: ___ | Water Absorption: ___ | Standard: ___ | Remarks: Pattern-based master item; verify project classification, structural design, local code, tested system, manufacturer data and consultant requirements.",,m²,,,,,,,
FACADE-15408,construction,Stone Cladding,Slate Cladding - Dry-Hung - 20 mm - Sandblasted,"Supply and install 20 mm sandblasted slate façade cladding using dry-hung system, including panels, anchors or adhesive, subframe, restraints, joints, flashings, sealants and protection. | Code Ref: 04 42 00 / OmniClass 23-13 31 21 | Spec: Stone Type/Source: ___ | Thickness: ___ | Panel Size: ___ | Finish: ___ | Fixing System: ___ | Anchor Material: ___ | Subframe: ___ | Design Load: ___ | Water Absorption: ___ | Standard: ___ | Remarks: Pattern-based master item; verify project classification, structural design, local code, tested system, manufacturer data and consultant requirements.",,m²,,,,,,,
FACADE-15409,construction,Stone Cladding,Slate Cladding - Dry-Hung - 25 mm - Bush-Hammered,"Supply and install 25 mm bush-hammered slate façade cladding using dry-hung system, including panels, anchors or adhesive, subframe, restraints, joints, flashings, sealants and protection. | Code Ref: 04 42 00 / OmniClass 23-13 31 21 | Spec: Stone Type/Source: ___ | Thickness: ___ | Panel Size: ___ | Finish: ___ | Fixing System: ___ | Anchor Material: ___ | Subframe: ___ | Design Load: ___ | Water Absorption: ___ | Standard: ___ | Remarks: Pattern-based master item; verify project classification, structural design, local code, tested system, manufacturer data and consultant requirements.",,m²,,,,,,,
FACADE-15410,construction,Stone Cladding,Slate Cladding - Dry-Hung - 25 mm - Flamed,"Supply and install 25 mm flamed slate façade cladding using dry-hung system, including panels, anchors or adhesive, subframe, restraints, joints, flashings, sealants and protection. | Code Ref: 04 42 00 / OmniClass 23-13 31 21 | Spec: Stone Type/Source: ___ | Thickness: ___ | Panel Size: ___ | Finish: ___ | Fixing System: ___ | Anchor Material: ___ | Subframe: ___ | Design Load: ___ | Water Absorption: ___ | Standard: ___ | Remarks: Pattern-based master item; verify project classification, structural design, local code, tested system, manufacturer data and consultant requirements.",,m²,,,,,,,
FACADE-15411,construction,Stone Cladding,Slate Cladding - Dry-Hung - 25 mm - Honed,"Supply and install 25 mm honed slate façade cladding using dry-hung system, including panels, anchors or adhesive, subframe, restraints, joints, flashings, sealants and protection. | Code Ref: 04 42 00 / OmniClass 23-13 31 21 | Spec: Stone Type/Source: ___ | Thickness: ___ | Panel Size: ___ | Finish: ___ | Fixing System: ___ | Anchor Material: ___ | Subframe: ___ | Design Load: ___ | Water Absorption: ___ | Standard: ___ | Remarks: Pattern-based master item; verify project classification, structural design, local code, tested system, manufacturer data and consultant requirements.",,m²,,,,,,,
FACADE-15412,construction,Stone Cladding,Slate Cladding - Dry-Hung - 25 mm - Leathered,"Supply and install 25 mm leathered slate façade cladding using dry-hung system, including panels, anchors or adhesive, subframe, restraints, joints, flashings, sealants and protection. | Code Ref: 04 42 00 / OmniClass 23-13 31 21 | Spec: Stone Type/Source: ___ | Thickness: ___ | Panel Size: ___ | Finish: ___ | Fixing System: ___ | Anchor Material: ___ | Subframe: ___ | Design Load: ___ | Water Absorption: ___ | Standard: ___ | Remarks: Pattern-based master item; verify project classification, structural design, local code, tested system, manufacturer data and consultant requirements.",,m²,,,,,,,
FACADE-15413,construction,Stone Cladding,Slate Cladding - Dry-Hung - 25 mm - Natural Split,"Supply and install 25 mm natural split slate façade cladding using dry-hung system, including panels, anchors or adhesive, subframe, restraints, joints, flashings, sealants and protection. | Code Ref: 04 42 00 / OmniClass 23-13 31 21 | Spec: Stone Type/Source: ___ | Thickness: ___ | Panel Size: ___ | Finish: ___ | Fixing System: ___ | Anchor Material: ___ | Subframe: ___ | Design Load: ___ | Water Absorption: ___ | Standard: ___ | Remarks: Pattern-based master item; verify project classification, structural design, local code, tested system, manufacturer data and consultant requirements.",,m²,,,,,,,
FACADE-15414,construction,Stone Cladding,Slate Cladding - Dry-Hung - 25 mm - Polished,"Supply and install 25 mm polished slate façade cladding using dry-hung system, including panels, anchors or adhesive, subframe, restraints, joints, flashings, sealants and protection. | Code Ref: 04 42 00 / OmniClass 23-13 31 21 | Spec: Stone Type/Source: ___ | Thickness: ___ | Panel Size: ___ | Finish: ___ | Fixing System: ___ | Anchor Material: ___ | Subframe: ___ | Design Load: ___ | Water Absorption: ___ | Standard: ___ | Remarks: Pattern-based master item; verify project classification, structural design, local code, tested system, manufacturer data and consultant requirements.",,m²,,,,,,,
FACADE-15415,construction,Stone Cladding,Slate Cladding - Dry-Hung - 25 mm - Sandblasted,"Supply and install 25 mm sandblasted slate façade cladding using dry-hung system, including panels, anchors or adhesive, subframe, restraints, joints, flashings, sealants and protection. | Code Ref: 04 42 00 / OmniClass 23-13 31 21 | Spec: Stone Type/Source: ___ | Thickness: ___ | Panel Size: ___ | Finish: ___ | Fixing System: ___ | Anchor Material: ___ | Subframe: ___ | Design Load: ___ | Water Absorption: ___ | Standard: ___ | Remarks: Pattern-based master item; verify project classification, structural design, local code, tested system, manufacturer data and consultant requirements.",,m²,,,,,,,
FACADE-15416,construction,Stone Cladding,Slate Cladding - Dry-Hung - 30 mm - Bush-Hammered,"Supply and install 30 mm bush-hammered slate façade cladding using dry-hung system, including panels, anchors or adhesive, subframe, restraints, joints, flashings, sealants and protection. | Code Ref: 04 42 00 / OmniClass 23-13 31 21 | Spec: Stone Type/Source: ___ | Thickness: ___ | Panel Size: ___ | Finish: ___ | Fixing System: ___ | Anchor Material: ___ | Subframe: ___ | Design Load: ___ | Water Absorption: ___ | Standard: ___ | Remarks: Pattern-based master item; verify project classification, structural design, local code, tested system, manufacturer data and consultant requirements.",,m²,,,,,,,
FACADE-15417,construction,Stone Cladding,Slate Cladding - Dry-Hung - 30 mm - Flamed,"Supply and install 30 mm flamed slate façade cladding using dry-hung system, including panels, anchors or adhesive, subframe, restraints, joints, flashings, sealants and protection. | Code Ref: 04 42 00 / OmniClass 23-13 31 21 | Spec: Stone Type/Source: ___ | Thickness: ___ | Panel Size: ___ | Finish: ___ | Fixing System: ___ | Anchor Material: ___ | Subframe: ___ | Design Load: ___ | Water Absorption: ___ | Standard: ___ | Remarks: Pattern-based master item; verify project classification, structural design, local code, tested system, manufacturer data and consultant requirements.",,m²,,,,,,,
FACADE-15418,construction,Stone Cladding,Slate Cladding - Dry-Hung - 30 mm - Honed,"Supply and install 30 mm honed slate façade cladding using dry-hung system, including panels, anchors or adhesive, subframe, restraints, joints, flashings, sealants and protection. | Code Ref: 04 42 00 / OmniClass 23-13 31 21 | Spec: Stone Type/Source: ___ | Thickness: ___ | Panel Size: ___ | Finish: ___ | Fixing System: ___ | Anchor Material: ___ | Subframe: ___ | Design Load: ___ | Water Absorption: ___ | Standard: ___ | Remarks: Pattern-based master item; verify project classification, structural design, local code, tested system, manufacturer data and consultant requirements.",,m²,,,,,,,
FACADE-15419,construction,Stone Cladding,Slate Cladding - Dry-Hung - 30 mm - Leathered,"Supply and install 30 mm leathered slate façade cladding using dry-hung system, including panels, anchors or adhesive, subframe, restraints, joints, flashings, sealants and protection. | Code Ref: 04 42 00 / OmniClass 23-13 31 21 | Spec: Stone Type/Source: ___ | Thickness: ___ | Panel Size: ___ | Finish: ___ | Fixing System: ___ | Anchor Material: ___ | Subframe: ___ | Design Load: ___ | Water Absorption: ___ | Standard: ___ | Remarks: Pattern-based master item; verify project classification, structural design, local code, tested system, manufacturer data and consultant requirements.",,m²,,,,,,,
FACADE-15420,construction,Stone Cladding,Slate Cladding - Dry-Hung - 30 mm - Natural Split,"Supply and install 30 mm natural split slate façade cladding using dry-hung system, including panels, anchors or adhesive, subframe, restraints, joints, flashings, sealants and protection. | Code Ref: 04 42 00 / OmniClass 23-13 31 21 | Spec: Stone Type/Source: ___ | Thickness: ___ | Panel Size: ___ | Finish: ___ | Fixing System: ___ | Anchor Material: ___ | Subframe: ___ | Design Load: ___ | Water Absorption: ___ | Standard: ___ | Remarks: Pattern-based master item; verify project classification, structural design, local code, tested system, manufacturer data and consultant requirements.",,m²,,,,,,,
FACADE-15421,construction,Stone Cladding,Slate Cladding - Dry-Hung - 30 mm - Polished,"Supply and install 30 mm polished slate façade cladding using dry-hung system, including panels, anchors or adhesive, subframe, restraints, joints, flashings, sealants and protection. | Code Ref: 04 42 00 / OmniClass 23-13 31 21 | Spec: Stone Type/Source: ___ | Thickness: ___ | Panel Size: ___ | Finish: ___ | Fixing System: ___ | Anchor Material: ___ | Subframe: ___ | Design Load: ___ | Water Absorption: ___ | Standard: ___ | Remarks: Pattern-based master item; verify project classification, structural design, local code, tested system, manufacturer data and consultant requirements.",,m²,,,,,,,
FACADE-15422,construction,Stone Cladding,Slate Cladding - Dry-Hung - 30 mm - Sandblasted,"Supply and install 30 mm sandblasted slate façade cladding using dry-hung system, including panels, anchors or adhesive, subframe, restraints, joints, flashings, sealants and protection. | Code Ref: 04 42 00 / OmniClass 23-13 31 21 | Spec: Stone Type/Source: ___ | Thickness: ___ | Panel Size: ___ | Finish: ___ | Fixing System: ___ | Anchor Material: ___ | Subframe: ___ | Design Load: ___ | Water Absorption: ___ | Standard: ___ | Remarks: Pattern-based master item; verify project classification, structural design, local code, tested system, manufacturer data and consultant requirements.",,m²,,,,,,,
FACADE-15423,construction,Stone Cladding,Slate Cladding - Dry-Hung - 40 mm - Bush-Hammered,"Supply and install 40 mm bush-hammered slate façade cladding using dry-hung system, including panels, anchors or adhesive, subframe, restraints, joints, flashings, sealants and protection. | Code Ref: 04 42 00 / OmniClass 23-13 31 21 | Spec: Stone Type/Source: ___ | Thickness: ___ | Panel Size: ___ | Finish: ___ | Fixing System: ___ | Anchor Material: ___ | Subframe: ___ | Design Load: ___ | Water Absorption: ___ | Standard: ___ | Remarks: Pattern-based master item; verify project classification, structural design, local code, tested system, manufacturer data and consultant requirements.",,m²,,,,,,,
FACADE-15424,construction,Stone Cladding,Slate Cladding - Dry-Hung - 40 mm - Flamed,"Supply and install 40 mm flamed slate façade cladding using dry-hung system, including panels, anchors or adhesive, subframe, restraints, joints, flashings, sealants and protection. | Code Ref: 04 42 00 / OmniClass 23-13 31 21 | Spec: Stone Type/Source: ___ | Thickness: ___ | Panel Size: ___ | Finish: ___ | Fixing System: ___ | Anchor Material: ___ | Subframe: ___ | Design Load: ___ | Water Absorption: ___ | Standard: ___ | Remarks: Pattern-based master item; verify project classification, structural design, local code, tested system, manufacturer data and consultant requirements.",,m²,,,,,,,
FACADE-15425,construction,Stone Cladding,Slate Cladding - Dry-Hung - 40 mm - Honed,"Supply and install 40 mm honed slate façade cladding using dry-hung system, including panels, anchors or adhesive, subframe, restraints, joints, flashings, sealants and protection. | Code Ref: 04 42 00 / OmniClass 23-13 31 21 | Spec: Stone Type/Source: ___ | Thickness: ___ | Panel Size: ___ | Finish: ___ | Fixing System: ___ | Anchor Material: ___ | Subframe: ___ | Design Load: ___ | Water Absorption: ___ | Standard: ___ | Remarks: Pattern-based master item; verify project classification, structural design, local code, tested system, manufacturer data and consultant requirements.",,m²,,,,,,,
FACADE-15426,construction,Stone Cladding,Slate Cladding - Dry-Hung - 40 mm - Leathered,"Supply and install 40 mm leathered slate façade cladding using dry-hung system, including panels, anchors or adhesive, subframe, restraints, joints, flashings, sealants and protection. | Code Ref: 04 42 00 / OmniClass 23-13 31 21 | Spec: Stone Type/Source: ___ | Thickness: ___ | Panel Size: ___ | Finish: ___ | Fixing System: ___ | Anchor Material: ___ | Subframe: ___ | Design Load: ___ | Water Absorption: ___ | Standard: ___ | Remarks: Pattern-based master item; verify project classification, structural design, local code, tested system, manufacturer data and consultant requirements.",,m²,,,,,,,
FACADE-15427,construction,Stone Cladding,Slate Cladding - Dry-Hung - 40 mm - Natural Split,"Supply and install 40 mm natural split slate façade cladding using dry-hung system, including panels, anchors or adhesive, subframe, restraints, joints, flashings, sealants and protection. | Code Ref: 04 42 00 / OmniClass 23-13 31 21 | Spec: Stone Type/Source: ___ | Thickness: ___ | Panel Size: ___ | Finish: ___ | Fixing System: ___ | Anchor Material: ___ | Subframe: ___ | Design Load: ___ | Water Absorption: ___ | Standard: ___ | Remarks: Pattern-based master item; verify project classification, structural design, local code, tested system, manufacturer data and consultant requirements.",,m²,,,,,,,
FACADE-15428,construction,Stone Cladding,Slate Cladding - Dry-Hung - 40 mm - Polished,"Supply and install 40 mm polished slate façade cladding using dry-hung system, including panels, anchors or adhesive, subframe, restraints, joints, flashings, sealants and protection. | Code Ref: 04 42 00 / OmniClass 23-13 31 21 | Spec: Stone Type/Source: ___ | Thickness: ___ | Panel Size: ___ | Finish: ___ | Fixing System: ___ | Anchor Material: ___ | Subframe: ___ | Design Load: ___ | Water Absorption: ___ | Standard: ___ | Remarks: Pattern-based master item; verify project classification, structural design, local code, tested system, manufacturer data and consultant requirements.",,m²,,,,,,,
FACADE-15429,construction,Stone Cladding,Slate Cladding - Dry-Hung - 40 mm - Sandblasted,"Supply and install 40 mm sandblasted slate façade cladding using dry-hung system, including panels, anchors or adhesive, subframe, restraints, joints, flashings, sealants and protection. | Code Ref: 04 42 00 / OmniClass 23-13 31 21 | Spec: Stone Type/Source: ___ | Thickness: ___ | Panel Size: ___ | Finish: ___ | Fixing System: ___ | Anchor Material: ___ | Subframe: ___ | Design Load: ___ | Water Absorption: ___ | Standard: ___ | Remarks: Pattern-based master item; verify project classification, structural design, local code, tested system, manufacturer data and consultant requirements.",,m²,,,,,,,
FACADE-15430,construction,Stone Cladding,Slate Cladding - Dry-Hung - 50 mm - Bush-Hammered,"Supply and install 50 mm bush-hammered slate façade cladding using dry-hung system, including panels, anchors or adhesive, subframe, restraints, joints, flashings, sealants and protection. | Code Ref: 04 42 00 / OmniClass 23-13 31 21 | Spec: Stone Type/Source: ___ | Thickness: ___ | Panel Size: ___ | Finish: ___ | Fixing System: ___ | Anchor Material: ___ | Subframe: ___ | Design Load: ___ | Water Absorption: ___ | Standard: ___ | Remarks: Pattern-based master item; verify project classification, structural design, local code, tested system, manufacturer data and consultant requirements.",,m²,,,,,,,
FACADE-15431,construction,Stone Cladding,Slate Cladding - Dry-Hung - 50 mm - Flamed,"Supply and install 50 mm flamed slate façade cladding using dry-hung system, including panels, anchors or adhesive, subframe, restraints, joints, flashings, sealants and protection. | Code Ref: 04 42 00 / OmniClass 23-13 31 21 | Spec: Stone Type/Source: ___ | Thickness: ___ | Panel Size: ___ | Finish: ___ | Fixing System: ___ | Anchor Material: ___ | Subframe: ___ | Design Load: ___ | Water Absorption: ___ | Standard: ___ | Remarks: Pattern-based master item; verify project classification, structural design, local code, tested system, manufacturer data and consultant requirements.",,m²,,,,,,,
FACADE-15432,construction,Stone Cladding,Slate Cladding - Dry-Hung - 50 mm - Honed,"Supply and install 50 mm honed slate façade cladding using dry-hung system, including panels, anchors or adhesive, subframe, restraints, joints, flashings, sealants and protection. | Code Ref: 04 42 00 / OmniClass 23-13 31 21 | Spec: Stone Type/Source: ___ | Thickness: ___ | Panel Size: ___ | Finish: ___ | Fixing System: ___ | Anchor Material: ___ | Subframe: ___ | Design Load: ___ | Water Absorption: ___ | Standard: ___ | Remarks: Pattern-based master item; verify project classification, structural design, local code, tested system, manufacturer data and consultant requirements.",,m²,,,,,,,
FACADE-15433,construction,Stone Cladding,Slate Cladding - Dry-Hung - 50 mm - Leathered,"Supply and install 50 mm leathered slate façade cladding using dry-hung system, including panels, anchors or adhesive, subframe, restraints, joints, flashings, sealants and protection. | Code Ref: 04 42 00 / OmniClass 23-13 31 21 | Spec: Stone Type/Source: ___ | Thickness: ___ | Panel Size: ___ | Finish: ___ | Fixing System: ___ | Anchor Material: ___ | Subframe: ___ | Design Load: ___ | Water Absorption: ___ | Standard: ___ | Remarks: Pattern-based master item; verify project classification, structural design, local code, tested system, manufacturer data and consultant requirements.",,m²,,,,,,,
FACADE-15434,construction,Stone Cladding,Slate Cladding - Dry-Hung - 50 mm - Natural Split,"Supply and install 50 mm natural split slate façade cladding using dry-hung system, including panels, anchors or adhesive, subframe, restraints, joints, flashings, sealants and protection. | Code Ref: 04 42 00 / OmniClass 23-13 31 21 | Spec: Stone Type/Source: ___ | Thickness: ___ | Panel Size: ___ | Finish: ___ | Fixing System: ___ | Anchor Material: ___ | Subframe: ___ | Design Load: ___ | Water Absorption: ___ | Standard: ___ | Remarks: Pattern-based master item; verify project classification, structural design, local code, tested system, manufacturer data and consultant requirements.",,m²,,,,,,,
FACADE-15435,construction,Stone Cladding,Slate Cladding - Dry-Hung - 50 mm - Polished,"Supply and install 50 mm polished slate façade cladding using dry-hung system, including panels, anchors or adhesive, subframe, restraints, joints, flashings, sealants and protection. | Code Ref: 04 42 00 / OmniClass 23-13 31 21 | Spec: Stone Type/Source: ___ | Thickness: ___ | Panel Size: ___ | Finish: ___ | Fixing System: ___ | Anchor Material: ___ | Subframe: ___ | Design Load: ___ | Water Absorption: ___ | Standard: ___ | Remarks: Pattern-based master item; verify project classification, structural design, local code, tested system, manufacturer data and consultant requirements.",,m²,,,,,,,
FACADE-15436,construction,Stone Cladding,Slate Cladding - Dry-Hung - 50 mm - Sandblasted,"Supply and install 50 mm sandblasted slate façade cladding using dry-hung system, including panels, anchors or adhesive, subframe, restraints, joints, flashings, sealants and protection. | Code Ref: 04 42 00 / OmniClass 23-13 31 21 | Spec: Stone Type/Source: ___ | Thickness: ___ | Panel Size: ___ | Finish: ___ | Fixing System: ___ | Anchor Material: ___ | Subframe: ___ | Design Load: ___ | Water Absorption: ___ | Standard: ___ | Remarks: Pattern-based master item; verify project classification, structural design, local code, tested system, manufacturer data and consultant requirements.",,m²,,,,,,,
FACADE-15437,construction,Stone Cladding,Slate Cladding - Kerf Fixing - 20 mm - Bush-Hammered,"Supply and install 20 mm bush-hammered slate façade cladding using kerf fixing system, including panels, anchors or adhesive, subframe, restraints, joints, flashings, sealants and protection. | Code Ref: 04 42 00 / OmniClass 23-13 31 21 | Spec: Stone Type/Source: ___ | Thickness: ___ | Panel Size: ___ | Finish: ___ | Fixing System: ___ | Anchor Material: ___ | Subframe: ___ | Design Load: ___ | Water Absorption: ___ | Standard: ___ | Remarks: Pattern-based master item; verify project classification, structural design, local code, tested system, manufacturer data and consultant requirements.",,m²,,,,,,,
FACADE-15438,construction,Stone Cladding,Slate Cladding - Kerf Fixing - 20 mm - Flamed,"Supply and install 20 mm flamed slate façade cladding using kerf fixing system, including panels, anchors or adhesive, subframe, restraints, joints, flashings, sealants and protection. | Code Ref: 04 42 00 / OmniClass 23-13 31 21 | Spec: Stone Type/Source: ___ | Thickness: ___ | Panel Size: ___ | Finish: ___ | Fixing System: ___ | Anchor Material: ___ | Subframe: ___ | Design Load: ___ | Water Absorption: ___ | Standard: ___ | Remarks: Pattern-based master item; verify project classification, structural design, local code, tested system, manufacturer data and consultant requirements.",,m²,,,,,,,
FACADE-15439,construction,Stone Cladding,Slate Cladding - Kerf Fixing - 20 mm - Honed,"Supply and install 20 mm honed slate façade cladding using kerf fixing system, including panels, anchors or adhesive, subframe, restraints, joints, flashings, sealants and protection. | Code Ref: 04 42 00 / OmniClass 23-13 31 21 | Spec: Stone Type/Source: ___ | Thickness: ___ | Panel Size: ___ | Finish: ___ | Fixing System: ___ | Anchor Material: ___ | Subframe: ___ | Design Load: ___ | Water Absorption: ___ | Standard: ___ | Remarks: Pattern-based master item; verify project classification, structural design, local code, tested system, manufacturer data and consultant requirements.",,m²,,,,,,,
FACADE-15440,construction,Stone Cladding,Slate Cladding - Kerf Fixing - 20 mm - Leathered,"Supply and install 20 mm leathered slate façade cladding using kerf fixing system, including panels, anchors or adhesive, subframe, restraints, joints, flashings, sealants and protection. | Code Ref: 04 42 00 / OmniClass 23-13 31 21 | Spec: Stone Type/Source: ___ | Thickness: ___ | Panel Size: ___ | Finish: ___ | Fixing System: ___ | Anchor Material: ___ | Subframe: ___ | Design Load: ___ | Water Absorption: ___ | Standard: ___ | Remarks: Pattern-based master item; verify project classification, structural design, local code, tested system, manufacturer data and consultant requirements.",,m²,,,,,,,
FACADE-15441,construction,Stone Cladding,Slate Cladding - Kerf Fixing - 20 mm - Natural Split,"Supply and install 20 mm natural split slate façade cladding using kerf fixing system, including panels, anchors or adhesive, subframe, restraints, joints, flashings, sealants and protection. | Code Ref: 04 42 00 / OmniClass 23-13 31 21 | Spec: Stone Type/Source: ___ | Thickness: ___ | Panel Size: ___ | Finish: ___ | Fixing System: ___ | Anchor Material: ___ | Subframe: ___ | Design Load: ___ | Water Absorption: ___ | Standard: ___ | Remarks: Pattern-based master item; verify project classification, structural design, local code, tested system, manufacturer data and consultant requirements.",,m²,,,,,,,
FACADE-15442,construction,Stone Cladding,Slate Cladding - Kerf Fixing - 20 mm - Polished,"Supply and install 20 mm polished slate façade cladding using kerf fixing system, including panels, anchors or adhesive, subframe, restraints, joints, flashings, sealants and protection. | Code Ref: 04 42 00 / OmniClass 23-13 31 21 | Spec: Stone Type/Source: ___ | Thickness: ___ | Panel Size: ___ | Finish: ___ | Fixing System: ___ | Anchor Material: ___ | Subframe: ___ | Design Load: ___ | Water Absorption: ___ | Standard: ___ | Remarks: Pattern-based master item; verify project classification, structural design, local code, tested system, manufacturer data and consultant requirements.",,m²,,,,,,,
FACADE-15443,construction,Stone Cladding,Slate Cladding - Kerf Fixing - 20 mm - Sandblasted,"Supply and install 20 mm sandblasted slate façade cladding using kerf fixing system, including panels, anchors or adhesive, subframe, restraints, joints, flashings, sealants and protection. | Code Ref: 04 42 00 / OmniClass 23-13 31 21 | Spec: Stone Type/Source: ___ | Thickness: ___ | Panel Size: ___ | Finish: ___ | Fixing System: ___ | Anchor Material: ___ | Subframe: ___ | Design Load: ___ | Water Absorption: ___ | Standard: ___ | Remarks: Pattern-based master item; verify project classification, structural design, local code, tested system, manufacturer data and consultant requirements.",,m²,,,,,,,
FACADE-15444,construction,Stone Cladding,Slate Cladding - Kerf Fixing - 25 mm - Bush-Hammered,"Supply and install 25 mm bush-hammered slate façade cladding using kerf fixing system, including panels, anchors or adhesive, subframe, restraints, joints, flashings, sealants and protection. | Code Ref: 04 42 00 / OmniClass 23-13 31 21 | Spec: Stone Type/Source: ___ | Thickness: ___ | Panel Size: ___ | Finish: ___ | Fixing System: ___ | Anchor Material: ___ | Subframe: ___ | Design Load: ___ | Water Absorption: ___ | Standard: ___ | Remarks: Pattern-based master item; verify project classification, structural design, local code, tested system, manufacturer data and consultant requirements.",,m²,,,,,,,
FACADE-15445,construction,Stone Cladding,Slate Cladding - Kerf Fixing - 25 mm - Flamed,"Supply and install 25 mm flamed slate façade cladding using kerf fixing system, including panels, anchors or adhesive, subframe, restraints, joints, flashings, sealants and protection. | Code Ref: 04 42 00 / OmniClass 23-13 31 21 | Spec: Stone Type/Source: ___ | Thickness: ___ | Panel Size: ___ | Finish: ___ | Fixing System: ___ | Anchor Material: ___ | Subframe: ___ | Design Load: ___ | Water Absorption: ___ | Standard: ___ | Remarks: Pattern-based master item; verify project classification, structural design, local code, tested system, manufacturer data and consultant requirements.",,m²,,,,,,,
FACADE-15446,construction,Stone Cladding,Slate Cladding - Kerf Fixing - 25 mm - Honed,"Supply and install 25 mm honed slate façade cladding using kerf fixing system, including panels, anchors or adhesive, subframe, restraints, joints, flashings, sealants and protection. | Code Ref: 04 42 00 / OmniClass 23-13 31 21 | Spec: Stone Type/Source: ___ | Thickness: ___ | Panel Size: ___ | Finish: ___ | Fixing System: ___ | Anchor Material: ___ | Subframe: ___ | Design Load: ___ | Water Absorption: ___ | Standard: ___ | Remarks: Pattern-based master item; verify project classification, structural design, local code, tested system, manufacturer data and consultant requirements.",,m²,,,,,,,
FACADE-15447,construction,Stone Cladding,Slate Cladding - Kerf Fixing - 25 mm - Leathered,"Supply and install 25 mm leathered slate façade cladding using kerf fixing system, including panels, anchors or adhesive, subframe, restraints, joints, flashings, sealants and protection. | Code Ref: 04 42 00 / OmniClass 23-13 31 21 | Spec: Stone Type/Source: ___ | Thickness: ___ | Panel Size: ___ | Finish: ___ | Fixing System: ___ | Anchor Material: ___ | Subframe: ___ | Design Load: ___ | Water Absorption: ___ | Standard: ___ | Remarks: Pattern-based master item; verify project classification, structural design, local code, tested system, manufacturer data and consultant requirements.",,m²,,,,,,,
FACADE-15448,construction,Stone Cladding,Slate Cladding - Kerf Fixing - 25 mm - Natural Split,"Supply and install 25 mm natural split slate façade cladding using kerf fixing system, including panels, anchors or adhesive, subframe, restraints, joints, flashings, sealants and protection. | Code Ref: 04 42 00 / OmniClass 23-13 31 21 | Spec: Stone Type/Source: ___ | Thickness: ___ | Panel Size: ___ | Finish: ___ | Fixing System: ___ | Anchor Material: ___ | Subframe: ___ | Design Load: ___ | Water Absorption: ___ | Standard: ___ | Remarks: Pattern-based master item; verify project classification, structural design, local code, tested system, manufacturer data and consultant requirements.",,m²,,,,,,,
FACADE-15449,construction,Stone Cladding,Slate Cladding - Kerf Fixing - 25 mm - Polished,"Supply and install 25 mm polished slate façade cladding using kerf fixing system, including panels, anchors or adhesive, subframe, restraints, joints, flashings, sealants and protection. | Code Ref: 04 42 00 / OmniClass 23-13 31 21 | Spec: Stone Type/Source: ___ | Thickness: ___ | Panel Size: ___ | Finish: ___ | Fixing System: ___ | Anchor Material: ___ | Subframe: ___ | Design Load: ___ | Water Absorption: ___ | Standard: ___ | Remarks: Pattern-based master item; verify project classification, structural design, local code, tested system, manufacturer data and consultant requirements.",,m²,,,,,,,
FACADE-15450,construction,Stone Cladding,Slate Cladding - Kerf Fixing - 25 mm - Sandblasted,"Supply and install 25 mm sandblasted slate façade cladding using kerf fixing system, including panels, anchors or adhesive, subframe, restraints, joints, flashings, sealants and protection. | Code Ref: 04 42 00 / OmniClass 23-13 31 21 | Spec: Stone Type/Source: ___ | Thickness: ___ | Panel Size: ___ | Finish: ___ | Fixing System: ___ | Anchor Material: ___ | Subframe: ___ | Design Load: ___ | Water Absorption: ___ | Standard: ___ | Remarks: Pattern-based master item; verify project classification, structural design, local code, tested system, manufacturer data and consultant requirements.",,m²,,,,,,,
FACADE-15451,construction,Stone Cladding,Slate Cladding - Kerf Fixing - 30 mm - Bush-Hammered,"Supply and install 30 mm bush-hammered slate façade cladding using kerf fixing system, including panels, anchors or adhesive, subframe, restraints, joints, flashings, sealants and protection. | Code Ref: 04 42 00 / OmniClass 23-13 31 21 | Spec: Stone Type/Source: ___ | Thickness: ___ | Panel Size: ___ | Finish: ___ | Fixing System: ___ | Anchor Material: ___ | Subframe: ___ | Design Load: ___ | Water Absorption: ___ | Standard: ___ | Remarks: Pattern-based master item; verify project classification, structural design, local code, tested system, manufacturer data and consultant requirements.",,m²,,,,,,,
FACADE-15452,construction,Stone Cladding,Slate Cladding - Kerf Fixing - 30 mm - Flamed,"Supply and install 30 mm flamed slate façade cladding using kerf fixing system, including panels, anchors or adhesive, subframe, restraints, joints, flashings, sealants and protection. | Code Ref: 04 42 00 / OmniClass 23-13 31 21 | Spec: Stone Type/Source: ___ | Thickness: ___ | Panel Size: ___ | Finish: ___ | Fixing System: ___ | Anchor Material: ___ | Subframe: ___ | Design Load: ___ | Water Absorption: ___ | Standard: ___ | Remarks: Pattern-based master item; verify project classification, structural design, local code, tested system, manufacturer data and consultant requirements.",,m²,,,,,,,
FACADE-15453,construction,Stone Cladding,Slate Cladding - Kerf Fixing - 30 mm - Honed,"Supply and install 30 mm honed slate façade cladding using kerf fixing system, including panels, anchors or adhesive, subframe, restraints, joints, flashings, sealants and protection. | Code Ref: 04 42 00 / OmniClass 23-13 31 21 | Spec: Stone Type/Source: ___ | Thickness: ___ | Panel Size: ___ | Finish: ___ | Fixing System: ___ | Anchor Material: ___ | Subframe: ___ | Design Load: ___ | Water Absorption: ___ | Standard: ___ | Remarks: Pattern-based master item; verify project classification, structural design, local code, tested system, manufacturer data and consultant requirements.",,m²,,,,,,,
FACADE-15454,construction,Stone Cladding,Slate Cladding - Kerf Fixing - 30 mm - Leathered,"Supply and install 30 mm leathered slate façade cladding using kerf fixing system, including panels, anchors or adhesive, subframe, restraints, joints, flashings, sealants and protection. | Code Ref: 04 42 00 / OmniClass 23-13 31 21 | Spec: Stone Type/Source: ___ | Thickness: ___ | Panel Size: ___ | Finish: ___ | Fixing System: ___ | Anchor Material: ___ | Subframe: ___ | Design Load: ___ | Water Absorption: ___ | Standard: ___ | Remarks: Pattern-based master item; verify project classification, structural design, local code, tested system, manufacturer data and consultant requirements.",,m²,,,,,,,
FACADE-15455,construction,Stone Cladding,Slate Cladding - Kerf Fixing - 30 mm - Natural Split,"Supply and install 30 mm natural split slate façade cladding using kerf fixing system, including panels, anchors or adhesive, subframe, restraints, joints, flashings, sealants and protection. | Code Ref: 04 42 00 / OmniClass 23-13 31 21 | Spec: Stone Type/Source: ___ | Thickness: ___ | Panel Size: ___ | Finish: ___ | Fixing System: ___ | Anchor Material: ___ | Subframe: ___ | Design Load: ___ | Water Absorption: ___ | Standard: ___ | Remarks: Pattern-based master item; verify project classification, structural design, local code, tested system, manufacturer data and consultant requirements.",,m²,,,,,,,
FACADE-15456,construction,Stone Cladding,Slate Cladding - Kerf Fixing - 30 mm - Polished,"Supply and install 30 mm polished slate façade cladding using kerf fixing system, including panels, anchors or adhesive, subframe, restraints, joints, flashings, sealants and protection. | Code Ref: 04 42 00 / OmniClass 23-13 31 21 | Spec: Stone Type/Source: ___ | Thickness: ___ | Panel Size: ___ | Finish: ___ | Fixing System: ___ | Anchor Material: ___ | Subframe: ___ | Design Load: ___ | Water Absorption: ___ | Standard: ___ | Remarks: Pattern-based master item; verify project classification, structural design, local code, tested system, manufacturer data and consultant requirements.",,m²,,,,,,,
FACADE-15457,construction,Stone Cladding,Slate Cladding - Kerf Fixing - 30 mm - Sandblasted,"Supply and install 30 mm sandblasted slate façade cladding using kerf fixing system, including panels, anchors or adhesive, subframe, restraints, joints, flashings, sealants and protection. | Code Ref: 04 42 00 / OmniClass 23-13 31 21 | Spec: Stone Type/Source: ___ | Thickness: ___ | Panel Size: ___ | Finish: ___ | Fixing System: ___ | Anchor Material: ___ | Subframe: ___ | Design Load: ___ | Water Absorption: ___ | Standard: ___ | Remarks: Pattern-based master item; verify project classification, structural design, local code, tested system, manufacturer data and consultant requirements.",,m²,,,,,,,
FACADE-15458,construction,Stone Cladding,Slate Cladding - Kerf Fixing - 40 mm - Bush-Hammered,"Supply and install 40 mm bush-hammered slate façade cladding using kerf fixing system, including panels, anchors or adhesive, subframe, restraints, joints, flashings, sealants and protection. | Code Ref: 04 42 00 / OmniClass 23-13 31 21 | Spec: Stone Type/Source: ___ | Thickness: ___ | Panel Size: ___ | Finish: ___ | Fixing System: ___ | Anchor Material: ___ | Subframe: ___ | Design Load: ___ | Water Absorption: ___ | Standard: ___ | Remarks: Pattern-based master item; verify project classification, structural design, local code, tested system, manufacturer data and consultant requirements.",,m²,,,,,,,
FACADE-15459,construction,Stone Cladding,Slate Cladding - Kerf Fixing - 40 mm - Flamed,"Supply and install 40 mm flamed slate façade cladding using kerf fixing system, including panels, anchors or adhesive, subframe, restraints, joints, flashings, sealants and protection. | Code Ref: 04 42 00 / OmniClass 23-13 31 21 | Spec: Stone Type/Source: ___ | Thickness: ___ | Panel Size: ___ | Finish: ___ | Fixing System: ___ | Anchor Material: ___ | Subframe: ___ | Design Load: ___ | Water Absorption: ___ | Standard: ___ | Remarks: Pattern-based master item; verify project classification, structural design, local code, tested system, manufacturer data and consultant requirements.",,m²,,,,,,,
FACADE-15460,construction,Stone Cladding,Slate Cladding - Kerf Fixing - 40 mm - Honed,"Supply and install 40 mm honed slate façade cladding using kerf fixing system, including panels, anchors or adhesive, subframe, restraints, joints, flashings, sealants and protection. | Code Ref: 04 42 00 / OmniClass 23-13 31 21 | Spec: Stone Type/Source: ___ | Thickness: ___ | Panel Size: ___ | Finish: ___ | Fixing System: ___ | Anchor Material: ___ | Subframe: ___ | Design Load: ___ | Water Absorption: ___ | Standard: ___ | Remarks: Pattern-based master item; verify project classification, structural design, local code, tested system, manufacturer data and consultant requirements.",,m²,,,,,,,
FACADE-15461,construction,Stone Cladding,Slate Cladding - Kerf Fixing - 40 mm - Leathered,"Supply and install 40 mm leathered slate façade cladding using kerf fixing system, including panels, anchors or adhesive, subframe, restraints, joints, flashings, sealants and protection. | Code Ref: 04 42 00 / OmniClass 23-13 31 21 | Spec: Stone Type/Source: ___ | Thickness: ___ | Panel Size: ___ | Finish: ___ | Fixing System: ___ | Anchor Material: ___ | Subframe: ___ | Design Load: ___ | Water Absorption: ___ | Standard: ___ | Remarks: Pattern-based master item; verify project classification, structural design, local code, tested system, manufacturer data and consultant requirements.",,m²,,,,,,,
FACADE-15462,construction,Stone Cladding,Slate Cladding - Kerf Fixing - 40 mm - Natural Split,"Supply and install 40 mm natural split slate façade cladding using kerf fixing system, including panels, anchors or adhesive, subframe, restraints, joints, flashings, sealants and protection. | Code Ref: 04 42 00 / OmniClass 23-13 31 21 | Spec: Stone Type/Source: ___ | Thickness: ___ | Panel Size: ___ | Finish: ___ | Fixing System: ___ | Anchor Material: ___ | Subframe: ___ | Design Load: ___ | Water Absorption: ___ | Standard: ___ | Remarks: Pattern-based master item; verify project classification, structural design, local code, tested system, manufacturer data and consultant requirements.",,m²,,,,,,,
FACADE-15463,construction,Stone Cladding,Slate Cladding - Kerf Fixing - 40 mm - Polished,"Supply and install 40 mm polished slate façade cladding using kerf fixing system, including panels, anchors or adhesive, subframe, restraints, joints, flashings, sealants and protection. | Code Ref: 04 42 00 / OmniClass 23-13 31 21 | Spec: Stone Type/Source: ___ | Thickness: ___ | Panel Size: ___ | Finish: ___ | Fixing System: ___ | Anchor Material: ___ | Subframe: ___ | Design Load: ___ | Water Absorption: ___ | Standard: ___ | Remarks: Pattern-based master item; verify project classification, structural design, local code, tested system, manufacturer data and consultant requirements.",,m²,,,,,,,
FACADE-15464,construction,Stone Cladding,Slate Cladding - Kerf Fixing - 40 mm - Sandblasted,"Supply and install 40 mm sandblasted slate façade cladding using kerf fixing system, including panels, anchors or adhesive, subframe, restraints, joints, flashings, sealants and protection. | Code Ref: 04 42 00 / OmniClass 23-13 31 21 | Spec: Stone Type/Source: ___ | Thickness: ___ | Panel Size: ___ | Finish: ___ | Fixing System: ___ | Anchor Material: ___ | Subframe: ___ | Design Load: ___ | Water Absorption: ___ | Standard: ___ | Remarks: Pattern-based master item; verify project classification, structural design, local code, tested system, manufacturer data and consultant requirements.",,m²,,,,,,,
FACADE-15465,construction,Stone Cladding,Slate Cladding - Kerf Fixing - 50 mm - Bush-Hammered,"Supply and install 50 mm bush-hammered slate façade cladding using kerf fixing system, including panels, anchors or adhesive, subframe, restraints, joints, flashings, sealants and protection. | Code Ref: 04 42 00 / OmniClass 23-13 31 21 | Spec: Stone Type/Source: ___ | Thickness: ___ | Panel Size: ___ | Finish: ___ | Fixing System: ___ | Anchor Material: ___ | Subframe: ___ | Design Load: ___ | Water Absorption: ___ | Standard: ___ | Remarks: Pattern-based master item; verify project classification, structural design, local code, tested system, manufacturer data and consultant requirements.",,m²,,,,,,,
FACADE-15466,construction,Stone Cladding,Slate Cladding - Kerf Fixing - 50 mm - Flamed,"Supply and install 50 mm flamed slate façade cladding using kerf fixing system, including panels, anchors or adhesive, subframe, restraints, joints, flashings, sealants and protection. | Code Ref: 04 42 00 / OmniClass 23-13 31 21 | Spec: Stone Type/Source: ___ | Thickness: ___ | Panel Size: ___ | Finish: ___ | Fixing System: ___ | Anchor Material: ___ | Subframe: ___ | Design Load: ___ | Water Absorption: ___ | Standard: ___ | Remarks: Pattern-based master item; verify project classification, structural design, local code, tested system, manufacturer data and consultant requirements.",,m²,,,,,,,
FACADE-15467,construction,Stone Cladding,Slate Cladding - Kerf Fixing - 50 mm - Honed,"Supply and install 50 mm honed slate façade cladding using kerf fixing system, including panels, anchors or adhesive, subframe, restraints, joints, flashings, sealants and protection. | Code Ref: 04 42 00 / OmniClass 23-13 31 21 | Spec: Stone Type/Source: ___ | Thickness: ___ | Panel Size: ___ | Finish: ___ | Fixing System: ___ | Anchor Material: ___ | Subframe: ___ | Design Load: ___ | Water Absorption: ___ | Standard: ___ | Remarks: Pattern-based master item; verify project classification, structural design, local code, tested system, manufacturer data and consultant requirements.",,m²,,,,,,,
FACADE-15468,construction,Stone Cladding,Slate Cladding - Kerf Fixing - 50 mm - Leathered,"Supply and install 50 mm leathered slate façade cladding using kerf fixing system, including panels, anchors or adhesive, subframe, restraints, joints, flashings, sealants and protection. | Code Ref: 04 42 00 / OmniClass 23-13 31 21 | Spec: Stone Type/Source: ___ | Thickness: ___ | Panel Size: ___ | Finish: ___ | Fixing System: ___ | Anchor Material: ___ | Subframe: ___ | Design Load: ___ | Water Absorption: ___ | Standard: ___ | Remarks: Pattern-based master item; verify project classification, structural design, local code, tested system, manufacturer data and consultant requirements.",,m²,,,,,,,
FACADE-15469,construction,Stone Cladding,Slate Cladding - Kerf Fixing - 50 mm - Natural Split,"Supply and install 50 mm natural split slate façade cladding using kerf fixing system, including panels, anchors or adhesive, subframe, restraints, joints, flashings, sealants and protection. | Code Ref: 04 42 00 / OmniClass 23-13 31 21 | Spec: Stone Type/Source: ___ | Thickness: ___ | Panel Size: ___ | Finish: ___ | Fixing System: ___ | Anchor Material: ___ | Subframe: ___ | Design Load: ___ | Water Absorption: ___ | Standard: ___ | Remarks: Pattern-based master item; verify project classification, structural design, local code, tested system, manufacturer data and consultant requirements.",,m²,,,,,,,
FACADE-15470,construction,Stone Cladding,Slate Cladding - Kerf Fixing - 50 mm - Polished,"Supply and install 50 mm polished slate façade cladding using kerf fixing system, including panels, anchors or adhesive, subframe, restraints, joints, flashings, sealants and protection. | Code Ref: 04 42 00 / OmniClass 23-13 31 21 | Spec: Stone Type/Source: ___ | Thickness: ___ | Panel Size: ___ | Finish: ___ | Fixing System: ___ | Anchor Material: ___ | Subframe: ___ | Design Load: ___ | Water Absorption: ___ | Standard: ___ | Remarks: Pattern-based master item; verify project classification, structural design, local code, tested system, manufacturer data and consultant requirements.",,m²,,,,,,,
FACADE-15471,construction,Stone Cladding,Slate Cladding - Kerf Fixing - 50 mm - Sandblasted,"Supply and install 50 mm sandblasted slate façade cladding using kerf fixing system, including panels, anchors or adhesive, subframe, restraints, joints, flashings, sealants and protection. | Code Ref: 04 42 00 / OmniClass 23-13 31 21 | Spec: Stone Type/Source: ___ | Thickness: ___ | Panel Size: ___ | Finish: ___ | Fixing System: ___ | Anchor Material: ___ | Subframe: ___ | Design Load: ___ | Water Absorption: ___ | Standard: ___ | Remarks: Pattern-based master item; verify project classification, structural design, local code, tested system, manufacturer data and consultant requirements.",,m²,,,,,,,
FACADE-15472,construction,Stone Cladding,Slate Cladding - Mechanical Fixing - 20 mm - Bush-Hammered,"Supply and install 20 mm bush-hammered slate façade cladding using mechanical fixing system, including panels, anchors or adhesive, subframe, restraints, joints, flashings, sealants and protection. | Code Ref: 04 42 00 / OmniClass 23-13 31 21 | Spec: Stone Type/Source: ___ | Thickness: ___ | Panel Size: ___ | Finish: ___ | Fixing System: ___ | Anchor Material: ___ | Subframe: ___ | Design Load: ___ | Water Absorption: ___ | Standard: ___ | Remarks: Pattern-based master item; verify project classification, structural design, local code, tested system, manufacturer data and consultant requirements.",,m²,,,,,,,
FACADE-15473,construction,Stone Cladding,Slate Cladding - Mechanical Fixing - 20 mm - Flamed,"Supply and install 20 mm flamed slate façade cladding using mechanical fixing system, including panels, anchors or adhesive, subframe, restraints, joints, flashings, sealants and protection. | Code Ref: 04 42 00 / OmniClass 23-13 31 21 | Spec: Stone Type/Source: ___ | Thickness: ___ | Panel Size: ___ | Finish: ___ | Fixing System: ___ | Anchor Material: ___ | Subframe: ___ | Design Load: ___ | Water Absorption: ___ | Standard: ___ | Remarks: Pattern-based master item; verify project classification, structural design, local code, tested system, manufacturer data and consultant requirements.",,m²,,,,,,,
FACADE-15474,construction,Stone Cladding,Slate Cladding - Mechanical Fixing - 20 mm - Honed,"Supply and install 20 mm honed slate façade cladding using mechanical fixing system, including panels, anchors or adhesive, subframe, restraints, joints, flashings, sealants and protection. | Code Ref: 04 42 00 / OmniClass 23-13 31 21 | Spec: Stone Type/Source: ___ | Thickness: ___ | Panel Size: ___ | Finish: ___ | Fixing System: ___ | Anchor Material: ___ | Subframe: ___ | Design Load: ___ | Water Absorption: ___ | Standard: ___ | Remarks: Pattern-based master item; verify project classification, structural design, local code, tested system, manufacturer data and consultant requirements.",,m²,,,,,,,
FACADE-15475,construction,Stone Cladding,Slate Cladding - Mechanical Fixing - 20 mm - Leathered,"Supply and install 20 mm leathered slate façade cladding using mechanical fixing system, including panels, anchors or adhesive, subframe, restraints, joints, flashings, sealants and protection. | Code Ref: 04 42 00 / OmniClass 23-13 31 21 | Spec: Stone Type/Source: ___ | Thickness: ___ | Panel Size: ___ | Finish: ___ | Fixing System: ___ | Anchor Material: ___ | Subframe: ___ | Design Load: ___ | Water Absorption: ___ | Standard: ___ | Remarks: Pattern-based master item; verify project classification, structural design, local code, tested system, manufacturer data and consultant requirements.",,m²,,,,,,,
FACADE-15476,construction,Stone Cladding,Slate Cladding - Mechanical Fixing - 20 mm - Natural Split,"Supply and install 20 mm natural split slate façade cladding using mechanical fixing system, including panels, anchors or adhesive, subframe, restraints, joints, flashings, sealants and protection. | Code Ref: 04 42 00 / OmniClass 23-13 31 21 | Spec: Stone Type/Source: ___ | Thickness: ___ | Panel Size: ___ | Finish: ___ | Fixing System: ___ | Anchor Material: ___ | Subframe: ___ | Design Load: ___ | Water Absorption: ___ | Standard: ___ | Remarks: Pattern-based master item; verify project classification, structural design, local code, tested system, manufacturer data and consultant requirements.",,m²,,,,,,,
FACADE-15477,construction,Stone Cladding,Slate Cladding - Mechanical Fixing - 20 mm - Polished,"Supply and install 20 mm polished slate façade cladding using mechanical fixing system, including panels, anchors or adhesive, subframe, restraints, joints, flashings, sealants and protection. | Code Ref: 04 42 00 / OmniClass 23-13 31 21 | Spec: Stone Type/Source: ___ | Thickness: ___ | Panel Size: ___ | Finish: ___ | Fixing System: ___ | Anchor Material: ___ | Subframe: ___ | Design Load: ___ | Water Absorption: ___ | Standard: ___ | Remarks: Pattern-based master item; verify project classification, structural design, local code, tested system, manufacturer data and consultant requirements.",,m²,,,,,,,
FACADE-15478,construction,Stone Cladding,Slate Cladding - Mechanical Fixing - 20 mm - Sandblasted,"Supply and install 20 mm sandblasted slate façade cladding using mechanical fixing system, including panels, anchors or adhesive, subframe, restraints, joints, flashings, sealants and protection. | Code Ref: 04 42 00 / OmniClass 23-13 31 21 | Spec: Stone Type/Source: ___ | Thickness: ___ | Panel Size: ___ | Finish: ___ | Fixing System: ___ | Anchor Material: ___ | Subframe: ___ | Design Load: ___ | Water Absorption: ___ | Standard: ___ | Remarks: Pattern-based master item; verify project classification, structural design, local code, tested system, manufacturer data and consultant requirements.",,m²,,,,,,,
FACADE-15479,construction,Stone Cladding,Slate Cladding - Mechanical Fixing - 25 mm - Bush-Hammered,"Supply and install 25 mm bush-hammered slate façade cladding using mechanical fixing system, including panels, anchors or adhesive, subframe, restraints, joints, flashings, sealants and protection. | Code Ref: 04 42 00 / OmniClass 23-13 31 21 | Spec: Stone Type/Source: ___ | Thickness: ___ | Panel Size: ___ | Finish: ___ | Fixing System: ___ | Anchor Material: ___ | Subframe: ___ | Design Load: ___ | Water Absorption: ___ | Standard: ___ | Remarks: Pattern-based master item; verify project classification, structural design, local code, tested system, manufacturer data and consultant requirements.",,m²,,,,,,,
FACADE-15480,construction,Stone Cladding,Slate Cladding - Mechanical Fixing - 25 mm - Flamed,"Supply and install 25 mm flamed slate façade cladding using mechanical fixing system, including panels, anchors or adhesive, subframe, restraints, joints, flashings, sealants and protection. | Code Ref: 04 42 00 / OmniClass 23-13 31 21 | Spec: Stone Type/Source: ___ | Thickness: ___ | Panel Size: ___ | Finish: ___ | Fixing System: ___ | Anchor Material: ___ | Subframe: ___ | Design Load: ___ | Water Absorption: ___ | Standard: ___ | Remarks: Pattern-based master item; verify project classification, structural design, local code, tested system, manufacturer data and consultant requirements.",,m²,,,,,,,
FACADE-15481,construction,Stone Cladding,Slate Cladding - Mechanical Fixing - 25 mm - Honed,"Supply and install 25 mm honed slate façade cladding using mechanical fixing system, including panels, anchors or adhesive, subframe, restraints, joints, flashings, sealants and protection. | Code Ref: 04 42 00 / OmniClass 23-13 31 21 | Spec: Stone Type/Source: ___ | Thickness: ___ | Panel Size: ___ | Finish: ___ | Fixing System: ___ | Anchor Material: ___ | Subframe: ___ | Design Load: ___ | Water Absorption: ___ | Standard: ___ | Remarks: Pattern-based master item; verify project classification, structural design, local code, tested system, manufacturer data and consultant requirements.",,m²,,,,,,,
FACADE-15482,construction,Stone Cladding,Slate Cladding - Mechanical Fixing - 25 mm - Leathered,"Supply and install 25 mm leathered slate façade cladding using mechanical fixing system, including panels, anchors or adhesive, subframe, restraints, joints, flashings, sealants and protection. | Code Ref: 04 42 00 / OmniClass 23-13 31 21 | Spec: Stone Type/Source: ___ | Thickness: ___ | Panel Size: ___ | Finish: ___ | Fixing System: ___ | Anchor Material: ___ | Subframe: ___ | Design Load: ___ | Water Absorption: ___ | Standard: ___ | Remarks: Pattern-based master item; verify project classification, structural design, local code, tested system, manufacturer data and consultant requirements.",,m²,,,,,,,
FACADE-15483,construction,Stone Cladding,Slate Cladding - Mechanical Fixing - 25 mm - Natural Split,"Supply and install 25 mm natural split slate façade cladding using mechanical fixing system, including panels, anchors or adhesive, subframe, restraints, joints, flashings, sealants and protection. | Code Ref: 04 42 00 / OmniClass 23-13 31 21 | Spec: Stone Type/Source: ___ | Thickness: ___ | Panel Size: ___ | Finish: ___ | Fixing System: ___ | Anchor Material: ___ | Subframe: ___ | Design Load: ___ | Water Absorption: ___ | Standard: ___ | Remarks: Pattern-based master item; verify project classification, structural design, local code, tested system, manufacturer data and consultant requirements.",,m²,,,,,,,
FACADE-15484,construction,Stone Cladding,Slate Cladding - Mechanical Fixing - 25 mm - Polished,"Supply and install 25 mm polished slate façade cladding using mechanical fixing system, including panels, anchors or adhesive, subframe, restraints, joints, flashings, sealants and protection. | Code Ref: 04 42 00 / OmniClass 23-13 31 21 | Spec: Stone Type/Source: ___ | Thickness: ___ | Panel Size: ___ | Finish: ___ | Fixing System: ___ | Anchor Material: ___ | Subframe: ___ | Design Load: ___ | Water Absorption: ___ | Standard: ___ | Remarks: Pattern-based master item; verify project classification, structural design, local code, tested system, manufacturer data and consultant requirements.",,m²,,,,,,,
FACADE-15485,construction,Stone Cladding,Slate Cladding - Mechanical Fixing - 25 mm - Sandblasted,"Supply and install 25 mm sandblasted slate façade cladding using mechanical fixing system, including panels, anchors or adhesive, subframe, restraints, joints, flashings, sealants and protection. | Code Ref: 04 42 00 / OmniClass 23-13 31 21 | Spec: Stone Type/Source: ___ | Thickness: ___ | Panel Size: ___ | Finish: ___ | Fixing System: ___ | Anchor Material: ___ | Subframe: ___ | Design Load: ___ | Water Absorption: ___ | Standard: ___ | Remarks: Pattern-based master item; verify project classification, structural design, local code, tested system, manufacturer data and consultant requirements.",,m²,,,,,,,
FACADE-15486,construction,Stone Cladding,Slate Cladding - Mechanical Fixing - 30 mm - Bush-Hammered,"Supply and install 30 mm bush-hammered slate façade cladding using mechanical fixing system, including panels, anchors or adhesive, subframe, restraints, joints, flashings, sealants and protection. | Code Ref: 04 42 00 / OmniClass 23-13 31 21 | Spec: Stone Type/Source: ___ | Thickness: ___ | Panel Size: ___ | Finish: ___ | Fixing System: ___ | Anchor Material: ___ | Subframe: ___ | Design Load: ___ | Water Absorption: ___ | Standard: ___ | Remarks: Pattern-based master item; verify project classification, structural design, local code, tested system, manufacturer data and consultant requirements.",,m²,,,,,,,
FACADE-15487,construction,Stone Cladding,Slate Cladding - Mechanical Fixing - 30 mm - Flamed,"Supply and install 30 mm flamed slate façade cladding using mechanical fixing system, including panels, anchors or adhesive, subframe, restraints, joints, flashings, sealants and protection. | Code Ref: 04 42 00 / OmniClass 23-13 31 21 | Spec: Stone Type/Source: ___ | Thickness: ___ | Panel Size: ___ | Finish: ___ | Fixing System: ___ | Anchor Material: ___ | Subframe: ___ | Design Load: ___ | Water Absorption: ___ | Standard: ___ | Remarks: Pattern-based master item; verify project classification, structural design, local code, tested system, manufacturer data and consultant requirements.",,m²,,,,,,,
FACADE-15488,construction,Stone Cladding,Slate Cladding - Mechanical Fixing - 30 mm - Honed,"Supply and install 30 mm honed slate façade cladding using mechanical fixing system, including panels, anchors or adhesive, subframe, restraints, joints, flashings, sealants and protection. | Code Ref: 04 42 00 / OmniClass 23-13 31 21 | Spec: Stone Type/Source: ___ | Thickness: ___ | Panel Size: ___ | Finish: ___ | Fixing System: ___ | Anchor Material: ___ | Subframe: ___ | Design Load: ___ | Water Absorption: ___ | Standard: ___ | Remarks: Pattern-based master item; verify project classification, structural design, local code, tested system, manufacturer data and consultant requirements.",,m²,,,,,,,
FACADE-15489,construction,Stone Cladding,Slate Cladding - Mechanical Fixing - 30 mm - Leathered,"Supply and install 30 mm leathered slate façade cladding using mechanical fixing system, including panels, anchors or adhesive, subframe, restraints, joints, flashings, sealants and protection. | Code Ref: 04 42 00 / OmniClass 23-13 31 21 | Spec: Stone Type/Source: ___ | Thickness: ___ | Panel Size: ___ | Finish: ___ | Fixing System: ___ | Anchor Material: ___ | Subframe: ___ | Design Load: ___ | Water Absorption: ___ | Standard: ___ | Remarks: Pattern-based master item; verify project classification, structural design, local code, tested system, manufacturer data and consultant requirements.",,m²,,,,,,,
FACADE-15490,construction,Stone Cladding,Slate Cladding - Mechanical Fixing - 30 mm - Natural Split,"Supply and install 30 mm natural split slate façade cladding using mechanical fixing system, including panels, anchors or adhesive, subframe, restraints, joints, flashings, sealants and protection. | Code Ref: 04 42 00 / OmniClass 23-13 31 21 | Spec: Stone Type/Source: ___ | Thickness: ___ | Panel Size: ___ | Finish: ___ | Fixing System: ___ | Anchor Material: ___ | Subframe: ___ | Design Load: ___ | Water Absorption: ___ | Standard: ___ | Remarks: Pattern-based master item; verify project classification, structural design, local code, tested system, manufacturer data and consultant requirements.",,m²,,,,,,,
FACADE-15491,construction,Stone Cladding,Slate Cladding - Mechanical Fixing - 30 mm - Polished,"Supply and install 30 mm polished slate façade cladding using mechanical fixing system, including panels, anchors or adhesive, subframe, restraints, joints, flashings, sealants and protection. | Code Ref: 04 42 00 / OmniClass 23-13 31 21 | Spec: Stone Type/Source: ___ | Thickness: ___ | Panel Size: ___ | Finish: ___ | Fixing System: ___ | Anchor Material: ___ | Subframe: ___ | Design Load: ___ | Water Absorption: ___ | Standard: ___ | Remarks: Pattern-based master item; verify project classification, structural design, local code, tested system, manufacturer data and consultant requirements.",,m²,,,,,,,
FACADE-15492,construction,Stone Cladding,Slate Cladding - Mechanical Fixing - 30 mm - Sandblasted,"Supply and install 30 mm sandblasted slate façade cladding using mechanical fixing system, including panels, anchors or adhesive, subframe, restraints, joints, flashings, sealants and protection. | Code Ref: 04 42 00 / OmniClass 23-13 31 21 | Spec: Stone Type/Source: ___ | Thickness: ___ | Panel Size: ___ | Finish: ___ | Fixing System: ___ | Anchor Material: ___ | Subframe: ___ | Design Load: ___ | Water Absorption: ___ | Standard: ___ | Remarks: Pattern-based master item; verify project classification, structural design, local code, tested system, manufacturer data and consultant requirements.",,m²,,,,,,,
FACADE-15493,construction,Stone Cladding,Slate Cladding - Mechanical Fixing - 40 mm - Bush-Hammered,"Supply and install 40 mm bush-hammered slate façade cladding using mechanical fixing system, including panels, anchors or adhesive, subframe, restraints, joints, flashings, sealants and protection. | Code Ref: 04 42 00 / OmniClass 23-13 31 21 | Spec: Stone Type/Source: ___ | Thickness: ___ | Panel Size: ___ | Finish: ___ | Fixing System: ___ | Anchor Material: ___ | Subframe: ___ | Design Load: ___ | Water Absorption: ___ | Standard: ___ | Remarks: Pattern-based master item; verify project classification, structural design, local code, tested system, manufacturer data and consultant requirements.",,m²,,,,,,,
FACADE-15494,construction,Stone Cladding,Slate Cladding - Mechanical Fixing - 40 mm - Flamed,"Supply and install 40 mm flamed slate façade cladding using mechanical fixing system, including panels, anchors or adhesive, subframe, restraints, joints, flashings, sealants and protection. | Code Ref: 04 42 00 / OmniClass 23-13 31 21 | Spec: Stone Type/Source: ___ | Thickness: ___ | Panel Size: ___ | Finish: ___ | Fixing System: ___ | Anchor Material: ___ | Subframe: ___ | Design Load: ___ | Water Absorption: ___ | Standard: ___ | Remarks: Pattern-based master item; verify project classification, structural design, local code, tested system, manufacturer data and consultant requirements.",,m²,,,,,,,
FACADE-15495,construction,Stone Cladding,Slate Cladding - Mechanical Fixing - 40 mm - Honed,"Supply and install 40 mm honed slate façade cladding using mechanical fixing system, including panels, anchors or adhesive, subframe, restraints, joints, flashings, sealants and protection. | Code Ref: 04 42 00 / OmniClass 23-13 31 21 | Spec: Stone Type/Source: ___ | Thickness: ___ | Panel Size: ___ | Finish: ___ | Fixing System: ___ | Anchor Material: ___ | Subframe: ___ | Design Load: ___ | Water Absorption: ___ | Standard: ___ | Remarks: Pattern-based master item; verify project classification, structural design, local code, tested system, manufacturer data and consultant requirements.",,m²,,,,,,,
FACADE-15496,construction,Stone Cladding,Slate Cladding - Mechanical Fixing - 40 mm - Leathered,"Supply and install 40 mm leathered slate façade cladding using mechanical fixing system, including panels, anchors or adhesive, subframe, restraints, joints, flashings, sealants and protection. | Code Ref: 04 42 00 / OmniClass 23-13 31 21 | Spec: Stone Type/Source: ___ | Thickness: ___ | Panel Size: ___ | Finish: ___ | Fixing System: ___ | Anchor Material: ___ | Subframe: ___ | Design Load: ___ | Water Absorption: ___ | Standard: ___ | Remarks: Pattern-based master item; verify project classification, structural design, local code, tested system, manufacturer data and consultant requirements.",,m²,,,,,,,
FACADE-15497,construction,Stone Cladding,Slate Cladding - Mechanical Fixing - 40 mm - Natural Split,"Supply and install 40 mm natural split slate façade cladding using mechanical fixing system, including panels, anchors or adhesive, subframe, restraints, joints, flashings, sealants and protection. | Code Ref: 04 42 00 / OmniClass 23-13 31 21 | Spec: Stone Type/Source: ___ | Thickness: ___ | Panel Size: ___ | Finish: ___ | Fixing System: ___ | Anchor Material: ___ | Subframe: ___ | Design Load: ___ | Water Absorption: ___ | Standard: ___ | Remarks: Pattern-based master item; verify project classification, structural design, local code, tested system, manufacturer data and consultant requirements.",,m²,,,,,,,
FACADE-15498,construction,Stone Cladding,Slate Cladding - Mechanical Fixing - 40 mm - Polished,"Supply and install 40 mm polished slate façade cladding using mechanical fixing system, including panels, anchors or adhesive, subframe, restraints, joints, flashings, sealants and protection. | Code Ref: 04 42 00 / OmniClass 23-13 31 21 | Spec: Stone Type/Source: ___ | Thickness: ___ | Panel Size: ___ | Finish: ___ | Fixing System: ___ | Anchor Material: ___ | Subframe: ___ | Design Load: ___ | Water Absorption: ___ | Standard: ___ | Remarks: Pattern-based master item; verify project classification, structural design, local code, tested system, manufacturer data and consultant requirements.",,m²,,,,,,,
FACADE-15499,construction,Stone Cladding,Slate Cladding - Mechanical Fixing - 40 mm - Sandblasted,"Supply and install 40 mm sandblasted slate façade cladding using mechanical fixing system, including panels, anchors or adhesive, subframe, restraints, joints, flashings, sealants and protection. | Code Ref: 04 42 00 / OmniClass 23-13 31 21 | Spec: Stone Type/Source: ___ | Thickness: ___ | Panel Size: ___ | Finish: ___ | Fixing System: ___ | Anchor Material: ___ | Subframe: ___ | Design Load: ___ | Water Absorption: ___ | Standard: ___ | Remarks: Pattern-based master item; verify project classification, structural design, local code, tested system, manufacturer data and consultant requirements.",,m²,,,,,,,
FACADE-15500,construction,Stone Cladding,Slate Cladding - Mechanical Fixing - 50 mm - Bush-Hammered,"Supply and install 50 mm bush-hammered slate façade cladding using mechanical fixing system, including panels, anchors or adhesive, subframe, restraints, joints, flashings, sealants and protection. | Code Ref: 04 42 00 / OmniClass 23-13 31 21 | Spec: Stone Type/Source: ___ | Thickness: ___ | Panel Size: ___ | Finish: ___ | Fixing System: ___ | Anchor Material: ___ | Subframe: ___ | Design Load: ___ | Water Absorption: ___ | Standard: ___ | Remarks: Pattern-based master item; verify project classification, structural design, local code, tested system, manufacturer data and consultant requirements.",,m²,,,,,,,
FACADE-15501,construction,Stone Cladding,Slate Cladding - Mechanical Fixing - 50 mm - Flamed,"Supply and install 50 mm flamed slate façade cladding using mechanical fixing system, including panels, anchors or adhesive, subframe, restraints, joints, flashings, sealants and protection. | Code Ref: 04 42 00 / OmniClass 23-13 31 21 | Spec: Stone Type/Source: ___ | Thickness: ___ | Panel Size: ___ | Finish: ___ | Fixing System: ___ | Anchor Material: ___ | Subframe: ___ | Design Load: ___ | Water Absorption: ___ | Standard: ___ | Remarks: Pattern-based master item; verify project classification, structural design, local code, tested system, manufacturer data and consultant requirements.",,m²,,,,,,,
FACADE-15502,construction,Stone Cladding,Slate Cladding - Mechanical Fixing - 50 mm - Honed,"Supply and install 50 mm honed slate façade cladding using mechanical fixing system, including panels, anchors or adhesive, subframe, restraints, joints, flashings, sealants and protection. | Code Ref: 04 42 00 / OmniClass 23-13 31 21 | Spec: Stone Type/Source: ___ | Thickness: ___ | Panel Size: ___ | Finish: ___ | Fixing System: ___ | Anchor Material: ___ | Subframe: ___ | Design Load: ___ | Water Absorption: ___ | Standard: ___ | Remarks: Pattern-based master item; verify project classification, structural design, local code, tested system, manufacturer data and consultant requirements.",,m²,,,,,,,
FACADE-15503,construction,Stone Cladding,Slate Cladding - Mechanical Fixing - 50 mm - Leathered,"Supply and install 50 mm leathered slate façade cladding using mechanical fixing system, including panels, anchors or adhesive, subframe, restraints, joints, flashings, sealants and protection. | Code Ref: 04 42 00 / OmniClass 23-13 31 21 | Spec: Stone Type/Source: ___ | Thickness: ___ | Panel Size: ___ | Finish: ___ | Fixing System: ___ | Anchor Material: ___ | Subframe: ___ | Design Load: ___ | Water Absorption: ___ | Standard: ___ | Remarks: Pattern-based master item; verify project classification, structural design, local code, tested system, manufacturer data and consultant requirements.",,m²,,,,,,,
FACADE-15504,construction,Stone Cladding,Slate Cladding - Mechanical Fixing - 50 mm - Natural Split,"Supply and install 50 mm natural split slate façade cladding using mechanical fixing system, including panels, anchors or adhesive, subframe, restraints, joints, flashings, sealants and protection. | Code Ref: 04 42 00 / OmniClass 23-13 31 21 | Spec: Stone Type/Source: ___ | Thickness: ___ | Panel Size: ___ | Finish: ___ | Fixing System: ___ | Anchor Material: ___ | Subframe: ___ | Design Load: ___ | Water Absorption: ___ | Standard: ___ | Remarks: Pattern-based master item; verify project classification, structural design, local code, tested system, manufacturer data and consultant requirements.",,m²,,,,,,,
FACADE-15505,construction,Stone Cladding,Slate Cladding - Mechanical Fixing - 50 mm - Polished,"Supply and install 50 mm polished slate façade cladding using mechanical fixing system, including panels, anchors or adhesive, subframe, restraints, joints, flashings, sealants and protection. | Code Ref: 04 42 00 / OmniClass 23-13 31 21 | Spec: Stone Type/Source: ___ | Thickness: ___ | Panel Size: ___ | Finish: ___ | Fixing System: ___ | Anchor Material: ___ | Subframe: ___ | Design Load: ___ | Water Absorption: ___ | Standard: ___ | Remarks: Pattern-based master item; verify project classification, structural design, local code, tested system, manufacturer data and consultant requirements.",,m²,,,,,,,
FACADE-15506,construction,Stone Cladding,Slate Cladding - Mechanical Fixing - 50 mm - Sandblasted,"Supply and install 50 mm sandblasted slate façade cladding using mechanical fixing system, including panels, anchors or adhesive, subframe, restraints, joints, flashings, sealants and protection. | Code Ref: 04 42 00 / OmniClass 23-13 31 21 | Spec: Stone Type/Source: ___ | Thickness: ___ | Panel Size: ___ | Finish: ___ | Fixing System: ___ | Anchor Material: ___ | Subframe: ___ | Design Load: ___ | Water Absorption: ___ | Standard: ___ | Remarks: Pattern-based master item; verify project classification, structural design, local code, tested system, manufacturer data and consultant requirements.",,m²,,,,,,,
FACADE-15507,construction,Stone Cladding,Slate Cladding - Rainscreen - 20 mm - Bush-Hammered,"Supply and install 20 mm bush-hammered slate façade cladding using rainscreen system, including panels, anchors or adhesive, subframe, restraints, joints, flashings, sealants and protection. | Code Ref: 04 42 00 / OmniClass 23-13 31 21 | Spec: Stone Type/Source: ___ | Thickness: ___ | Panel Size: ___ | Finish: ___ | Fixing System: ___ | Anchor Material: ___ | Subframe: ___ | Design Load: ___ | Water Absorption: ___ | Standard: ___ | Remarks: Pattern-based master item; verify project classification, structural design, local code, tested system, manufacturer data and consultant requirements.",,m²,,,,,,,
FACADE-15508,construction,Stone Cladding,Slate Cladding - Rainscreen - 20 mm - Flamed,"Supply and install 20 mm flamed slate façade cladding using rainscreen system, including panels, anchors or adhesive, subframe, restraints, joints, flashings, sealants and protection. | Code Ref: 04 42 00 / OmniClass 23-13 31 21 | Spec: Stone Type/Source: ___ | Thickness: ___ | Panel Size: ___ | Finish: ___ | Fixing System: ___ | Anchor Material: ___ | Subframe: ___ | Design Load: ___ | Water Absorption: ___ | Standard: ___ | Remarks: Pattern-based master item; verify project classification, structural design, local code, tested system, manufacturer data and consultant requirements.",,m²,,,,,,,
FACADE-15509,construction,Stone Cladding,Slate Cladding - Rainscreen - 20 mm - Honed,"Supply and install 20 mm honed slate façade cladding using rainscreen system, including panels, anchors or adhesive, subframe, restraints, joints, flashings, sealants and protection. | Code Ref: 04 42 00 / OmniClass 23-13 31 21 | Spec: Stone Type/Source: ___ | Thickness: ___ | Panel Size: ___ | Finish: ___ | Fixing System: ___ | Anchor Material: ___ | Subframe: ___ | Design Load: ___ | Water Absorption: ___ | Standard: ___ | Remarks: Pattern-based master item; verify project classification, structural design, local code, tested system, manufacturer data and consultant requirements.",,m²,,,,,,,
FACADE-15510,construction,Stone Cladding,Slate Cladding - Rainscreen - 20 mm - Leathered,"Supply and install 20 mm leathered slate façade cladding using rainscreen system, including panels, anchors or adhesive, subframe, restraints, joints, flashings, sealants and protection. | Code Ref: 04 42 00 / OmniClass 23-13 31 21 | Spec: Stone Type/Source: ___ | Thickness: ___ | Panel Size: ___ | Finish: ___ | Fixing System: ___ | Anchor Material: ___ | Subframe: ___ | Design Load: ___ | Water Absorption: ___ | Standard: ___ | Remarks: Pattern-based master item; verify project classification, structural design, local code, tested system, manufacturer data and consultant requirements.",,m²,,,,,,,
FACADE-15511,construction,Stone Cladding,Slate Cladding - Rainscreen - 20 mm - Natural Split,"Supply and install 20 mm natural split slate façade cladding using rainscreen system, including panels, anchors or adhesive, subframe, restraints, joints, flashings, sealants and protection. | Code Ref: 04 42 00 / OmniClass 23-13 31 21 | Spec: Stone Type/Source: ___ | Thickness: ___ | Panel Size: ___ | Finish: ___ | Fixing System: ___ | Anchor Material: ___ | Subframe: ___ | Design Load: ___ | Water Absorption: ___ | Standard: ___ | Remarks: Pattern-based master item; verify project classification, structural design, local code, tested system, manufacturer data and consultant requirements.",,m²,,,,,,,
FACADE-15512,construction,Stone Cladding,Slate Cladding - Rainscreen - 20 mm - Polished,"Supply and install 20 mm polished slate façade cladding using rainscreen system, including panels, anchors or adhesive, subframe, restraints, joints, flashings, sealants and protection. | Code Ref: 04 42 00 / OmniClass 23-13 31 21 | Spec: Stone Type/Source: ___ | Thickness: ___ | Panel Size: ___ | Finish: ___ | Fixing System: ___ | Anchor Material: ___ | Subframe: ___ | Design Load: ___ | Water Absorption: ___ | Standard: ___ | Remarks: Pattern-based master item; verify project classification, structural design, local code, tested system, manufacturer data and consultant requirements.",,m²,,,,,,,
FACADE-15513,construction,Stone Cladding,Slate Cladding - Rainscreen - 20 mm - Sandblasted,"Supply and install 20 mm sandblasted slate façade cladding using rainscreen system, including panels, anchors or adhesive, subframe, restraints, joints, flashings, sealants and protection. | Code Ref: 04 42 00 / OmniClass 23-13 31 21 | Spec: Stone Type/Source: ___ | Thickness: ___ | Panel Size: ___ | Finish: ___ | Fixing System: ___ | Anchor Material: ___ | Subframe: ___ | Design Load: ___ | Water Absorption: ___ | Standard: ___ | Remarks: Pattern-based master item; verify project classification, structural design, local code, tested system, manufacturer data and consultant requirements.",,m²,,,,,,,
FACADE-15514,construction,Stone Cladding,Slate Cladding - Rainscreen - 25 mm - Bush-Hammered,"Supply and install 25 mm bush-hammered slate façade cladding using rainscreen system, including panels, anchors or adhesive, subframe, restraints, joints, flashings, sealants and protection. | Code Ref: 04 42 00 / OmniClass 23-13 31 21 | Spec: Stone Type/Source: ___ | Thickness: ___ | Panel Size: ___ | Finish: ___ | Fixing System: ___ | Anchor Material: ___ | Subframe: ___ | Design Load: ___ | Water Absorption: ___ | Standard: ___ | Remarks: Pattern-based master item; verify project classification, structural design, local code, tested system, manufacturer data and consultant requirements.",,m²,,,,,,,
FACADE-15515,construction,Stone Cladding,Slate Cladding - Rainscreen - 25 mm - Flamed,"Supply and install 25 mm flamed slate façade cladding using rainscreen system, including panels, anchors or adhesive, subframe, restraints, joints, flashings, sealants and protection. | Code Ref: 04 42 00 / OmniClass 23-13 31 21 | Spec: Stone Type/Source: ___ | Thickness: ___ | Panel Size: ___ | Finish: ___ | Fixing System: ___ | Anchor Material: ___ | Subframe: ___ | Design Load: ___ | Water Absorption: ___ | Standard: ___ | Remarks: Pattern-based master item; verify project classification, structural design, local code, tested system, manufacturer data and consultant requirements.",,m²,,,,,,,
FACADE-15516,construction,Stone Cladding,Slate Cladding - Rainscreen - 25 mm - Honed,"Supply and install 25 mm honed slate façade cladding using rainscreen system, including panels, anchors or adhesive, subframe, restraints, joints, flashings, sealants and protection. | Code Ref: 04 42 00 / OmniClass 23-13 31 21 | Spec: Stone Type/Source: ___ | Thickness: ___ | Panel Size: ___ | Finish: ___ | Fixing System: ___ | Anchor Material: ___ | Subframe: ___ | Design Load: ___ | Water Absorption: ___ | Standard: ___ | Remarks: Pattern-based master item; verify project classification, structural design, local code, tested system, manufacturer data and consultant requirements.",,m²,,,,,,,
FACADE-15517,construction,Stone Cladding,Slate Cladding - Rainscreen - 25 mm - Leathered,"Supply and install 25 mm leathered slate façade cladding using rainscreen system, including panels, anchors or adhesive, subframe, restraints, joints, flashings, sealants and protection. | Code Ref: 04 42 00 / OmniClass 23-13 31 21 | Spec: Stone Type/Source: ___ | Thickness: ___ | Panel Size: ___ | Finish: ___ | Fixing System: ___ | Anchor Material: ___ | Subframe: ___ | Design Load: ___ | Water Absorption: ___ | Standard: ___ | Remarks: Pattern-based master item; verify project classification, structural design, local code, tested system, manufacturer data and consultant requirements.",,m²,,,,,,,
FACADE-15518,construction,Stone Cladding,Slate Cladding - Rainscreen - 25 mm - Natural Split,"Supply and install 25 mm natural split slate façade cladding using rainscreen system, including panels, anchors or adhesive, subframe, restraints, joints, flashings, sealants and protection. | Code Ref: 04 42 00 / OmniClass 23-13 31 21 | Spec: Stone Type/Source: ___ | Thickness: ___ | Panel Size: ___ | Finish: ___ | Fixing System: ___ | Anchor Material: ___ | Subframe: ___ | Design Load: ___ | Water Absorption: ___ | Standard: ___ | Remarks: Pattern-based master item; verify project classification, structural design, local code, tested system, manufacturer data and consultant requirements.",,m²,,,,,,,
FACADE-15519,construction,Stone Cladding,Slate Cladding - Rainscreen - 25 mm - Polished,"Supply and install 25 mm polished slate façade cladding using rainscreen system, including panels, anchors or adhesive, subframe, restraints, joints, flashings, sealants and protection. | Code Ref: 04 42 00 / OmniClass 23-13 31 21 | Spec: Stone Type/Source: ___ | Thickness: ___ | Panel Size: ___ | Finish: ___ | Fixing System: ___ | Anchor Material: ___ | Subframe: ___ | Design Load: ___ | Water Absorption: ___ | Standard: ___ | Remarks: Pattern-based master item; verify project classification, structural design, local code, tested system, manufacturer data and consultant requirements.",,m²,,,,,,,
FACADE-15520,construction,Stone Cladding,Slate Cladding - Rainscreen - 25 mm - Sandblasted,"Supply and install 25 mm sandblasted slate façade cladding using rainscreen system, including panels, anchors or adhesive, subframe, restraints, joints, flashings, sealants and protection. | Code Ref: 04 42 00 / OmniClass 23-13 31 21 | Spec: Stone Type/Source: ___ | Thickness: ___ | Panel Size: ___ | Finish: ___ | Fixing System: ___ | Anchor Material: ___ | Subframe: ___ | Design Load: ___ | Water Absorption: ___ | Standard: ___ | Remarks: Pattern-based master item; verify project classification, structural design, local code, tested system, manufacturer data and consultant requirements.",,m²,,,,,,,
FACADE-15521,construction,Stone Cladding,Slate Cladding - Rainscreen - 30 mm - Bush-Hammered,"Supply and install 30 mm bush-hammered slate façade cladding using rainscreen system, including panels, anchors or adhesive, subframe, restraints, joints, flashings, sealants and protection. | Code Ref: 04 42 00 / OmniClass 23-13 31 21 | Spec: Stone Type/Source: ___ | Thickness: ___ | Panel Size: ___ | Finish: ___ | Fixing System: ___ | Anchor Material: ___ | Subframe: ___ | Design Load: ___ | Water Absorption: ___ | Standard: ___ | Remarks: Pattern-based master item; verify project classification, structural design, local code, tested system, manufacturer data and consultant requirements.",,m²,,,,,,,
FACADE-15522,construction,Stone Cladding,Slate Cladding - Rainscreen - 30 mm - Flamed,"Supply and install 30 mm flamed slate façade cladding using rainscreen system, including panels, anchors or adhesive, subframe, restraints, joints, flashings, sealants and protection. | Code Ref: 04 42 00 / OmniClass 23-13 31 21 | Spec: Stone Type/Source: ___ | Thickness: ___ | Panel Size: ___ | Finish: ___ | Fixing System: ___ | Anchor Material: ___ | Subframe: ___ | Design Load: ___ | Water Absorption: ___ | Standard: ___ | Remarks: Pattern-based master item; verify project classification, structural design, local code, tested system, manufacturer data and consultant requirements.",,m²,,,,,,,
FACADE-15523,construction,Stone Cladding,Slate Cladding - Rainscreen - 30 mm - Honed,"Supply and install 30 mm honed slate façade cladding using rainscreen system, including panels, anchors or adhesive, subframe, restraints, joints, flashings, sealants and protection. | Code Ref: 04 42 00 / OmniClass 23-13 31 21 | Spec: Stone Type/Source: ___ | Thickness: ___ | Panel Size: ___ | Finish: ___ | Fixing System: ___ | Anchor Material: ___ | Subframe: ___ | Design Load: ___ | Water Absorption: ___ | Standard: ___ | Remarks: Pattern-based master item; verify project classification, structural design, local code, tested system, manufacturer data and consultant requirements.",,m²,,,,,,,
FACADE-15524,construction,Stone Cladding,Slate Cladding - Rainscreen - 30 mm - Leathered,"Supply and install 30 mm leathered slate façade cladding using rainscreen system, including panels, anchors or adhesive, subframe, restraints, joints, flashings, sealants and protection. | Code Ref: 04 42 00 / OmniClass 23-13 31 21 | Spec: Stone Type/Source: ___ | Thickness: ___ | Panel Size: ___ | Finish: ___ | Fixing System: ___ | Anchor Material: ___ | Subframe: ___ | Design Load: ___ | Water Absorption: ___ | Standard: ___ | Remarks: Pattern-based master item; verify project classification, structural design, local code, tested system, manufacturer data and consultant requirements.",,m²,,,,,,,
FACADE-15525,construction,Stone Cladding,Slate Cladding - Rainscreen - 30 mm - Natural Split,"Supply and install 30 mm natural split slate façade cladding using rainscreen system, including panels, anchors or adhesive, subframe, restraints, joints, flashings, sealants and protection. | Code Ref: 04 42 00 / OmniClass 23-13 31 21 | Spec: Stone Type/Source: ___ | Thickness: ___ | Panel Size: ___ | Finish: ___ | Fixing System: ___ | Anchor Material: ___ | Subframe: ___ | Design Load: ___ | Water Absorption: ___ | Standard: ___ | Remarks: Pattern-based master item; verify project classification, structural design, local code, tested system, manufacturer data and consultant requirements.",,m²,,,,,,,
FACADE-15526,construction,Stone Cladding,Slate Cladding - Rainscreen - 30 mm - Polished,"Supply and install 30 mm polished slate façade cladding using rainscreen system, including panels, anchors or adhesive, subframe, restraints, joints, flashings, sealants and protection. | Code Ref: 04 42 00 / OmniClass 23-13 31 21 | Spec: Stone Type/Source: ___ | Thickness: ___ | Panel Size: ___ | Finish: ___ | Fixing System: ___ | Anchor Material: ___ | Subframe: ___ | Design Load: ___ | Water Absorption: ___ | Standard: ___ | Remarks: Pattern-based master item; verify project classification, structural design, local code, tested system, manufacturer data and consultant requirements.",,m²,,,,,,,
FACADE-15527,construction,Stone Cladding,Slate Cladding - Rainscreen - 30 mm - Sandblasted,"Supply and install 30 mm sandblasted slate façade cladding using rainscreen system, including panels, anchors or adhesive, subframe, restraints, joints, flashings, sealants and protection. | Code Ref: 04 42 00 / OmniClass 23-13 31 21 | Spec: Stone Type/Source: ___ | Thickness: ___ | Panel Size: ___ | Finish: ___ | Fixing System: ___ | Anchor Material: ___ | Subframe: ___ | Design Load: ___ | Water Absorption: ___ | Standard: ___ | Remarks: Pattern-based master item; verify project classification, structural design, local code, tested system, manufacturer data and consultant requirements.",,m²,,,,,,,
FACADE-15528,construction,Stone Cladding,Slate Cladding - Rainscreen - 40 mm - Bush-Hammered,"Supply and install 40 mm bush-hammered slate façade cladding using rainscreen system, including panels, anchors or adhesive, subframe, restraints, joints, flashings, sealants and protection. | Code Ref: 04 42 00 / OmniClass 23-13 31 21 | Spec: Stone Type/Source: ___ | Thickness: ___ | Panel Size: ___ | Finish: ___ | Fixing System: ___ | Anchor Material: ___ | Subframe: ___ | Design Load: ___ | Water Absorption: ___ | Standard: ___ | Remarks: Pattern-based master item; verify project classification, structural design, local code, tested system, manufacturer data and consultant requirements.",,m²,,,,,,,
FACADE-15529,construction,Stone Cladding,Slate Cladding - Rainscreen - 40 mm - Flamed,"Supply and install 40 mm flamed slate façade cladding using rainscreen system, including panels, anchors or adhesive, subframe, restraints, joints, flashings, sealants and protection. | Code Ref: 04 42 00 / OmniClass 23-13 31 21 | Spec: Stone Type/Source: ___ | Thickness: ___ | Panel Size: ___ | Finish: ___ | Fixing System: ___ | Anchor Material: ___ | Subframe: ___ | Design Load: ___ | Water Absorption: ___ | Standard: ___ | Remarks: Pattern-based master item; verify project classification, structural design, local code, tested system, manufacturer data and consultant requirements.",,m²,,,,,,,
FACADE-15530,construction,Stone Cladding,Slate Cladding - Rainscreen - 40 mm - Honed,"Supply and install 40 mm honed slate façade cladding using rainscreen system, including panels, anchors or adhesive, subframe, restraints, joints, flashings, sealants and protection. | Code Ref: 04 42 00 / OmniClass 23-13 31 21 | Spec: Stone Type/Source: ___ | Thickness: ___ | Panel Size: ___ | Finish: ___ | Fixing System: ___ | Anchor Material: ___ | Subframe: ___ | Design Load: ___ | Water Absorption: ___ | Standard: ___ | Remarks: Pattern-based master item; verify project classification, structural design, local code, tested system, manufacturer data and consultant requirements.",,m²,,,,,,,
FACADE-15531,construction,Stone Cladding,Slate Cladding - Rainscreen - 40 mm - Leathered,"Supply and install 40 mm leathered slate façade cladding using rainscreen system, including panels, anchors or adhesive, subframe, restraints, joints, flashings, sealants and protection. | Code Ref: 04 42 00 / OmniClass 23-13 31 21 | Spec: Stone Type/Source: ___ | Thickness: ___ | Panel Size: ___ | Finish: ___ | Fixing System: ___ | Anchor Material: ___ | Subframe: ___ | Design Load: ___ | Water Absorption: ___ | Standard: ___ | Remarks: Pattern-based master item; verify project classification, structural design, local code, tested system, manufacturer data and consultant requirements.",,m²,,,,,,,
FACADE-15532,construction,Stone Cladding,Slate Cladding - Rainscreen - 40 mm - Natural Split,"Supply and install 40 mm natural split slate façade cladding using rainscreen system, including panels, anchors or adhesive, subframe, restraints, joints, flashings, sealants and protection. | Code Ref: 04 42 00 / OmniClass 23-13 31 21 | Spec: Stone Type/Source: ___ | Thickness: ___ | Panel Size: ___ | Finish: ___ | Fixing System: ___ | Anchor Material: ___ | Subframe: ___ | Design Load: ___ | Water Absorption: ___ | Standard: ___ | Remarks: Pattern-based master item; verify project classification, structural design, local code, tested system, manufacturer data and consultant requirements.",,m²,,,,,,,
FACADE-15533,construction,Stone Cladding,Slate Cladding - Rainscreen - 40 mm - Polished,"Supply and install 40 mm polished slate façade cladding using rainscreen system, including panels, anchors or adhesive, subframe, restraints, joints, flashings, sealants and protection. | Code Ref: 04 42 00 / OmniClass 23-13 31 21 | Spec: Stone Type/Source: ___ | Thickness: ___ | Panel Size: ___ | Finish: ___ | Fixing System: ___ | Anchor Material: ___ | Subframe: ___ | Design Load: ___ | Water Absorption: ___ | Standard: ___ | Remarks: Pattern-based master item; verify project classification, structural design, local code, tested system, manufacturer data and consultant requirements.",,m²,,,,,,,
FACADE-15534,construction,Stone Cladding,Slate Cladding - Rainscreen - 40 mm - Sandblasted,"Supply and install 40 mm sandblasted slate façade cladding using rainscreen system, including panels, anchors or adhesive, subframe, restraints, joints, flashings, sealants and protection. | Code Ref: 04 42 00 / OmniClass 23-13 31 21 | Spec: Stone Type/Source: ___ | Thickness: ___ | Panel Size: ___ | Finish: ___ | Fixing System: ___ | Anchor Material: ___ | Subframe: ___ | Design Load: ___ | Water Absorption: ___ | Standard: ___ | Remarks: Pattern-based master item; verify project classification, structural design, local code, tested system, manufacturer data and consultant requirements.",,m²,,,,,,,
FACADE-15535,construction,Stone Cladding,Slate Cladding - Rainscreen - 50 mm - Bush-Hammered,"Supply and install 50 mm bush-hammered slate façade cladding using rainscreen system, including panels, anchors or adhesive, subframe, restraints, joints, flashings, sealants and protection. | Code Ref: 04 42 00 / OmniClass 23-13 31 21 | Spec: Stone Type/Source: ___ | Thickness: ___ | Panel Size: ___ | Finish: ___ | Fixing System: ___ | Anchor Material: ___ | Subframe: ___ | Design Load: ___ | Water Absorption: ___ | Standard: ___ | Remarks: Pattern-based master item; verify project classification, structural design, local code, tested system, manufacturer data and consultant requirements.",,m²,,,,,,,
FACADE-15536,construction,Stone Cladding,Slate Cladding - Rainscreen - 50 mm - Flamed,"Supply and install 50 mm flamed slate façade cladding using rainscreen system, including panels, anchors or adhesive, subframe, restraints, joints, flashings, sealants and protection. | Code Ref: 04 42 00 / OmniClass 23-13 31 21 | Spec: Stone Type/Source: ___ | Thickness: ___ | Panel Size: ___ | Finish: ___ | Fixing System: ___ | Anchor Material: ___ | Subframe: ___ | Design Load: ___ | Water Absorption: ___ | Standard: ___ | Remarks: Pattern-based master item; verify project classification, structural design, local code, tested system, manufacturer data and consultant requirements.",,m²,,,,,,,
FACADE-15537,construction,Stone Cladding,Slate Cladding - Rainscreen - 50 mm - Honed,"Supply and install 50 mm honed slate façade cladding using rainscreen system, including panels, anchors or adhesive, subframe, restraints, joints, flashings, sealants and protection. | Code Ref: 04 42 00 / OmniClass 23-13 31 21 | Spec: Stone Type/Source: ___ | Thickness: ___ | Panel Size: ___ | Finish: ___ | Fixing System: ___ | Anchor Material: ___ | Subframe: ___ | Design Load: ___ | Water Absorption: ___ | Standard: ___ | Remarks: Pattern-based master item; verify project classification, structural design, local code, tested system, manufacturer data and consultant requirements.",,m²,,,,,,,
FACADE-15538,construction,Stone Cladding,Slate Cladding - Rainscreen - 50 mm - Leathered,"Supply and install 50 mm leathered slate façade cladding using rainscreen system, including panels, anchors or adhesive, subframe, restraints, joints, flashings, sealants and protection. | Code Ref: 04 42 00 / OmniClass 23-13 31 21 | Spec: Stone Type/Source: ___ | Thickness: ___ | Panel Size: ___ | Finish: ___ | Fixing System: ___ | Anchor Material: ___ | Subframe: ___ | Design Load: ___ | Water Absorption: ___ | Standard: ___ | Remarks: Pattern-based master item; verify project classification, structural design, local code, tested system, manufacturer data and consultant requirements.",,m²,,,,,,,
FACADE-15539,construction,Stone Cladding,Slate Cladding - Rainscreen - 50 mm - Natural Split,"Supply and install 50 mm natural split slate façade cladding using rainscreen system, including panels, anchors or adhesive, subframe, restraints, joints, flashings, sealants and protection. | Code Ref: 04 42 00 / OmniClass 23-13 31 21 | Spec: Stone Type/Source: ___ | Thickness: ___ | Panel Size: ___ | Finish: ___ | Fixing System: ___ | Anchor Material: ___ | Subframe: ___ | Design Load: ___ | Water Absorption: ___ | Standard: ___ | Remarks: Pattern-based master item; verify project classification, structural design, local code, tested system, manufacturer data and consultant requirements.",,m²,,,,,,,
FACADE-15540,construction,Stone Cladding,Slate Cladding - Rainscreen - 50 mm - Polished,"Supply and install 50 mm polished slate façade cladding using rainscreen system, including panels, anchors or adhesive, subframe, restraints, joints, flashings, sealants and protection. | Code Ref: 04 42 00 / OmniClass 23-13 31 21 | Spec: Stone Type/Source: ___ | Thickness: ___ | Panel Size: ___ | Finish: ___ | Fixing System: ___ | Anchor Material: ___ | Subframe: ___ | Design Load: ___ | Water Absorption: ___ | Standard: ___ | Remarks: Pattern-based master item; verify project classification, structural design, local code, tested system, manufacturer data and consultant requirements.",,m²,,,,,,,
FACADE-15541,construction,Stone Cladding,Slate Cladding - Rainscreen - 50 mm - Sandblasted,"Supply and install 50 mm sandblasted slate façade cladding using rainscreen system, including panels, anchors or adhesive, subframe, restraints, joints, flashings, sealants and protection. | Code Ref: 04 42 00 / OmniClass 23-13 31 21 | Spec: Stone Type/Source: ___ | Thickness: ___ | Panel Size: ___ | Finish: ___ | Fixing System: ___ | Anchor Material: ___ | Subframe: ___ | Design Load: ___ | Water Absorption: ___ | Standard: ___ | Remarks: Pattern-based master item; verify project classification, structural design, local code, tested system, manufacturer data and consultant requirements.",,m²,,,,,,,
FACADE-15542,construction,Stone Cladding,Slate Cladding - Undercut Anchor - 20 mm - Bush-Hammered,"Supply and install 20 mm bush-hammered slate façade cladding using undercut anchor system, including panels, anchors or adhesive, subframe, restraints, joints, flashings, sealants and protection. | Code Ref: 04 42 00 / OmniClass 23-13 31 21 | Spec: Stone Type/Source: ___ | Thickness: ___ | Panel Size: ___ | Finish: ___ | Fixing System: ___ | Anchor Material: ___ | Subframe: ___ | Design Load: ___ | Water Absorption: ___ | Standard: ___ | Remarks: Pattern-based master item; verify project classification, structural design, local code, tested system, manufacturer data and consultant requirements.",,m²,,,,,,,
FACADE-15543,construction,Stone Cladding,Slate Cladding - Undercut Anchor - 20 mm - Flamed,"Supply and install 20 mm flamed slate façade cladding using undercut anchor system, including panels, anchors or adhesive, subframe, restraints, joints, flashings, sealants and protection. | Code Ref: 04 42 00 / OmniClass 23-13 31 21 | Spec: Stone Type/Source: ___ | Thickness: ___ | Panel Size: ___ | Finish: ___ | Fixing System: ___ | Anchor Material: ___ | Subframe: ___ | Design Load: ___ | Water Absorption: ___ | Standard: ___ | Remarks: Pattern-based master item; verify project classification, structural design, local code, tested system, manufacturer data and consultant requirements.",,m²,,,,,,,
FACADE-15544,construction,Stone Cladding,Slate Cladding - Undercut Anchor - 20 mm - Honed,"Supply and install 20 mm honed slate façade cladding using undercut anchor system, including panels, anchors or adhesive, subframe, restraints, joints, flashings, sealants and protection. | Code Ref: 04 42 00 / OmniClass 23-13 31 21 | Spec: Stone Type/Source: ___ | Thickness: ___ | Panel Size: ___ | Finish: ___ | Fixing System: ___ | Anchor Material: ___ | Subframe: ___ | Design Load: ___ | Water Absorption: ___ | Standard: ___ | Remarks: Pattern-based master item; verify project classification, structural design, local code, tested system, manufacturer data and consultant requirements.",,m²,,,,,,,
FACADE-15545,construction,Stone Cladding,Slate Cladding - Undercut Anchor - 20 mm - Leathered,"Supply and install 20 mm leathered slate façade cladding using undercut anchor system, including panels, anchors or adhesive, subframe, restraints, joints, flashings, sealants and protection. | Code Ref: 04 42 00 / OmniClass 23-13 31 21 | Spec: Stone Type/Source: ___ | Thickness: ___ | Panel Size: ___ | Finish: ___ | Fixing System: ___ | Anchor Material: ___ | Subframe: ___ | Design Load: ___ | Water Absorption: ___ | Standard: ___ | Remarks: Pattern-based master item; verify project classification, structural design, local code, tested system, manufacturer data and consultant requirements.",,m²,,,,,,,
FACADE-15546,construction,Stone Cladding,Slate Cladding - Undercut Anchor - 20 mm - Natural Split,"Supply and install 20 mm natural split slate façade cladding using undercut anchor system, including panels, anchors or adhesive, subframe, restraints, joints, flashings, sealants and protection. | Code Ref: 04 42 00 / OmniClass 23-13 31 21 | Spec: Stone Type/Source: ___ | Thickness: ___ | Panel Size: ___ | Finish: ___ | Fixing System: ___ | Anchor Material: ___ | Subframe: ___ | Design Load: ___ | Water Absorption: ___ | Standard: ___ | Remarks: Pattern-based master item; verify project classification, structural design, local code, tested system, manufacturer data and consultant requirements.",,m²,,,,,,,
FACADE-15547,construction,Stone Cladding,Slate Cladding - Undercut Anchor - 20 mm - Polished,"Supply and install 20 mm polished slate façade cladding using undercut anchor system, including panels, anchors or adhesive, subframe, restraints, joints, flashings, sealants and protection. | Code Ref: 04 42 00 / OmniClass 23-13 31 21 | Spec: Stone Type/Source: ___ | Thickness: ___ | Panel Size: ___ | Finish: ___ | Fixing System: ___ | Anchor Material: ___ | Subframe: ___ | Design Load: ___ | Water Absorption: ___ | Standard: ___ | Remarks: Pattern-based master item; verify project classification, structural design, local code, tested system, manufacturer data and consultant requirements.",,m²,,,,,,,
FACADE-15548,construction,Stone Cladding,Slate Cladding - Undercut Anchor - 20 mm - Sandblasted,"Supply and install 20 mm sandblasted slate façade cladding using undercut anchor system, including panels, anchors or adhesive, subframe, restraints, joints, flashings, sealants and protection. | Code Ref: 04 42 00 / OmniClass 23-13 31 21 | Spec: Stone Type/Source: ___ | Thickness: ___ | Panel Size: ___ | Finish: ___ | Fixing System: ___ | Anchor Material: ___ | Subframe: ___ | Design Load: ___ | Water Absorption: ___ | Standard: ___ | Remarks: Pattern-based master item; verify project classification, structural design, local code, tested system, manufacturer data and consultant requirements.",,m²,,,,,,,
FACADE-15549,construction,Stone Cladding,Slate Cladding - Undercut Anchor - 25 mm - Bush-Hammered,"Supply and install 25 mm bush-hammered slate façade cladding using undercut anchor system, including panels, anchors or adhesive, subframe, restraints, joints, flashings, sealants and protection. | Code Ref: 04 42 00 / OmniClass 23-13 31 21 | Spec: Stone Type/Source: ___ | Thickness: ___ | Panel Size: ___ | Finish: ___ | Fixing System: ___ | Anchor Material: ___ | Subframe: ___ | Design Load: ___ | Water Absorption: ___ | Standard: ___ | Remarks: Pattern-based master item; verify project classification, structural design, local code, tested system, manufacturer data and consultant requirements.",,m²,,,,,,,
FACADE-15550,construction,Stone Cladding,Slate Cladding - Undercut Anchor - 25 mm - Flamed,"Supply and install 25 mm flamed slate façade cladding using undercut anchor system, including panels, anchors or adhesive, subframe, restraints, joints, flashings, sealants and protection. | Code Ref: 04 42 00 / OmniClass 23-13 31 21 | Spec: Stone Type/Source: ___ | Thickness: ___ | Panel Size: ___ | Finish: ___ | Fixing System: ___ | Anchor Material: ___ | Subframe: ___ | Design Load: ___ | Water Absorption: ___ | Standard: ___ | Remarks: Pattern-based master item; verify project classification, structural design, local code, tested system, manufacturer data and consultant requirements.",,m²,,,,,,,
FACADE-15551,construction,Stone Cladding,Slate Cladding - Undercut Anchor - 25 mm - Honed,"Supply and install 25 mm honed slate façade cladding using undercut anchor system, including panels, anchors or adhesive, subframe, restraints, joints, flashings, sealants and protection. | Code Ref: 04 42 00 / OmniClass 23-13 31 21 | Spec: Stone Type/Source: ___ | Thickness: ___ | Panel Size: ___ | Finish: ___ | Fixing System: ___ | Anchor Material: ___ | Subframe: ___ | Design Load: ___ | Water Absorption: ___ | Standard: ___ | Remarks: Pattern-based master item; verify project classification, structural design, local code, tested system, manufacturer data and consultant requirements.",,m²,,,,,,,
FACADE-15552,construction,Stone Cladding,Slate Cladding - Undercut Anchor - 25 mm - Leathered,"Supply and install 25 mm leathered slate façade cladding using undercut anchor system, including panels, anchors or adhesive, subframe, restraints, joints, flashings, sealants and protection. | Code Ref: 04 42 00 / OmniClass 23-13 31 21 | Spec: Stone Type/Source: ___ | Thickness: ___ | Panel Size: ___ | Finish: ___ | Fixing System: ___ | Anchor Material: ___ | Subframe: ___ | Design Load: ___ | Water Absorption: ___ | Standard: ___ | Remarks: Pattern-based master item; verify project classification, structural design, local code, tested system, manufacturer data and consultant requirements.",,m²,,,,,,,
FACADE-15553,construction,Stone Cladding,Slate Cladding - Undercut Anchor - 25 mm - Natural Split,"Supply and install 25 mm natural split slate façade cladding using undercut anchor system, including panels, anchors or adhesive, subframe, restraints, joints, flashings, sealants and protection. | Code Ref: 04 42 00 / OmniClass 23-13 31 21 | Spec: Stone Type/Source: ___ | Thickness: ___ | Panel Size: ___ | Finish: ___ | Fixing System: ___ | Anchor Material: ___ | Subframe: ___ | Design Load: ___ | Water Absorption: ___ | Standard: ___ | Remarks: Pattern-based master item; verify project classification, structural design, local code, tested system, manufacturer data and consultant requirements.",,m²,,,,,,,
FACADE-15554,construction,Stone Cladding,Slate Cladding - Undercut Anchor - 25 mm - Polished,"Supply and install 25 mm polished slate façade cladding using undercut anchor system, including panels, anchors or adhesive, subframe, restraints, joints, flashings, sealants and protection. | Code Ref: 04 42 00 / OmniClass 23-13 31 21 | Spec: Stone Type/Source: ___ | Thickness: ___ | Panel Size: ___ | Finish: ___ | Fixing System: ___ | Anchor Material: ___ | Subframe: ___ | Design Load: ___ | Water Absorption: ___ | Standard: ___ | Remarks: Pattern-based master item; verify project classification, structural design, local code, tested system, manufacturer data and consultant requirements.",,m²,,,,,,,
FACADE-15555,construction,Stone Cladding,Slate Cladding - Undercut Anchor - 25 mm - Sandblasted,"Supply and install 25 mm sandblasted slate façade cladding using undercut anchor system, including panels, anchors or adhesive, subframe, restraints, joints, flashings, sealants and protection. | Code Ref: 04 42 00 / OmniClass 23-13 31 21 | Spec: Stone Type/Source: ___ | Thickness: ___ | Panel Size: ___ | Finish: ___ | Fixing System: ___ | Anchor Material: ___ | Subframe: ___ | Design Load: ___ | Water Absorption: ___ | Standard: ___ | Remarks: Pattern-based master item; verify project classification, structural design, local code, tested system, manufacturer data and consultant requirements.",,m²,,,,,,,
FACADE-15556,construction,Stone Cladding,Slate Cladding - Undercut Anchor - 30 mm - Bush-Hammered,"Supply and install 30 mm bush-hammered slate façade cladding using undercut anchor system, including panels, anchors or adhesive, subframe, restraints, joints, flashings, sealants and protection. | Code Ref: 04 42 00 / OmniClass 23-13 31 21 | Spec: Stone Type/Source: ___ | Thickness: ___ | Panel Size: ___ | Finish: ___ | Fixing System: ___ | Anchor Material: ___ | Subframe: ___ | Design Load: ___ | Water Absorption: ___ | Standard: ___ | Remarks: Pattern-based master item; verify project classification, structural design, local code, tested system, manufacturer data and consultant requirements.",,m²,,,,,,,
FACADE-15557,construction,Stone Cladding,Slate Cladding - Undercut Anchor - 30 mm - Flamed,"Supply and install 30 mm flamed slate façade cladding using undercut anchor system, including panels, anchors or adhesive, subframe, restraints, joints, flashings, sealants and protection. | Code Ref: 04 42 00 / OmniClass 23-13 31 21 | Spec: Stone Type/Source: ___ | Thickness: ___ | Panel Size: ___ | Finish: ___ | Fixing System: ___ | Anchor Material: ___ | Subframe: ___ | Design Load: ___ | Water Absorption: ___ | Standard: ___ | Remarks: Pattern-based master item; verify project classification, structural design, local code, tested system, manufacturer data and consultant requirements.",,m²,,,,,,,
FACADE-15558,construction,Stone Cladding,Slate Cladding - Undercut Anchor - 30 mm - Honed,"Supply and install 30 mm honed slate façade cladding using undercut anchor system, including panels, anchors or adhesive, subframe, restraints, joints, flashings, sealants and protection. | Code Ref: 04 42 00 / OmniClass 23-13 31 21 | Spec: Stone Type/Source: ___ | Thickness: ___ | Panel Size: ___ | Finish: ___ | Fixing System: ___ | Anchor Material: ___ | Subframe: ___ | Design Load: ___ | Water Absorption: ___ | Standard: ___ | Remarks: Pattern-based master item; verify project classification, structural design, local code, tested system, manufacturer data and consultant requirements.",,m²,,,,,,,
FACADE-15559,construction,Stone Cladding,Slate Cladding - Undercut Anchor - 30 mm - Leathered,"Supply and install 30 mm leathered slate façade cladding using undercut anchor system, including panels, anchors or adhesive, subframe, restraints, joints, flashings, sealants and protection. | Code Ref: 04 42 00 / OmniClass 23-13 31 21 | Spec: Stone Type/Source: ___ | Thickness: ___ | Panel Size: ___ | Finish: ___ | Fixing System: ___ | Anchor Material: ___ | Subframe: ___ | Design Load: ___ | Water Absorption: ___ | Standard: ___ | Remarks: Pattern-based master item; verify project classification, structural design, local code, tested system, manufacturer data and consultant requirements.",,m²,,,,,,,
FACADE-15560,construction,Stone Cladding,Slate Cladding - Undercut Anchor - 30 mm - Natural Split,"Supply and install 30 mm natural split slate façade cladding using undercut anchor system, including panels, anchors or adhesive, subframe, restraints, joints, flashings, sealants and protection. | Code Ref: 04 42 00 / OmniClass 23-13 31 21 | Spec: Stone Type/Source: ___ | Thickness: ___ | Panel Size: ___ | Finish: ___ | Fixing System: ___ | Anchor Material: ___ | Subframe: ___ | Design Load: ___ | Water Absorption: ___ | Standard: ___ | Remarks: Pattern-based master item; verify project classification, structural design, local code, tested system, manufacturer data and consultant requirements.",,m²,,,,,,,
FACADE-15561,construction,Stone Cladding,Slate Cladding - Undercut Anchor - 30 mm - Polished,"Supply and install 30 mm polished slate façade cladding using undercut anchor system, including panels, anchors or adhesive, subframe, restraints, joints, flashings, sealants and protection. | Code Ref: 04 42 00 / OmniClass 23-13 31 21 | Spec: Stone Type/Source: ___ | Thickness: ___ | Panel Size: ___ | Finish: ___ | Fixing System: ___ | Anchor Material: ___ | Subframe: ___ | Design Load: ___ | Water Absorption: ___ | Standard: ___ | Remarks: Pattern-based master item; verify project classification, structural design, local code, tested system, manufacturer data and consultant requirements.",,m²,,,,,,,
FACADE-15562,construction,Stone Cladding,Slate Cladding - Undercut Anchor - 30 mm - Sandblasted,"Supply and install 30 mm sandblasted slate façade cladding using undercut anchor system, including panels, anchors or adhesive, subframe, restraints, joints, flashings, sealants and protection. | Code Ref: 04 42 00 / OmniClass 23-13 31 21 | Spec: Stone Type/Source: ___ | Thickness: ___ | Panel Size: ___ | Finish: ___ | Fixing System: ___ | Anchor Material: ___ | Subframe: ___ | Design Load: ___ | Water Absorption: ___ | Standard: ___ | Remarks: Pattern-based master item; verify project classification, structural design, local code, tested system, manufacturer data and consultant requirements.",,m²,,,,,,,
FACADE-15563,construction,Stone Cladding,Slate Cladding - Undercut Anchor - 40 mm - Bush-Hammered,"Supply and install 40 mm bush-hammered slate façade cladding using undercut anchor system, including panels, anchors or adhesive, subframe, restraints, joints, flashings, sealants and protection. | Code Ref: 04 42 00 / OmniClass 23-13 31 21 | Spec: Stone Type/Source: ___ | Thickness: ___ | Panel Size: ___ | Finish: ___ | Fixing System: ___ | Anchor Material: ___ | Subframe: ___ | Design Load: ___ | Water Absorption: ___ | Standard: ___ | Remarks: Pattern-based master item; verify project classification, structural design, local code, tested system, manufacturer data and consultant requirements.",,m²,,,,,,,
FACADE-15564,construction,Stone Cladding,Slate Cladding - Undercut Anchor - 40 mm - Flamed,"Supply and install 40 mm flamed slate façade cladding using undercut anchor system, including panels, anchors or adhesive, subframe, restraints, joints, flashings, sealants and protection. | Code Ref: 04 42 00 / OmniClass 23-13 31 21 | Spec: Stone Type/Source: ___ | Thickness: ___ | Panel Size: ___ | Finish: ___ | Fixing System: ___ | Anchor Material: ___ | Subframe: ___ | Design Load: ___ | Water Absorption: ___ | Standard: ___ | Remarks: Pattern-based master item; verify project classification, structural design, local code, tested system, manufacturer data and consultant requirements.",,m²,,,,,,,
FACADE-15565,construction,Stone Cladding,Slate Cladding - Undercut Anchor - 40 mm - Honed,"Supply and install 40 mm honed slate façade cladding using undercut anchor system, including panels, anchors or adhesive, subframe, restraints, joints, flashings, sealants and protection. | Code Ref: 04 42 00 / OmniClass 23-13 31 21 | Spec: Stone Type/Source: ___ | Thickness: ___ | Panel Size: ___ | Finish: ___ | Fixing System: ___ | Anchor Material: ___ | Subframe: ___ | Design Load: ___ | Water Absorption: ___ | Standard: ___ | Remarks: Pattern-based master item; verify project classification, structural design, local code, tested system, manufacturer data and consultant requirements.",,m²,,,,,,,
FACADE-15566,construction,Stone Cladding,Slate Cladding - Undercut Anchor - 40 mm - Leathered,"Supply and install 40 mm leathered slate façade cladding using undercut anchor system, including panels, anchors or adhesive, subframe, restraints, joints, flashings, sealants and protection. | Code Ref: 04 42 00 / OmniClass 23-13 31 21 | Spec: Stone Type/Source: ___ | Thickness: ___ | Panel Size: ___ | Finish: ___ | Fixing System: ___ | Anchor Material: ___ | Subframe: ___ | Design Load: ___ | Water Absorption: ___ | Standard: ___ | Remarks: Pattern-based master item; verify project classification, structural design, local code, tested system, manufacturer data and consultant requirements.",,m²,,,,,,,
FACADE-15567,construction,Stone Cladding,Slate Cladding - Undercut Anchor - 40 mm - Natural Split,"Supply and install 40 mm natural split slate façade cladding using undercut anchor system, including panels, anchors or adhesive, subframe, restraints, joints, flashings, sealants and protection. | Code Ref: 04 42 00 / OmniClass 23-13 31 21 | Spec: Stone Type/Source: ___ | Thickness: ___ | Panel Size: ___ | Finish: ___ | Fixing System: ___ | Anchor Material: ___ | Subframe: ___ | Design Load: ___ | Water Absorption: ___ | Standard: ___ | Remarks: Pattern-based master item; verify project classification, structural design, local code, tested system, manufacturer data and consultant requirements.",,m²,,,,,,,
FACADE-15568,construction,Stone Cladding,Slate Cladding - Undercut Anchor - 40 mm - Polished,"Supply and install 40 mm polished slate façade cladding using undercut anchor system, including panels, anchors or adhesive, subframe, restraints, joints, flashings, sealants and protection. | Code Ref: 04 42 00 / OmniClass 23-13 31 21 | Spec: Stone Type/Source: ___ | Thickness: ___ | Panel Size: ___ | Finish: ___ | Fixing System: ___ | Anchor Material: ___ | Subframe: ___ | Design Load: ___ | Water Absorption: ___ | Standard: ___ | Remarks: Pattern-based master item; verify project classification, structural design, local code, tested system, manufacturer data and consultant requirements.",,m²,,,,,,,
FACADE-15569,construction,Stone Cladding,Slate Cladding - Undercut Anchor - 40 mm - Sandblasted,"Supply and install 40 mm sandblasted slate façade cladding using undercut anchor system, including panels, anchors or adhesive, subframe, restraints, joints, flashings, sealants and protection. | Code Ref: 04 42 00 / OmniClass 23-13 31 21 | Spec: Stone Type/Source: ___ | Thickness: ___ | Panel Size: ___ | Finish: ___ | Fixing System: ___ | Anchor Material: ___ | Subframe: ___ | Design Load: ___ | Water Absorption: ___ | Standard: ___ | Remarks: Pattern-based master item; verify project classification, structural design, local code, tested system, manufacturer data and consultant requirements.",,m²,,,,,,,
FACADE-15570,construction,Stone Cladding,Slate Cladding - Undercut Anchor - 50 mm - Bush-Hammered,"Supply and install 50 mm bush-hammered slate façade cladding using undercut anchor system, including panels, anchors or adhesive, subframe, restraints, joints, flashings, sealants and protection. | Code Ref: 04 42 00 / OmniClass 23-13 31 21 | Spec: Stone Type/Source: ___ | Thickness: ___ | Panel Size: ___ | Finish: ___ | Fixing System: ___ | Anchor Material: ___ | Subframe: ___ | Design Load: ___ | Water Absorption: ___ | Standard: ___ | Remarks: Pattern-based master item; verify project classification, structural design, local code, tested system, manufacturer data and consultant requirements.",,m²,,,,,,,
FACADE-15571,construction,Stone Cladding,Slate Cladding - Undercut Anchor - 50 mm - Flamed,"Supply and install 50 mm flamed slate façade cladding using undercut anchor system, including panels, anchors or adhesive, subframe, restraints, joints, flashings, sealants and protection. | Code Ref: 04 42 00 / OmniClass 23-13 31 21 | Spec: Stone Type/Source: ___ | Thickness: ___ | Panel Size: ___ | Finish: ___ | Fixing System: ___ | Anchor Material: ___ | Subframe: ___ | Design Load: ___ | Water Absorption: ___ | Standard: ___ | Remarks: Pattern-based master item; verify project classification, structural design, local code, tested system, manufacturer data and consultant requirements.",,m²,,,,,,,
FACADE-15572,construction,Stone Cladding,Slate Cladding - Undercut Anchor - 50 mm - Honed,"Supply and install 50 mm honed slate façade cladding using undercut anchor system, including panels, anchors or adhesive, subframe, restraints, joints, flashings, sealants and protection. | Code Ref: 04 42 00 / OmniClass 23-13 31 21 | Spec: Stone Type/Source: ___ | Thickness: ___ | Panel Size: ___ | Finish: ___ | Fixing System: ___ | Anchor Material: ___ | Subframe: ___ | Design Load: ___ | Water Absorption: ___ | Standard: ___ | Remarks: Pattern-based master item; verify project classification, structural design, local code, tested system, manufacturer data and consultant requirements.",,m²,,,,,,,
FACADE-15573,construction,Stone Cladding,Slate Cladding - Undercut Anchor - 50 mm - Leathered,"Supply and install 50 mm leathered slate façade cladding using undercut anchor system, including panels, anchors or adhesive, subframe, restraints, joints, flashings, sealants and protection. | Code Ref: 04 42 00 / OmniClass 23-13 31 21 | Spec: Stone Type/Source: ___ | Thickness: ___ | Panel Size: ___ | Finish: ___ | Fixing System: ___ | Anchor Material: ___ | Subframe: ___ | Design Load: ___ | Water Absorption: ___ | Standard: ___ | Remarks: Pattern-based master item; verify project classification, structural design, local code, tested system, manufacturer data and consultant requirements.",,m²,,,,,,,
FACADE-15574,construction,Stone Cladding,Slate Cladding - Undercut Anchor - 50 mm - Natural Split,"Supply and install 50 mm natural split slate façade cladding using undercut anchor system, including panels, anchors or adhesive, subframe, restraints, joints, flashings, sealants and protection. | Code Ref: 04 42 00 / OmniClass 23-13 31 21 | Spec: Stone Type/Source: ___ | Thickness: ___ | Panel Size: ___ | Finish: ___ | Fixing System: ___ | Anchor Material: ___ | Subframe: ___ | Design Load: ___ | Water Absorption: ___ | Standard: ___ | Remarks: Pattern-based master item; verify project classification, structural design, local code, tested system, manufacturer data and consultant requirements.",,m²,,,,,,,
FACADE-15575,construction,Stone Cladding,Slate Cladding - Undercut Anchor - 50 mm - Polished,"Supply and install 50 mm polished slate façade cladding using undercut anchor system, including panels, anchors or adhesive, subframe, restraints, joints, flashings, sealants and protection. | Code Ref: 04 42 00 / OmniClass 23-13 31 21 | Spec: Stone Type/Source: ___ | Thickness: ___ | Panel Size: ___ | Finish: ___ | Fixing System: ___ | Anchor Material: ___ | Subframe: ___ | Design Load: ___ | Water Absorption: ___ | Standard: ___ | Remarks: Pattern-based master item; verify project classification, structural design, local code, tested system, manufacturer data and consultant requirements.",,m²,,,,,,,
FACADE-15576,construction,Stone Cladding,Slate Cladding - Undercut Anchor - 50 mm - Sandblasted,"Supply and install 50 mm sandblasted slate façade cladding using undercut anchor system, including panels, anchors or adhesive, subframe, restraints, joints, flashings, sealants and protection. | Code Ref: 04 42 00 / OmniClass 23-13 31 21 | Spec: Stone Type/Source: ___ | Thickness: ___ | Panel Size: ___ | Finish: ___ | Fixing System: ___ | Anchor Material: ___ | Subframe: ___ | Design Load: ___ | Water Absorption: ___ | Standard: ___ | Remarks: Pattern-based master item; verify project classification, structural design, local code, tested system, manufacturer data and consultant requirements.",,m²,,,,,,,
FACADE-15577,construction,Stone Cladding,Travertine Cladding - Adhesive-Fixed - 20 mm - Bush-Hammered,"Supply and install 20 mm bush-hammered travertine façade cladding using adhesive-fixed system, including panels, anchors or adhesive, subframe, restraints, joints, flashings, sealants and protection. | Code Ref: 04 42 00 / OmniClass 23-13 31 21 | Spec: Stone Type/Source: ___ | Thickness: ___ | Panel Size: ___ | Finish: ___ | Fixing System: ___ | Anchor Material: ___ | Subframe: ___ | Design Load: ___ | Water Absorption: ___ | Standard: ___ | Remarks: Pattern-based master item; verify project classification, structural design, local code, tested system, manufacturer data and consultant requirements.",,m²,,,,,,,
FACADE-15578,construction,Stone Cladding,Travertine Cladding - Adhesive-Fixed - 20 mm - Flamed,"Supply and install 20 mm flamed travertine façade cladding using adhesive-fixed system, including panels, anchors or adhesive, subframe, restraints, joints, flashings, sealants and protection. | Code Ref: 04 42 00 / OmniClass 23-13 31 21 | Spec: Stone Type/Source: ___ | Thickness: ___ | Panel Size: ___ | Finish: ___ | Fixing System: ___ | Anchor Material: ___ | Subframe: ___ | Design Load: ___ | Water Absorption: ___ | Standard: ___ | Remarks: Pattern-based master item; verify project classification, structural design, local code, tested system, manufacturer data and consultant requirements.",,m²,,,,,,,
FACADE-15579,construction,Stone Cladding,Travertine Cladding - Adhesive-Fixed - 20 mm - Honed,"Supply and install 20 mm honed travertine façade cladding using adhesive-fixed system, including panels, anchors or adhesive, subframe, restraints, joints, flashings, sealants and protection. | Code Ref: 04 42 00 / OmniClass 23-13 31 21 | Spec: Stone Type/Source: ___ | Thickness: ___ | Panel Size: ___ | Finish: ___ | Fixing System: ___ | Anchor Material: ___ | Subframe: ___ | Design Load: ___ | Water Absorption: ___ | Standard: ___ | Remarks: Pattern-based master item; verify project classification, structural design, local code, tested system, manufacturer data and consultant requirements.",,m²,,,,,,,
FACADE-15580,construction,Stone Cladding,Travertine Cladding - Adhesive-Fixed - 20 mm - Leathered,"Supply and install 20 mm leathered travertine façade cladding using adhesive-fixed system, including panels, anchors or adhesive, subframe, restraints, joints, flashings, sealants and protection. | Code Ref: 04 42 00 / OmniClass 23-13 31 21 | Spec: Stone Type/Source: ___ | Thickness: ___ | Panel Size: ___ | Finish: ___ | Fixing System: ___ | Anchor Material: ___ | Subframe: ___ | Design Load: ___ | Water Absorption: ___ | Standard: ___ | Remarks: Pattern-based master item; verify project classification, structural design, local code, tested system, manufacturer data and consultant requirements.",,m²,,,,,,,
FACADE-15581,construction,Stone Cladding,Travertine Cladding - Adhesive-Fixed - 20 mm - Natural Split,"Supply and install 20 mm natural split travertine façade cladding using adhesive-fixed system, including panels, anchors or adhesive, subframe, restraints, joints, flashings, sealants and protection. | Code Ref: 04 42 00 / OmniClass 23-13 31 21 | Spec: Stone Type/Source: ___ | Thickness: ___ | Panel Size: ___ | Finish: ___ | Fixing System: ___ | Anchor Material: ___ | Subframe: ___ | Design Load: ___ | Water Absorption: ___ | Standard: ___ | Remarks: Pattern-based master item; verify project classification, structural design, local code, tested system, manufacturer data and consultant requirements.",,m²,,,,,,,
FACADE-15582,construction,Stone Cladding,Travertine Cladding - Adhesive-Fixed - 20 mm - Polished,"Supply and install 20 mm polished travertine façade cladding using adhesive-fixed system, including panels, anchors or adhesive, subframe, restraints, joints, flashings, sealants and protection. | Code Ref: 04 42 00 / OmniClass 23-13 31 21 | Spec: Stone Type/Source: ___ | Thickness: ___ | Panel Size: ___ | Finish: ___ | Fixing System: ___ | Anchor Material: ___ | Subframe: ___ | Design Load: ___ | Water Absorption: ___ | Standard: ___ | Remarks: Pattern-based master item; verify project classification, structural design, local code, tested system, manufacturer data and consultant requirements.",,m²,,,,,,,
FACADE-15583,construction,Stone Cladding,Travertine Cladding - Adhesive-Fixed - 20 mm - Sandblasted,"Supply and install 20 mm sandblasted travertine façade cladding using adhesive-fixed system, including panels, anchors or adhesive, subframe, restraints, joints, flashings, sealants and protection. | Code Ref: 04 42 00 / OmniClass 23-13 31 21 | Spec: Stone Type/Source: ___ | Thickness: ___ | Panel Size: ___ | Finish: ___ | Fixing System: ___ | Anchor Material: ___ | Subframe: ___ | Design Load: ___ | Water Absorption: ___ | Standard: ___ | Remarks: Pattern-based master item; verify project classification, structural design, local code, tested system, manufacturer data and consultant requirements.",,m²,,,,,,,
FACADE-15584,construction,Stone Cladding,Travertine Cladding - Adhesive-Fixed - 25 mm - Bush-Hammered,"Supply and install 25 mm bush-hammered travertine façade cladding using adhesive-fixed system, including panels, anchors or adhesive, subframe, restraints, joints, flashings, sealants and protection. | Code Ref: 04 42 00 / OmniClass 23-13 31 21 | Spec: Stone Type/Source: ___ | Thickness: ___ | Panel Size: ___ | Finish: ___ | Fixing System: ___ | Anchor Material: ___ | Subframe: ___ | Design Load: ___ | Water Absorption: ___ | Standard: ___ | Remarks: Pattern-based master item; verify project classification, structural design, local code, tested system, manufacturer data and consultant requirements.",,m²,,,,,,,
FACADE-15585,construction,Stone Cladding,Travertine Cladding - Adhesive-Fixed - 25 mm - Flamed,"Supply and install 25 mm flamed travertine façade cladding using adhesive-fixed system, including panels, anchors or adhesive, subframe, restraints, joints, flashings, sealants and protection. | Code Ref: 04 42 00 / OmniClass 23-13 31 21 | Spec: Stone Type/Source: ___ | Thickness: ___ | Panel Size: ___ | Finish: ___ | Fixing System: ___ | Anchor Material: ___ | Subframe: ___ | Design Load: ___ | Water Absorption: ___ | Standard: ___ | Remarks: Pattern-based master item; verify project classification, structural design, local code, tested system, manufacturer data and consultant requirements.",,m²,,,,,,,
FACADE-15586,construction,Stone Cladding,Travertine Cladding - Adhesive-Fixed - 25 mm - Honed,"Supply and install 25 mm honed travertine façade cladding using adhesive-fixed system, including panels, anchors or adhesive, subframe, restraints, joints, flashings, sealants and protection. | Code Ref: 04 42 00 / OmniClass 23-13 31 21 | Spec: Stone Type/Source: ___ | Thickness: ___ | Panel Size: ___ | Finish: ___ | Fixing System: ___ | Anchor Material: ___ | Subframe: ___ | Design Load: ___ | Water Absorption: ___ | Standard: ___ | Remarks: Pattern-based master item; verify project classification, structural design, local code, tested system, manufacturer data and consultant requirements.",,m²,,,,,,,
FACADE-15587,construction,Stone Cladding,Travertine Cladding - Adhesive-Fixed - 25 mm - Leathered,"Supply and install 25 mm leathered travertine façade cladding using adhesive-fixed system, including panels, anchors or adhesive, subframe, restraints, joints, flashings, sealants and protection. | Code Ref: 04 42 00 / OmniClass 23-13 31 21 | Spec: Stone Type/Source: ___ | Thickness: ___ | Panel Size: ___ | Finish: ___ | Fixing System: ___ | Anchor Material: ___ | Subframe: ___ | Design Load: ___ | Water Absorption: ___ | Standard: ___ | Remarks: Pattern-based master item; verify project classification, structural design, local code, tested system, manufacturer data and consultant requirements.",,m²,,,,,,,
FACADE-15588,construction,Stone Cladding,Travertine Cladding - Adhesive-Fixed - 25 mm - Natural Split,"Supply and install 25 mm natural split travertine façade cladding using adhesive-fixed system, including panels, anchors or adhesive, subframe, restraints, joints, flashings, sealants and protection. | Code Ref: 04 42 00 / OmniClass 23-13 31 21 | Spec: Stone Type/Source: ___ | Thickness: ___ | Panel Size: ___ | Finish: ___ | Fixing System: ___ | Anchor Material: ___ | Subframe: ___ | Design Load: ___ | Water Absorption: ___ | Standard: ___ | Remarks: Pattern-based master item; verify project classification, structural design, local code, tested system, manufacturer data and consultant requirements.",,m²,,,,,,,
FACADE-15589,construction,Stone Cladding,Travertine Cladding - Adhesive-Fixed - 25 mm - Polished,"Supply and install 25 mm polished travertine façade cladding using adhesive-fixed system, including panels, anchors or adhesive, subframe, restraints, joints, flashings, sealants and protection. | Code Ref: 04 42 00 / OmniClass 23-13 31 21 | Spec: Stone Type/Source: ___ | Thickness: ___ | Panel Size: ___ | Finish: ___ | Fixing System: ___ | Anchor Material: ___ | Subframe: ___ | Design Load: ___ | Water Absorption: ___ | Standard: ___ | Remarks: Pattern-based master item; verify project classification, structural design, local code, tested system, manufacturer data and consultant requirements.",,m²,,,,,,,
FACADE-15590,construction,Stone Cladding,Travertine Cladding - Adhesive-Fixed - 25 mm - Sandblasted,"Supply and install 25 mm sandblasted travertine façade cladding using adhesive-fixed system, including panels, anchors or adhesive, subframe, restraints, joints, flashings, sealants and protection. | Code Ref: 04 42 00 / OmniClass 23-13 31 21 | Spec: Stone Type/Source: ___ | Thickness: ___ | Panel Size: ___ | Finish: ___ | Fixing System: ___ | Anchor Material: ___ | Subframe: ___ | Design Load: ___ | Water Absorption: ___ | Standard: ___ | Remarks: Pattern-based master item; verify project classification, structural design, local code, tested system, manufacturer data and consultant requirements.",,m²,,,,,,,
FACADE-15591,construction,Stone Cladding,Travertine Cladding - Adhesive-Fixed - 30 mm - Bush-Hammered,"Supply and install 30 mm bush-hammered travertine façade cladding using adhesive-fixed system, including panels, anchors or adhesive, subframe, restraints, joints, flashings, sealants and protection. | Code Ref: 04 42 00 / OmniClass 23-13 31 21 | Spec: Stone Type/Source: ___ | Thickness: ___ | Panel Size: ___ | Finish: ___ | Fixing System: ___ | Anchor Material: ___ | Subframe: ___ | Design Load: ___ | Water Absorption: ___ | Standard: ___ | Remarks: Pattern-based master item; verify project classification, structural design, local code, tested system, manufacturer data and consultant requirements.",,m²,,,,,,,
FACADE-15592,construction,Stone Cladding,Travertine Cladding - Adhesive-Fixed - 30 mm - Flamed,"Supply and install 30 mm flamed travertine façade cladding using adhesive-fixed system, including panels, anchors or adhesive, subframe, restraints, joints, flashings, sealants and protection. | Code Ref: 04 42 00 / OmniClass 23-13 31 21 | Spec: Stone Type/Source: ___ | Thickness: ___ | Panel Size: ___ | Finish: ___ | Fixing System: ___ | Anchor Material: ___ | Subframe: ___ | Design Load: ___ | Water Absorption: ___ | Standard: ___ | Remarks: Pattern-based master item; verify project classification, structural design, local code, tested system, manufacturer data and consultant requirements.",,m²,,,,,,,
FACADE-15593,construction,Stone Cladding,Travertine Cladding - Adhesive-Fixed - 30 mm - Honed,"Supply and install 30 mm honed travertine façade cladding using adhesive-fixed system, including panels, anchors or adhesive, subframe, restraints, joints, flashings, sealants and protection. | Code Ref: 04 42 00 / OmniClass 23-13 31 21 | Spec: Stone Type/Source: ___ | Thickness: ___ | Panel Size: ___ | Finish: ___ | Fixing System: ___ | Anchor Material: ___ | Subframe: ___ | Design Load: ___ | Water Absorption: ___ | Standard: ___ | Remarks: Pattern-based master item; verify project classification, structural design, local code, tested system, manufacturer data and consultant requirements.",,m²,,,,,,,
FACADE-15594,construction,Stone Cladding,Travertine Cladding - Adhesive-Fixed - 30 mm - Leathered,"Supply and install 30 mm leathered travertine façade cladding using adhesive-fixed system, including panels, anchors or adhesive, subframe, restraints, joints, flashings, sealants and protection. | Code Ref: 04 42 00 / OmniClass 23-13 31 21 | Spec: Stone Type/Source: ___ | Thickness: ___ | Panel Size: ___ | Finish: ___ | Fixing System: ___ | Anchor Material: ___ | Subframe: ___ | Design Load: ___ | Water Absorption: ___ | Standard: ___ | Remarks: Pattern-based master item; verify project classification, structural design, local code, tested system, manufacturer data and consultant requirements.",,m²,,,,,,,
FACADE-15595,construction,Stone Cladding,Travertine Cladding - Adhesive-Fixed - 30 mm - Natural Split,"Supply and install 30 mm natural split travertine façade cladding using adhesive-fixed system, including panels, anchors or adhesive, subframe, restraints, joints, flashings, sealants and protection. | Code Ref: 04 42 00 / OmniClass 23-13 31 21 | Spec: Stone Type/Source: ___ | Thickness: ___ | Panel Size: ___ | Finish: ___ | Fixing System: ___ | Anchor Material: ___ | Subframe: ___ | Design Load: ___ | Water Absorption: ___ | Standard: ___ | Remarks: Pattern-based master item; verify project classification, structural design, local code, tested system, manufacturer data and consultant requirements.",,m²,,,,,,,
FACADE-15596,construction,Stone Cladding,Travertine Cladding - Adhesive-Fixed - 30 mm - Polished,"Supply and install 30 mm polished travertine façade cladding using adhesive-fixed system, including panels, anchors or adhesive, subframe, restraints, joints, flashings, sealants and protection. | Code Ref: 04 42 00 / OmniClass 23-13 31 21 | Spec: Stone Type/Source: ___ | Thickness: ___ | Panel Size: ___ | Finish: ___ | Fixing System: ___ | Anchor Material: ___ | Subframe: ___ | Design Load: ___ | Water Absorption: ___ | Standard: ___ | Remarks: Pattern-based master item; verify project classification, structural design, local code, tested system, manufacturer data and consultant requirements.",,m²,,,,,,,
FACADE-15597,construction,Stone Cladding,Travertine Cladding - Adhesive-Fixed - 30 mm - Sandblasted,"Supply and install 30 mm sandblasted travertine façade cladding using adhesive-fixed system, including panels, anchors or adhesive, subframe, restraints, joints, flashings, sealants and protection. | Code Ref: 04 42 00 / OmniClass 23-13 31 21 | Spec: Stone Type/Source: ___ | Thickness: ___ | Panel Size: ___ | Finish: ___ | Fixing System: ___ | Anchor Material: ___ | Subframe: ___ | Design Load: ___ | Water Absorption: ___ | Standard: ___ | Remarks: Pattern-based master item; verify project classification, structural design, local code, tested system, manufacturer data and consultant requirements.",,m²,,,,,,,
FACADE-15598,construction,Stone Cladding,Travertine Cladding - Adhesive-Fixed - 40 mm - Bush-Hammered,"Supply and install 40 mm bush-hammered travertine façade cladding using adhesive-fixed system, including panels, anchors or adhesive, subframe, restraints, joints, flashings, sealants and protection. | Code Ref: 04 42 00 / OmniClass 23-13 31 21 | Spec: Stone Type/Source: ___ | Thickness: ___ | Panel Size: ___ | Finish: ___ | Fixing System: ___ | Anchor Material: ___ | Subframe: ___ | Design Load: ___ | Water Absorption: ___ | Standard: ___ | Remarks: Pattern-based master item; verify project classification, structural design, local code, tested system, manufacturer data and consultant requirements.",,m²,,,,,,,
FACADE-15599,construction,Stone Cladding,Travertine Cladding - Adhesive-Fixed - 40 mm - Flamed,"Supply and install 40 mm flamed travertine façade cladding using adhesive-fixed system, including panels, anchors or adhesive, subframe, restraints, joints, flashings, sealants and protection. | Code Ref: 04 42 00 / OmniClass 23-13 31 21 | Spec: Stone Type/Source: ___ | Thickness: ___ | Panel Size: ___ | Finish: ___ | Fixing System: ___ | Anchor Material: ___ | Subframe: ___ | Design Load: ___ | Water Absorption: ___ | Standard: ___ | Remarks: Pattern-based master item; verify project classification, structural design, local code, tested system, manufacturer data and consultant requirements.",,m²,,,,,,,
FACADE-15600,construction,Stone Cladding,Travertine Cladding - Adhesive-Fixed - 40 mm - Honed,"Supply and install 40 mm honed travertine façade cladding using adhesive-fixed system, including panels, anchors or adhesive, subframe, restraints, joints, flashings, sealants and protection. | Code Ref: 04 42 00 / OmniClass 23-13 31 21 | Spec: Stone Type/Source: ___ | Thickness: ___ | Panel Size: ___ | Finish: ___ | Fixing System: ___ | Anchor Material: ___ | Subframe: ___ | Design Load: ___ | Water Absorption: ___ | Standard: ___ | Remarks: Pattern-based master item; verify project classification, structural design, local code, tested system, manufacturer data and consultant requirements.",,m²,,,,,,,
FACADE-15601,construction,Stone Cladding,Travertine Cladding - Adhesive-Fixed - 40 mm - Leathered,"Supply and install 40 mm leathered travertine façade cladding using adhesive-fixed system, including panels, anchors or adhesive, subframe, restraints, joints, flashings, sealants and protection. | Code Ref: 04 42 00 / OmniClass 23-13 31 21 | Spec: Stone Type/Source: ___ | Thickness: ___ | Panel Size: ___ | Finish: ___ | Fixing System: ___ | Anchor Material: ___ | Subframe: ___ | Design Load: ___ | Water Absorption: ___ | Standard: ___ | Remarks: Pattern-based master item; verify project classification, structural design, local code, tested system, manufacturer data and consultant requirements.",,m²,,,,,,,
FACADE-15602,construction,Stone Cladding,Travertine Cladding - Adhesive-Fixed - 40 mm - Natural Split,"Supply and install 40 mm natural split travertine façade cladding using adhesive-fixed system, including panels, anchors or adhesive, subframe, restraints, joints, flashings, sealants and protection. | Code Ref: 04 42 00 / OmniClass 23-13 31 21 | Spec: Stone Type/Source: ___ | Thickness: ___ | Panel Size: ___ | Finish: ___ | Fixing System: ___ | Anchor Material: ___ | Subframe: ___ | Design Load: ___ | Water Absorption: ___ | Standard: ___ | Remarks: Pattern-based master item; verify project classification, structural design, local code, tested system, manufacturer data and consultant requirements.",,m²,,,,,,,
FACADE-15603,construction,Stone Cladding,Travertine Cladding - Adhesive-Fixed - 40 mm - Polished,"Supply and install 40 mm polished travertine façade cladding using adhesive-fixed system, including panels, anchors or adhesive, subframe, restraints, joints, flashings, sealants and protection. | Code Ref: 04 42 00 / OmniClass 23-13 31 21 | Spec: Stone Type/Source: ___ | Thickness: ___ | Panel Size: ___ | Finish: ___ | Fixing System: ___ | Anchor Material: ___ | Subframe: ___ | Design Load: ___ | Water Absorption: ___ | Standard: ___ | Remarks: Pattern-based master item; verify project classification, structural design, local code, tested system, manufacturer data and consultant requirements.",,m²,,,,,,,
FACADE-15604,construction,Stone Cladding,Travertine Cladding - Adhesive-Fixed - 40 mm - Sandblasted,"Supply and install 40 mm sandblasted travertine façade cladding using adhesive-fixed system, including panels, anchors or adhesive, subframe, restraints, joints, flashings, sealants and protection. | Code Ref: 04 42 00 / OmniClass 23-13 31 21 | Spec: Stone Type/Source: ___ | Thickness: ___ | Panel Size: ___ | Finish: ___ | Fixing System: ___ | Anchor Material: ___ | Subframe: ___ | Design Load: ___ | Water Absorption: ___ | Standard: ___ | Remarks: Pattern-based master item; verify project classification, structural design, local code, tested system, manufacturer data and consultant requirements.",,m²,,,,,,,
FACADE-15605,construction,Stone Cladding,Travertine Cladding - Adhesive-Fixed - 50 mm - Bush-Hammered,"Supply and install 50 mm bush-hammered travertine façade cladding using adhesive-fixed system, including panels, anchors or adhesive, subframe, restraints, joints, flashings, sealants and protection. | Code Ref: 04 42 00 / OmniClass 23-13 31 21 | Spec: Stone Type/Source: ___ | Thickness: ___ | Panel Size: ___ | Finish: ___ | Fixing System: ___ | Anchor Material: ___ | Subframe: ___ | Design Load: ___ | Water Absorption: ___ | Standard: ___ | Remarks: Pattern-based master item; verify project classification, structural design, local code, tested system, manufacturer data and consultant requirements.",,m²,,,,,,,
FACADE-15606,construction,Stone Cladding,Travertine Cladding - Adhesive-Fixed - 50 mm - Flamed,"Supply and install 50 mm flamed travertine façade cladding using adhesive-fixed system, including panels, anchors or adhesive, subframe, restraints, joints, flashings, sealants and protection. | Code Ref: 04 42 00 / OmniClass 23-13 31 21 | Spec: Stone Type/Source: ___ | Thickness: ___ | Panel Size: ___ | Finish: ___ | Fixing System: ___ | Anchor Material: ___ | Subframe: ___ | Design Load: ___ | Water Absorption: ___ | Standard: ___ | Remarks: Pattern-based master item; verify project classification, structural design, local code, tested system, manufacturer data and consultant requirements.",,m²,,,,,,,
FACADE-15607,construction,Stone Cladding,Travertine Cladding - Adhesive-Fixed - 50 mm - Honed,"Supply and install 50 mm honed travertine façade cladding using adhesive-fixed system, including panels, anchors or adhesive, subframe, restraints, joints, flashings, sealants and protection. | Code Ref: 04 42 00 / OmniClass 23-13 31 21 | Spec: Stone Type/Source: ___ | Thickness: ___ | Panel Size: ___ | Finish: ___ | Fixing System: ___ | Anchor Material: ___ | Subframe: ___ | Design Load: ___ | Water Absorption: ___ | Standard: ___ | Remarks: Pattern-based master item; verify project classification, structural design, local code, tested system, manufacturer data and consultant requirements.",,m²,,,,,,,
FACADE-15608,construction,Stone Cladding,Travertine Cladding - Adhesive-Fixed - 50 mm - Leathered,"Supply and install 50 mm leathered travertine façade cladding using adhesive-fixed system, including panels, anchors or adhesive, subframe, restraints, joints, flashings, sealants and protection. | Code Ref: 04 42 00 / OmniClass 23-13 31 21 | Spec: Stone Type/Source: ___ | Thickness: ___ | Panel Size: ___ | Finish: ___ | Fixing System: ___ | Anchor Material: ___ | Subframe: ___ | Design Load: ___ | Water Absorption: ___ | Standard: ___ | Remarks: Pattern-based master item; verify project classification, structural design, local code, tested system, manufacturer data and consultant requirements.",,m²,,,,,,,
FACADE-15609,construction,Stone Cladding,Travertine Cladding - Adhesive-Fixed - 50 mm - Natural Split,"Supply and install 50 mm natural split travertine façade cladding using adhesive-fixed system, including panels, anchors or adhesive, subframe, restraints, joints, flashings, sealants and protection. | Code Ref: 04 42 00 / OmniClass 23-13 31 21 | Spec: Stone Type/Source: ___ | Thickness: ___ | Panel Size: ___ | Finish: ___ | Fixing System: ___ | Anchor Material: ___ | Subframe: ___ | Design Load: ___ | Water Absorption: ___ | Standard: ___ | Remarks: Pattern-based master item; verify project classification, structural design, local code, tested system, manufacturer data and consultant requirements.",,m²,,,,,,,
FACADE-15610,construction,Stone Cladding,Travertine Cladding - Adhesive-Fixed - 50 mm - Polished,"Supply and install 50 mm polished travertine façade cladding using adhesive-fixed system, including panels, anchors or adhesive, subframe, restraints, joints, flashings, sealants and protection. | Code Ref: 04 42 00 / OmniClass 23-13 31 21 | Spec: Stone Type/Source: ___ | Thickness: ___ | Panel Size: ___ | Finish: ___ | Fixing System: ___ | Anchor Material: ___ | Subframe: ___ | Design Load: ___ | Water Absorption: ___ | Standard: ___ | Remarks: Pattern-based master item; verify project classification, structural design, local code, tested system, manufacturer data and consultant requirements.",,m²,,,,,,,
FACADE-15611,construction,Stone Cladding,Travertine Cladding - Adhesive-Fixed - 50 mm - Sandblasted,"Supply and install 50 mm sandblasted travertine façade cladding using adhesive-fixed system, including panels, anchors or adhesive, subframe, restraints, joints, flashings, sealants and protection. | Code Ref: 04 42 00 / OmniClass 23-13 31 21 | Spec: Stone Type/Source: ___ | Thickness: ___ | Panel Size: ___ | Finish: ___ | Fixing System: ___ | Anchor Material: ___ | Subframe: ___ | Design Load: ___ | Water Absorption: ___ | Standard: ___ | Remarks: Pattern-based master item; verify project classification, structural design, local code, tested system, manufacturer data and consultant requirements.",,m²,,,,,,,
FACADE-15612,construction,Stone Cladding,Travertine Cladding - Dry-Hung - 20 mm - Bush-Hammered,"Supply and install 20 mm bush-hammered travertine façade cladding using dry-hung system, including panels, anchors or adhesive, subframe, restraints, joints, flashings, sealants and protection. | Code Ref: 04 42 00 / OmniClass 23-13 31 21 | Spec: Stone Type/Source: ___ | Thickness: ___ | Panel Size: ___ | Finish: ___ | Fixing System: ___ | Anchor Material: ___ | Subframe: ___ | Design Load: ___ | Water Absorption: ___ | Standard: ___ | Remarks: Pattern-based master item; verify project classification, structural design, local code, tested system, manufacturer data and consultant requirements.",,m²,,,,,,,
FACADE-15613,construction,Stone Cladding,Travertine Cladding - Dry-Hung - 20 mm - Flamed,"Supply and install 20 mm flamed travertine façade cladding using dry-hung system, including panels, anchors or adhesive, subframe, restraints, joints, flashings, sealants and protection. | Code Ref: 04 42 00 / OmniClass 23-13 31 21 | Spec: Stone Type/Source: ___ | Thickness: ___ | Panel Size: ___ | Finish: ___ | Fixing System: ___ | Anchor Material: ___ | Subframe: ___ | Design Load: ___ | Water Absorption: ___ | Standard: ___ | Remarks: Pattern-based master item; verify project classification, structural design, local code, tested system, manufacturer data and consultant requirements.",,m²,,,,,,,
FACADE-15614,construction,Stone Cladding,Travertine Cladding - Dry-Hung - 20 mm - Honed,"Supply and install 20 mm honed travertine façade cladding using dry-hung system, including panels, anchors or adhesive, subframe, restraints, joints, flashings, sealants and protection. | Code Ref: 04 42 00 / OmniClass 23-13 31 21 | Spec: Stone Type/Source: ___ | Thickness: ___ | Panel Size: ___ | Finish: ___ | Fixing System: ___ | Anchor Material: ___ | Subframe: ___ | Design Load: ___ | Water Absorption: ___ | Standard: ___ | Remarks: Pattern-based master item; verify project classification, structural design, local code, tested system, manufacturer data and consultant requirements.",,m²,,,,,,,
FACADE-15615,construction,Stone Cladding,Travertine Cladding - Dry-Hung - 20 mm - Leathered,"Supply and install 20 mm leathered travertine façade cladding using dry-hung system, including panels, anchors or adhesive, subframe, restraints, joints, flashings, sealants and protection. | Code Ref: 04 42 00 / OmniClass 23-13 31 21 | Spec: Stone Type/Source: ___ | Thickness: ___ | Panel Size: ___ | Finish: ___ | Fixing System: ___ | Anchor Material: ___ | Subframe: ___ | Design Load: ___ | Water Absorption: ___ | Standard: ___ | Remarks: Pattern-based master item; verify project classification, structural design, local code, tested system, manufacturer data and consultant requirements.",,m²,,,,,,,
FACADE-15616,construction,Stone Cladding,Travertine Cladding - Dry-Hung - 20 mm - Natural Split,"Supply and install 20 mm natural split travertine façade cladding using dry-hung system, including panels, anchors or adhesive, subframe, restraints, joints, flashings, sealants and protection. | Code Ref: 04 42 00 / OmniClass 23-13 31 21 | Spec: Stone Type/Source: ___ | Thickness: ___ | Panel Size: ___ | Finish: ___ | Fixing System: ___ | Anchor Material: ___ | Subframe: ___ | Design Load: ___ | Water Absorption: ___ | Standard: ___ | Remarks: Pattern-based master item; verify project classification, structural design, local code, tested system, manufacturer data and consultant requirements.",,m²,,,,,,,
FACADE-15617,construction,Stone Cladding,Travertine Cladding - Dry-Hung - 20 mm - Polished,"Supply and install 20 mm polished travertine façade cladding using dry-hung system, including panels, anchors or adhesive, subframe, restraints, joints, flashings, sealants and protection. | Code Ref: 04 42 00 / OmniClass 23-13 31 21 | Spec: Stone Type/Source: ___ | Thickness: ___ | Panel Size: ___ | Finish: ___ | Fixing System: ___ | Anchor Material: ___ | Subframe: ___ | Design Load: ___ | Water Absorption: ___ | Standard: ___ | Remarks: Pattern-based master item; verify project classification, structural design, local code, tested system, manufacturer data and consultant requirements.",,m²,,,,,,,
FACADE-15618,construction,Stone Cladding,Travertine Cladding - Dry-Hung - 20 mm - Sandblasted,"Supply and install 20 mm sandblasted travertine façade cladding using dry-hung system, including panels, anchors or adhesive, subframe, restraints, joints, flashings, sealants and protection. | Code Ref: 04 42 00 / OmniClass 23-13 31 21 | Spec: Stone Type/Source: ___ | Thickness: ___ | Panel Size: ___ | Finish: ___ | Fixing System: ___ | Anchor Material: ___ | Subframe: ___ | Design Load: ___ | Water Absorption: ___ | Standard: ___ | Remarks: Pattern-based master item; verify project classification, structural design, local code, tested system, manufacturer data and consultant requirements.",,m²,,,,,,,
FACADE-15619,construction,Stone Cladding,Travertine Cladding - Dry-Hung - 25 mm - Bush-Hammered,"Supply and install 25 mm bush-hammered travertine façade cladding using dry-hung system, including panels, anchors or adhesive, subframe, restraints, joints, flashings, sealants and protection. | Code Ref: 04 42 00 / OmniClass 23-13 31 21 | Spec: Stone Type/Source: ___ | Thickness: ___ | Panel Size: ___ | Finish: ___ | Fixing System: ___ | Anchor Material: ___ | Subframe: ___ | Design Load: ___ | Water Absorption: ___ | Standard: ___ | Remarks: Pattern-based master item; verify project classification, structural design, local code, tested system, manufacturer data and consultant requirements.",,m²,,,,,,,
FACADE-15620,construction,Stone Cladding,Travertine Cladding - Dry-Hung - 25 mm - Flamed,"Supply and install 25 mm flamed travertine façade cladding using dry-hung system, including panels, anchors or adhesive, subframe, restraints, joints, flashings, sealants and protection. | Code Ref: 04 42 00 / OmniClass 23-13 31 21 | Spec: Stone Type/Source: ___ | Thickness: ___ | Panel Size: ___ | Finish: ___ | Fixing System: ___ | Anchor Material: ___ | Subframe: ___ | Design Load: ___ | Water Absorption: ___ | Standard: ___ | Remarks: Pattern-based master item; verify project classification, structural design, local code, tested system, manufacturer data and consultant requirements.",,m²,,,,,,,
FACADE-15621,construction,Stone Cladding,Travertine Cladding - Dry-Hung - 25 mm - Honed,"Supply and install 25 mm honed travertine façade cladding using dry-hung system, including panels, anchors or adhesive, subframe, restraints, joints, flashings, sealants and protection. | Code Ref: 04 42 00 / OmniClass 23-13 31 21 | Spec: Stone Type/Source: ___ | Thickness: ___ | Panel Size: ___ | Finish: ___ | Fixing System: ___ | Anchor Material: ___ | Subframe: ___ | Design Load: ___ | Water Absorption: ___ | Standard: ___ | Remarks: Pattern-based master item; verify project classification, structural design, local code, tested system, manufacturer data and consultant requirements.",,m²,,,,,,,
FACADE-15622,construction,Stone Cladding,Travertine Cladding - Dry-Hung - 25 mm - Leathered,"Supply and install 25 mm leathered travertine façade cladding using dry-hung system, including panels, anchors or adhesive, subframe, restraints, joints, flashings, sealants and protection. | Code Ref: 04 42 00 / OmniClass 23-13 31 21 | Spec: Stone Type/Source: ___ | Thickness: ___ | Panel Size: ___ | Finish: ___ | Fixing System: ___ | Anchor Material: ___ | Subframe: ___ | Design Load: ___ | Water Absorption: ___ | Standard: ___ | Remarks: Pattern-based master item; verify project classification, structural design, local code, tested system, manufacturer data and consultant requirements.",,m²,,,,,,,
FACADE-15623,construction,Stone Cladding,Travertine Cladding - Dry-Hung - 25 mm - Natural Split,"Supply and install 25 mm natural split travertine façade cladding using dry-hung system, including panels, anchors or adhesive, subframe, restraints, joints, flashings, sealants and protection. | Code Ref: 04 42 00 / OmniClass 23-13 31 21 | Spec: Stone Type/Source: ___ | Thickness: ___ | Panel Size: ___ | Finish: ___ | Fixing System: ___ | Anchor Material: ___ | Subframe: ___ | Design Load: ___ | Water Absorption: ___ | Standard: ___ | Remarks: Pattern-based master item; verify project classification, structural design, local code, tested system, manufacturer data and consultant requirements.",,m²,,,,,,,
FACADE-15624,construction,Stone Cladding,Travertine Cladding - Dry-Hung - 25 mm - Polished,"Supply and install 25 mm polished travertine façade cladding using dry-hung system, including panels, anchors or adhesive, subframe, restraints, joints, flashings, sealants and protection. | Code Ref: 04 42 00 / OmniClass 23-13 31 21 | Spec: Stone Type/Source: ___ | Thickness: ___ | Panel Size: ___ | Finish: ___ | Fixing System: ___ | Anchor Material: ___ | Subframe: ___ | Design Load: ___ | Water Absorption: ___ | Standard: ___ | Remarks: Pattern-based master item; verify project classification, structural design, local code, tested system, manufacturer data and consultant requirements.",,m²,,,,,,,
FACADE-15625,construction,Stone Cladding,Travertine Cladding - Dry-Hung - 25 mm - Sandblasted,"Supply and install 25 mm sandblasted travertine façade cladding using dry-hung system, including panels, anchors or adhesive, subframe, restraints, joints, flashings, sealants and protection. | Code Ref: 04 42 00 / OmniClass 23-13 31 21 | Spec: Stone Type/Source: ___ | Thickness: ___ | Panel Size: ___ | Finish: ___ | Fixing System: ___ | Anchor Material: ___ | Subframe: ___ | Design Load: ___ | Water Absorption: ___ | Standard: ___ | Remarks: Pattern-based master item; verify project classification, structural design, local code, tested system, manufacturer data and consultant requirements.",,m²,,,,,,,
FACADE-15626,construction,Stone Cladding,Travertine Cladding - Dry-Hung - 30 mm - Bush-Hammered,"Supply and install 30 mm bush-hammered travertine façade cladding using dry-hung system, including panels, anchors or adhesive, subframe, restraints, joints, flashings, sealants and protection. | Code Ref: 04 42 00 / OmniClass 23-13 31 21 | Spec: Stone Type/Source: ___ | Thickness: ___ | Panel Size: ___ | Finish: ___ | Fixing System: ___ | Anchor Material: ___ | Subframe: ___ | Design Load: ___ | Water Absorption: ___ | Standard: ___ | Remarks: Pattern-based master item; verify project classification, structural design, local code, tested system, manufacturer data and consultant requirements.",,m²,,,,,,,
FACADE-15627,construction,Stone Cladding,Travertine Cladding - Dry-Hung - 30 mm - Flamed,"Supply and install 30 mm flamed travertine façade cladding using dry-hung system, including panels, anchors or adhesive, subframe, restraints, joints, flashings, sealants and protection. | Code Ref: 04 42 00 / OmniClass 23-13 31 21 | Spec: Stone Type/Source: ___ | Thickness: ___ | Panel Size: ___ | Finish: ___ | Fixing System: ___ | Anchor Material: ___ | Subframe: ___ | Design Load: ___ | Water Absorption: ___ | Standard: ___ | Remarks: Pattern-based master item; verify project classification, structural design, local code, tested system, manufacturer data and consultant requirements.",,m²,,,,,,,
FACADE-15628,construction,Stone Cladding,Travertine Cladding - Dry-Hung - 30 mm - Honed,"Supply and install 30 mm honed travertine façade cladding using dry-hung system, including panels, anchors or adhesive, subframe, restraints, joints, flashings, sealants and protection. | Code Ref: 04 42 00 / OmniClass 23-13 31 21 | Spec: Stone Type/Source: ___ | Thickness: ___ | Panel Size: ___ | Finish: ___ | Fixing System: ___ | Anchor Material: ___ | Subframe: ___ | Design Load: ___ | Water Absorption: ___ | Standard: ___ | Remarks: Pattern-based master item; verify project classification, structural design, local code, tested system, manufacturer data and consultant requirements.",,m²,,,,,,,
FACADE-15629,construction,Stone Cladding,Travertine Cladding - Dry-Hung - 30 mm - Leathered,"Supply and install 30 mm leathered travertine façade cladding using dry-hung system, including panels, anchors or adhesive, subframe, restraints, joints, flashings, sealants and protection. | Code Ref: 04 42 00 / OmniClass 23-13 31 21 | Spec: Stone Type/Source: ___ | Thickness: ___ | Panel Size: ___ | Finish: ___ | Fixing System: ___ | Anchor Material: ___ | Subframe: ___ | Design Load: ___ | Water Absorption: ___ | Standard: ___ | Remarks: Pattern-based master item; verify project classification, structural design, local code, tested system, manufacturer data and consultant requirements.",,m²,,,,,,,
FACADE-15630,construction,Stone Cladding,Travertine Cladding - Dry-Hung - 30 mm - Natural Split,"Supply and install 30 mm natural split travertine façade cladding using dry-hung system, including panels, anchors or adhesive, subframe, restraints, joints, flashings, sealants and protection. | Code Ref: 04 42 00 / OmniClass 23-13 31 21 | Spec: Stone Type/Source: ___ | Thickness: ___ | Panel Size: ___ | Finish: ___ | Fixing System: ___ | Anchor Material: ___ | Subframe: ___ | Design Load: ___ | Water Absorption: ___ | Standard: ___ | Remarks: Pattern-based master item; verify project classification, structural design, local code, tested system, manufacturer data and consultant requirements.",,m²,,,,,,,
FACADE-15631,construction,Stone Cladding,Travertine Cladding - Dry-Hung - 30 mm - Polished,"Supply and install 30 mm polished travertine façade cladding using dry-hung system, including panels, anchors or adhesive, subframe, restraints, joints, flashings, sealants and protection. | Code Ref: 04 42 00 / OmniClass 23-13 31 21 | Spec: Stone Type/Source: ___ | Thickness: ___ | Panel Size: ___ | Finish: ___ | Fixing System: ___ | Anchor Material: ___ | Subframe: ___ | Design Load: ___ | Water Absorption: ___ | Standard: ___ | Remarks: Pattern-based master item; verify project classification, structural design, local code, tested system, manufacturer data and consultant requirements.",,m²,,,,,,,
FACADE-15632,construction,Stone Cladding,Travertine Cladding - Dry-Hung - 30 mm - Sandblasted,"Supply and install 30 mm sandblasted travertine façade cladding using dry-hung system, including panels, anchors or adhesive, subframe, restraints, joints, flashings, sealants and protection. | Code Ref: 04 42 00 / OmniClass 23-13 31 21 | Spec: Stone Type/Source: ___ | Thickness: ___ | Panel Size: ___ | Finish: ___ | Fixing System: ___ | Anchor Material: ___ | Subframe: ___ | Design Load: ___ | Water Absorption: ___ | Standard: ___ | Remarks: Pattern-based master item; verify project classification, structural design, local code, tested system, manufacturer data and consultant requirements.",,m²,,,,,,,
FACADE-15633,construction,Stone Cladding,Travertine Cladding - Dry-Hung - 40 mm - Bush-Hammered,"Supply and install 40 mm bush-hammered travertine façade cladding using dry-hung system, including panels, anchors or adhesive, subframe, restraints, joints, flashings, sealants and protection. | Code Ref: 04 42 00 / OmniClass 23-13 31 21 | Spec: Stone Type/Source: ___ | Thickness: ___ | Panel Size: ___ | Finish: ___ | Fixing System: ___ | Anchor Material: ___ | Subframe: ___ | Design Load: ___ | Water Absorption: ___ | Standard: ___ | Remarks: Pattern-based master item; verify project classification, structural design, local code, tested system, manufacturer data and consultant requirements.",,m²,,,,,,,
FACADE-15634,construction,Stone Cladding,Travertine Cladding - Dry-Hung - 40 mm - Flamed,"Supply and install 40 mm flamed travertine façade cladding using dry-hung system, including panels, anchors or adhesive, subframe, restraints, joints, flashings, sealants and protection. | Code Ref: 04 42 00 / OmniClass 23-13 31 21 | Spec: Stone Type/Source: ___ | Thickness: ___ | Panel Size: ___ | Finish: ___ | Fixing System: ___ | Anchor Material: ___ | Subframe: ___ | Design Load: ___ | Water Absorption: ___ | Standard: ___ | Remarks: Pattern-based master item; verify project classification, structural design, local code, tested system, manufacturer data and consultant requirements.",,m²,,,,,,,
FACADE-15635,construction,Stone Cladding,Travertine Cladding - Dry-Hung - 40 mm - Honed,"Supply and install 40 mm honed travertine façade cladding using dry-hung system, including panels, anchors or adhesive, subframe, restraints, joints, flashings, sealants and protection. | Code Ref: 04 42 00 / OmniClass 23-13 31 21 | Spec: Stone Type/Source: ___ | Thickness: ___ | Panel Size: ___ | Finish: ___ | Fixing System: ___ | Anchor Material: ___ | Subframe: ___ | Design Load: ___ | Water Absorption: ___ | Standard: ___ | Remarks: Pattern-based master item; verify project classification, structural design, local code, tested system, manufacturer data and consultant requirements.",,m²,,,,,,,
FACADE-15636,construction,Stone Cladding,Travertine Cladding - Dry-Hung - 40 mm - Leathered,"Supply and install 40 mm leathered travertine façade cladding using dry-hung system, including panels, anchors or adhesive, subframe, restraints, joints, flashings, sealants and protection. | Code Ref: 04 42 00 / OmniClass 23-13 31 21 | Spec: Stone Type/Source: ___ | Thickness: ___ | Panel Size: ___ | Finish: ___ | Fixing System: ___ | Anchor Material: ___ | Subframe: ___ | Design Load: ___ | Water Absorption: ___ | Standard: ___ | Remarks: Pattern-based master item; verify project classification, structural design, local code, tested system, manufacturer data and consultant requirements.",,m²,,,,,,,
FACADE-15637,construction,Stone Cladding,Travertine Cladding - Dry-Hung - 40 mm - Natural Split,"Supply and install 40 mm natural split travertine façade cladding using dry-hung system, including panels, anchors or adhesive, subframe, restraints, joints, flashings, sealants and protection. | Code Ref: 04 42 00 / OmniClass 23-13 31 21 | Spec: Stone Type/Source: ___ | Thickness: ___ | Panel Size: ___ | Finish: ___ | Fixing System: ___ | Anchor Material: ___ | Subframe: ___ | Design Load: ___ | Water Absorption: ___ | Standard: ___ | Remarks: Pattern-based master item; verify project classification, structural design, local code, tested system, manufacturer data and consultant requirements.",,m²,,,,,,,
FACADE-15638,construction,Stone Cladding,Travertine Cladding - Dry-Hung - 40 mm - Polished,"Supply and install 40 mm polished travertine façade cladding using dry-hung system, including panels, anchors or adhesive, subframe, restraints, joints, flashings, sealants and protection. | Code Ref: 04 42 00 / OmniClass 23-13 31 21 | Spec: Stone Type/Source: ___ | Thickness: ___ | Panel Size: ___ | Finish: ___ | Fixing System: ___ | Anchor Material: ___ | Subframe: ___ | Design Load: ___ | Water Absorption: ___ | Standard: ___ | Remarks: Pattern-based master item; verify project classification, structural design, local code, tested system, manufacturer data and consultant requirements.",,m²,,,,,,,
FACADE-15639,construction,Stone Cladding,Travertine Cladding - Dry-Hung - 40 mm - Sandblasted,"Supply and install 40 mm sandblasted travertine façade cladding using dry-hung system, including panels, anchors or adhesive, subframe, restraints, joints, flashings, sealants and protection. | Code Ref: 04 42 00 / OmniClass 23-13 31 21 | Spec: Stone Type/Source: ___ | Thickness: ___ | Panel Size: ___ | Finish: ___ | Fixing System: ___ | Anchor Material: ___ | Subframe: ___ | Design Load: ___ | Water Absorption: ___ | Standard: ___ | Remarks: Pattern-based master item; verify project classification, structural design, local code, tested system, manufacturer data and consultant requirements.",,m²,,,,,,,
FACADE-15640,construction,Stone Cladding,Travertine Cladding - Dry-Hung - 50 mm - Bush-Hammered,"Supply and install 50 mm bush-hammered travertine façade cladding using dry-hung system, including panels, anchors or adhesive, subframe, restraints, joints, flashings, sealants and protection. | Code Ref: 04 42 00 / OmniClass 23-13 31 21 | Spec: Stone Type/Source: ___ | Thickness: ___ | Panel Size: ___ | Finish: ___ | Fixing System: ___ | Anchor Material: ___ | Subframe: ___ | Design Load: ___ | Water Absorption: ___ | Standard: ___ | Remarks: Pattern-based master item; verify project classification, structural design, local code, tested system, manufacturer data and consultant requirements.",,m²,,,,,,,
FACADE-15641,construction,Stone Cladding,Travertine Cladding - Dry-Hung - 50 mm - Flamed,"Supply and install 50 mm flamed travertine façade cladding using dry-hung system, including panels, anchors or adhesive, subframe, restraints, joints, flashings, sealants and protection. | Code Ref: 04 42 00 / OmniClass 23-13 31 21 | Spec: Stone Type/Source: ___ | Thickness: ___ | Panel Size: ___ | Finish: ___ | Fixing System: ___ | Anchor Material: ___ | Subframe: ___ | Design Load: ___ | Water Absorption: ___ | Standard: ___ | Remarks: Pattern-based master item; verify project classification, structural design, local code, tested system, manufacturer data and consultant requirements.",,m²,,,,,,,
FACADE-15642,construction,Stone Cladding,Travertine Cladding - Dry-Hung - 50 mm - Honed,"Supply and install 50 mm honed travertine façade cladding using dry-hung system, including panels, anchors or adhesive, subframe, restraints, joints, flashings, sealants and protection. | Code Ref: 04 42 00 / OmniClass 23-13 31 21 | Spec: Stone Type/Source: ___ | Thickness: ___ | Panel Size: ___ | Finish: ___ | Fixing System: ___ | Anchor Material: ___ | Subframe: ___ | Design Load: ___ | Water Absorption: ___ | Standard: ___ | Remarks: Pattern-based master item; verify project classification, structural design, local code, tested system, manufacturer data and consultant requirements.",,m²,,,,,,,
FACADE-15643,construction,Stone Cladding,Travertine Cladding - Dry-Hung - 50 mm - Leathered,"Supply and install 50 mm leathered travertine façade cladding using dry-hung system, including panels, anchors or adhesive, subframe, restraints, joints, flashings, sealants and protection. | Code Ref: 04 42 00 / OmniClass 23-13 31 21 | Spec: Stone Type/Source: ___ | Thickness: ___ | Panel Size: ___ | Finish: ___ | Fixing System: ___ | Anchor Material: ___ | Subframe: ___ | Design Load: ___ | Water Absorption: ___ | Standard: ___ | Remarks: Pattern-based master item; verify project classification, structural design, local code, tested system, manufacturer data and consultant requirements.",,m²,,,,,,,
FACADE-15644,construction,Stone Cladding,Travertine Cladding - Dry-Hung - 50 mm - Natural Split,"Supply and install 50 mm natural split travertine façade cladding using dry-hung system, including panels, anchors or adhesive, subframe, restraints, joints, flashings, sealants and protection. | Code Ref: 04 42 00 / OmniClass 23-13 31 21 | Spec: Stone Type/Source: ___ | Thickness: ___ | Panel Size: ___ | Finish: ___ | Fixing System: ___ | Anchor Material: ___ | Subframe: ___ | Design Load: ___ | Water Absorption: ___ | Standard: ___ | Remarks: Pattern-based master item; verify project classification, structural design, local code, tested system, manufacturer data and consultant requirements.",,m²,,,,,,,
FACADE-15645,construction,Stone Cladding,Travertine Cladding - Dry-Hung - 50 mm - Polished,"Supply and install 50 mm polished travertine façade cladding using dry-hung system, including panels, anchors or adhesive, subframe, restraints, joints, flashings, sealants and protection. | Code Ref: 04 42 00 / OmniClass 23-13 31 21 | Spec: Stone Type/Source: ___ | Thickness: ___ | Panel Size: ___ | Finish: ___ | Fixing System: ___ | Anchor Material: ___ | Subframe: ___ | Design Load: ___ | Water Absorption: ___ | Standard: ___ | Remarks: Pattern-based master item; verify project classification, structural design, local code, tested system, manufacturer data and consultant requirements.",,m²,,,,,,,
FACADE-15646,construction,Stone Cladding,Travertine Cladding - Dry-Hung - 50 mm - Sandblasted,"Supply and install 50 mm sandblasted travertine façade cladding using dry-hung system, including panels, anchors or adhesive, subframe, restraints, joints, flashings, sealants and protection. | Code Ref: 04 42 00 / OmniClass 23-13 31 21 | Spec: Stone Type/Source: ___ | Thickness: ___ | Panel Size: ___ | Finish: ___ | Fixing System: ___ | Anchor Material: ___ | Subframe: ___ | Design Load: ___ | Water Absorption: ___ | Standard: ___ | Remarks: Pattern-based master item; verify project classification, structural design, local code, tested system, manufacturer data and consultant requirements.",,m²,,,,,,,
FACADE-15647,construction,Stone Cladding,Travertine Cladding - Kerf Fixing - 20 mm - Bush-Hammered,"Supply and install 20 mm bush-hammered travertine façade cladding using kerf fixing system, including panels, anchors or adhesive, subframe, restraints, joints, flashings, sealants and protection. | Code Ref: 04 42 00 / OmniClass 23-13 31 21 | Spec: Stone Type/Source: ___ | Thickness: ___ | Panel Size: ___ | Finish: ___ | Fixing System: ___ | Anchor Material: ___ | Subframe: ___ | Design Load: ___ | Water Absorption: ___ | Standard: ___ | Remarks: Pattern-based master item; verify project classification, structural design, local code, tested system, manufacturer data and consultant requirements.",,m²,,,,,,,
FACADE-15648,construction,Stone Cladding,Travertine Cladding - Kerf Fixing - 20 mm - Flamed,"Supply and install 20 mm flamed travertine façade cladding using kerf fixing system, including panels, anchors or adhesive, subframe, restraints, joints, flashings, sealants and protection. | Code Ref: 04 42 00 / OmniClass 23-13 31 21 | Spec: Stone Type/Source: ___ | Thickness: ___ | Panel Size: ___ | Finish: ___ | Fixing System: ___ | Anchor Material: ___ | Subframe: ___ | Design Load: ___ | Water Absorption: ___ | Standard: ___ | Remarks: Pattern-based master item; verify project classification, structural design, local code, tested system, manufacturer data and consultant requirements.",,m²,,,,,,,
FACADE-15649,construction,Stone Cladding,Travertine Cladding - Kerf Fixing - 20 mm - Honed,"Supply and install 20 mm honed travertine façade cladding using kerf fixing system, including panels, anchors or adhesive, subframe, restraints, joints, flashings, sealants and protection. | Code Ref: 04 42 00 / OmniClass 23-13 31 21 | Spec: Stone Type/Source: ___ | Thickness: ___ | Panel Size: ___ | Finish: ___ | Fixing System: ___ | Anchor Material: ___ | Subframe: ___ | Design Load: ___ | Water Absorption: ___ | Standard: ___ | Remarks: Pattern-based master item; verify project classification, structural design, local code, tested system, manufacturer data and consultant requirements.",,m²,,,,,,,
FACADE-15650,construction,Stone Cladding,Travertine Cladding - Kerf Fixing - 20 mm - Leathered,"Supply and install 20 mm leathered travertine façade cladding using kerf fixing system, including panels, anchors or adhesive, subframe, restraints, joints, flashings, sealants and protection. | Code Ref: 04 42 00 / OmniClass 23-13 31 21 | Spec: Stone Type/Source: ___ | Thickness: ___ | Panel Size: ___ | Finish: ___ | Fixing System: ___ | Anchor Material: ___ | Subframe: ___ | Design Load: ___ | Water Absorption: ___ | Standard: ___ | Remarks: Pattern-based master item; verify project classification, structural design, local code, tested system, manufacturer data and consultant requirements.",,m²,,,,,,,
FACADE-15651,construction,Stone Cladding,Travertine Cladding - Kerf Fixing - 20 mm - Natural Split,"Supply and install 20 mm natural split travertine façade cladding using kerf fixing system, including panels, anchors or adhesive, subframe, restraints, joints, flashings, sealants and protection. | Code Ref: 04 42 00 / OmniClass 23-13 31 21 | Spec: Stone Type/Source: ___ | Thickness: ___ | Panel Size: ___ | Finish: ___ | Fixing System: ___ | Anchor Material: ___ | Subframe: ___ | Design Load: ___ | Water Absorption: ___ | Standard: ___ | Remarks: Pattern-based master item; verify project classification, structural design, local code, tested system, manufacturer data and consultant requirements.",,m²,,,,,,,
FACADE-15652,construction,Stone Cladding,Travertine Cladding - Kerf Fixing - 20 mm - Polished,"Supply and install 20 mm polished travertine façade cladding using kerf fixing system, including panels, anchors or adhesive, subframe, restraints, joints, flashings, sealants and protection. | Code Ref: 04 42 00 / OmniClass 23-13 31 21 | Spec: Stone Type/Source: ___ | Thickness: ___ | Panel Size: ___ | Finish: ___ | Fixing System: ___ | Anchor Material: ___ | Subframe: ___ | Design Load: ___ | Water Absorption: ___ | Standard: ___ | Remarks: Pattern-based master item; verify project classification, structural design, local code, tested system, manufacturer data and consultant requirements.",,m²,,,,,,,
FACADE-15653,construction,Stone Cladding,Travertine Cladding - Kerf Fixing - 20 mm - Sandblasted,"Supply and install 20 mm sandblasted travertine façade cladding using kerf fixing system, including panels, anchors or adhesive, subframe, restraints, joints, flashings, sealants and protection. | Code Ref: 04 42 00 / OmniClass 23-13 31 21 | Spec: Stone Type/Source: ___ | Thickness: ___ | Panel Size: ___ | Finish: ___ | Fixing System: ___ | Anchor Material: ___ | Subframe: ___ | Design Load: ___ | Water Absorption: ___ | Standard: ___ | Remarks: Pattern-based master item; verify project classification, structural design, local code, tested system, manufacturer data and consultant requirements.",,m²,,,,,,,
FACADE-15654,construction,Stone Cladding,Travertine Cladding - Kerf Fixing - 25 mm - Bush-Hammered,"Supply and install 25 mm bush-hammered travertine façade cladding using kerf fixing system, including panels, anchors or adhesive, subframe, restraints, joints, flashings, sealants and protection. | Code Ref: 04 42 00 / OmniClass 23-13 31 21 | Spec: Stone Type/Source: ___ | Thickness: ___ | Panel Size: ___ | Finish: ___ | Fixing System: ___ | Anchor Material: ___ | Subframe: ___ | Design Load: ___ | Water Absorption: ___ | Standard: ___ | Remarks: Pattern-based master item; verify project classification, structural design, local code, tested system, manufacturer data and consultant requirements.",,m²,,,,,,,
FACADE-15655,construction,Stone Cladding,Travertine Cladding - Kerf Fixing - 25 mm - Flamed,"Supply and install 25 mm flamed travertine façade cladding using kerf fixing system, including panels, anchors or adhesive, subframe, restraints, joints, flashings, sealants and protection. | Code Ref: 04 42 00 / OmniClass 23-13 31 21 | Spec: Stone Type/Source: ___ | Thickness: ___ | Panel Size: ___ | Finish: ___ | Fixing System: ___ | Anchor Material: ___ | Subframe: ___ | Design Load: ___ | Water Absorption: ___ | Standard: ___ | Remarks: Pattern-based master item; verify project classification, structural design, local code, tested system, manufacturer data and consultant requirements.",,m²,,,,,,,
FACADE-15656,construction,Stone Cladding,Travertine Cladding - Kerf Fixing - 25 mm - Honed,"Supply and install 25 mm honed travertine façade cladding using kerf fixing system, including panels, anchors or adhesive, subframe, restraints, joints, flashings, sealants and protection. | Code Ref: 04 42 00 / OmniClass 23-13 31 21 | Spec: Stone Type/Source: ___ | Thickness: ___ | Panel Size: ___ | Finish: ___ | Fixing System: ___ | Anchor Material: ___ | Subframe: ___ | Design Load: ___ | Water Absorption: ___ | Standard: ___ | Remarks: Pattern-based master item; verify project classification, structural design, local code, tested system, manufacturer data and consultant requirements.",,m²,,,,,,,
FACADE-15657,construction,Stone Cladding,Travertine Cladding - Kerf Fixing - 25 mm - Leathered,"Supply and install 25 mm leathered travertine façade cladding using kerf fixing system, including panels, anchors or adhesive, subframe, restraints, joints, flashings, sealants and protection. | Code Ref: 04 42 00 / OmniClass 23-13 31 21 | Spec: Stone Type/Source: ___ | Thickness: ___ | Panel Size: ___ | Finish: ___ | Fixing System: ___ | Anchor Material: ___ | Subframe: ___ | Design Load: ___ | Water Absorption: ___ | Standard: ___ | Remarks: Pattern-based master item; verify project classification, structural design, local code, tested system, manufacturer data and consultant requirements.",,m²,,,,,,,
FACADE-15658,construction,Stone Cladding,Travertine Cladding - Kerf Fixing - 25 mm - Natural Split,"Supply and install 25 mm natural split travertine façade cladding using kerf fixing system, including panels, anchors or adhesive, subframe, restraints, joints, flashings, sealants and protection. | Code Ref: 04 42 00 / OmniClass 23-13 31 21 | Spec: Stone Type/Source: ___ | Thickness: ___ | Panel Size: ___ | Finish: ___ | Fixing System: ___ | Anchor Material: ___ | Subframe: ___ | Design Load: ___ | Water Absorption: ___ | Standard: ___ | Remarks: Pattern-based master item; verify project classification, structural design, local code, tested system, manufacturer data and consultant requirements.",,m²,,,,,,,
FACADE-15659,construction,Stone Cladding,Travertine Cladding - Kerf Fixing - 25 mm - Polished,"Supply and install 25 mm polished travertine façade cladding using kerf fixing system, including panels, anchors or adhesive, subframe, restraints, joints, flashings, sealants and protection. | Code Ref: 04 42 00 / OmniClass 23-13 31 21 | Spec: Stone Type/Source: ___ | Thickness: ___ | Panel Size: ___ | Finish: ___ | Fixing System: ___ | Anchor Material: ___ | Subframe: ___ | Design Load: ___ | Water Absorption: ___ | Standard: ___ | Remarks: Pattern-based master item; verify project classification, structural design, local code, tested system, manufacturer data and consultant requirements.",,m²,,,,,,,
FACADE-15660,construction,Stone Cladding,Travertine Cladding - Kerf Fixing - 25 mm - Sandblasted,"Supply and install 25 mm sandblasted travertine façade cladding using kerf fixing system, including panels, anchors or adhesive, subframe, restraints, joints, flashings, sealants and protection. | Code Ref: 04 42 00 / OmniClass 23-13 31 21 | Spec: Stone Type/Source: ___ | Thickness: ___ | Panel Size: ___ | Finish: ___ | Fixing System: ___ | Anchor Material: ___ | Subframe: ___ | Design Load: ___ | Water Absorption: ___ | Standard: ___ | Remarks: Pattern-based master item; verify project classification, structural design, local code, tested system, manufacturer data and consultant requirements.",,m²,,,,,,,
FACADE-15661,construction,Stone Cladding,Travertine Cladding - Kerf Fixing - 30 mm - Bush-Hammered,"Supply and install 30 mm bush-hammered travertine façade cladding using kerf fixing system, including panels, anchors or adhesive, subframe, restraints, joints, flashings, sealants and protection. | Code Ref: 04 42 00 / OmniClass 23-13 31 21 | Spec: Stone Type/Source: ___ | Thickness: ___ | Panel Size: ___ | Finish: ___ | Fixing System: ___ | Anchor Material: ___ | Subframe: ___ | Design Load: ___ | Water Absorption: ___ | Standard: ___ | Remarks: Pattern-based master item; verify project classification, structural design, local code, tested system, manufacturer data and consultant requirements.",,m²,,,,,,,
FACADE-15662,construction,Stone Cladding,Travertine Cladding - Kerf Fixing - 30 mm - Flamed,"Supply and install 30 mm flamed travertine façade cladding using kerf fixing system, including panels, anchors or adhesive, subframe, restraints, joints, flashings, sealants and protection. | Code Ref: 04 42 00 / OmniClass 23-13 31 21 | Spec: Stone Type/Source: ___ | Thickness: ___ | Panel Size: ___ | Finish: ___ | Fixing System: ___ | Anchor Material: ___ | Subframe: ___ | Design Load: ___ | Water Absorption: ___ | Standard: ___ | Remarks: Pattern-based master item; verify project classification, structural design, local code, tested system, manufacturer data and consultant requirements.",,m²,,,,,,,
FACADE-15663,construction,Stone Cladding,Travertine Cladding - Kerf Fixing - 30 mm - Honed,"Supply and install 30 mm honed travertine façade cladding using kerf fixing system, including panels, anchors or adhesive, subframe, restraints, joints, flashings, sealants and protection. | Code Ref: 04 42 00 / OmniClass 23-13 31 21 | Spec: Stone Type/Source: ___ | Thickness: ___ | Panel Size: ___ | Finish: ___ | Fixing System: ___ | Anchor Material: ___ | Subframe: ___ | Design Load: ___ | Water Absorption: ___ | Standard: ___ | Remarks: Pattern-based master item; verify project classification, structural design, local code, tested system, manufacturer data and consultant requirements.",,m²,,,,,,,
FACADE-15664,construction,Stone Cladding,Travertine Cladding - Kerf Fixing - 30 mm - Leathered,"Supply and install 30 mm leathered travertine façade cladding using kerf fixing system, including panels, anchors or adhesive, subframe, restraints, joints, flashings, sealants and protection. | Code Ref: 04 42 00 / OmniClass 23-13 31 21 | Spec: Stone Type/Source: ___ | Thickness: ___ | Panel Size: ___ | Finish: ___ | Fixing System: ___ | Anchor Material: ___ | Subframe: ___ | Design Load: ___ | Water Absorption: ___ | Standard: ___ | Remarks: Pattern-based master item; verify project classification, structural design, local code, tested system, manufacturer data and consultant requirements.",,m²,,,,,,,
FACADE-15665,construction,Stone Cladding,Travertine Cladding - Kerf Fixing - 30 mm - Natural Split,"Supply and install 30 mm natural split travertine façade cladding using kerf fixing system, including panels, anchors or adhesive, subframe, restraints, joints, flashings, sealants and protection. | Code Ref: 04 42 00 / OmniClass 23-13 31 21 | Spec: Stone Type/Source: ___ | Thickness: ___ | Panel Size: ___ | Finish: ___ | Fixing System: ___ | Anchor Material: ___ | Subframe: ___ | Design Load: ___ | Water Absorption: ___ | Standard: ___ | Remarks: Pattern-based master item; verify project classification, structural design, local code, tested system, manufacturer data and consultant requirements.",,m²,,,,,,,
FACADE-15666,construction,Stone Cladding,Travertine Cladding - Kerf Fixing - 30 mm - Polished,"Supply and install 30 mm polished travertine façade cladding using kerf fixing system, including panels, anchors or adhesive, subframe, restraints, joints, flashings, sealants and protection. | Code Ref: 04 42 00 / OmniClass 23-13 31 21 | Spec: Stone Type/Source: ___ | Thickness: ___ | Panel Size: ___ | Finish: ___ | Fixing System: ___ | Anchor Material: ___ | Subframe: ___ | Design Load: ___ | Water Absorption: ___ | Standard: ___ | Remarks: Pattern-based master item; verify project classification, structural design, local code, tested system, manufacturer data and consultant requirements.",,m²,,,,,,,
FACADE-15667,construction,Stone Cladding,Travertine Cladding - Kerf Fixing - 30 mm - Sandblasted,"Supply and install 30 mm sandblasted travertine façade cladding using kerf fixing system, including panels, anchors or adhesive, subframe, restraints, joints, flashings, sealants and protection. | Code Ref: 04 42 00 / OmniClass 23-13 31 21 | Spec: Stone Type/Source: ___ | Thickness: ___ | Panel Size: ___ | Finish: ___ | Fixing System: ___ | Anchor Material: ___ | Subframe: ___ | Design Load: ___ | Water Absorption: ___ | Standard: ___ | Remarks: Pattern-based master item; verify project classification, structural design, local code, tested system, manufacturer data and consultant requirements.",,m²,,,,,,,
FACADE-15668,construction,Stone Cladding,Travertine Cladding - Kerf Fixing - 40 mm - Bush-Hammered,"Supply and install 40 mm bush-hammered travertine façade cladding using kerf fixing system, including panels, anchors or adhesive, subframe, restraints, joints, flashings, sealants and protection. | Code Ref: 04 42 00 / OmniClass 23-13 31 21 | Spec: Stone Type/Source: ___ | Thickness: ___ | Panel Size: ___ | Finish: ___ | Fixing System: ___ | Anchor Material: ___ | Subframe: ___ | Design Load: ___ | Water Absorption: ___ | Standard: ___ | Remarks: Pattern-based master item; verify project classification, structural design, local code, tested system, manufacturer data and consultant requirements.",,m²,,,,,,,
FACADE-15669,construction,Stone Cladding,Travertine Cladding - Kerf Fixing - 40 mm - Flamed,"Supply and install 40 mm flamed travertine façade cladding using kerf fixing system, including panels, anchors or adhesive, subframe, restraints, joints, flashings, sealants and protection. | Code Ref: 04 42 00 / OmniClass 23-13 31 21 | Spec: Stone Type/Source: ___ | Thickness: ___ | Panel Size: ___ | Finish: ___ | Fixing System: ___ | Anchor Material: ___ | Subframe: ___ | Design Load: ___ | Water Absorption: ___ | Standard: ___ | Remarks: Pattern-based master item; verify project classification, structural design, local code, tested system, manufacturer data and consultant requirements.",,m²,,,,,,,
FACADE-15670,construction,Stone Cladding,Travertine Cladding - Kerf Fixing - 40 mm - Honed,"Supply and install 40 mm honed travertine façade cladding using kerf fixing system, including panels, anchors or adhesive, subframe, restraints, joints, flashings, sealants and protection. | Code Ref: 04 42 00 / OmniClass 23-13 31 21 | Spec: Stone Type/Source: ___ | Thickness: ___ | Panel Size: ___ | Finish: ___ | Fixing System: ___ | Anchor Material: ___ | Subframe: ___ | Design Load: ___ | Water Absorption: ___ | Standard: ___ | Remarks: Pattern-based master item; verify project classification, structural design, local code, tested system, manufacturer data and consultant requirements.",,m²,,,,,,,
FACADE-15671,construction,Stone Cladding,Travertine Cladding - Kerf Fixing - 40 mm - Leathered,"Supply and install 40 mm leathered travertine façade cladding using kerf fixing system, including panels, anchors or adhesive, subframe, restraints, joints, flashings, sealants and protection. | Code Ref: 04 42 00 / OmniClass 23-13 31 21 | Spec: Stone Type/Source: ___ | Thickness: ___ | Panel Size: ___ | Finish: ___ | Fixing System: ___ | Anchor Material: ___ | Subframe: ___ | Design Load: ___ | Water Absorption: ___ | Standard: ___ | Remarks: Pattern-based master item; verify project classification, structural design, local code, tested system, manufacturer data and consultant requirements.",,m²,,,,,,,
FACADE-15672,construction,Stone Cladding,Travertine Cladding - Kerf Fixing - 40 mm - Natural Split,"Supply and install 40 mm natural split travertine façade cladding using kerf fixing system, including panels, anchors or adhesive, subframe, restraints, joints, flashings, sealants and protection. | Code Ref: 04 42 00 / OmniClass 23-13 31 21 | Spec: Stone Type/Source: ___ | Thickness: ___ | Panel Size: ___ | Finish: ___ | Fixing System: ___ | Anchor Material: ___ | Subframe: ___ | Design Load: ___ | Water Absorption: ___ | Standard: ___ | Remarks: Pattern-based master item; verify project classification, structural design, local code, tested system, manufacturer data and consultant requirements.",,m²,,,,,,,
FACADE-15673,construction,Stone Cladding,Travertine Cladding - Kerf Fixing - 40 mm - Polished,"Supply and install 40 mm polished travertine façade cladding using kerf fixing system, including panels, anchors or adhesive, subframe, restraints, joints, flashings, sealants and protection. | Code Ref: 04 42 00 / OmniClass 23-13 31 21 | Spec: Stone Type/Source: ___ | Thickness: ___ | Panel Size: ___ | Finish: ___ | Fixing System: ___ | Anchor Material: ___ | Subframe: ___ | Design Load: ___ | Water Absorption: ___ | Standard: ___ | Remarks: Pattern-based master item; verify project classification, structural design, local code, tested system, manufacturer data and consultant requirements.",,m²,,,,,,,
FACADE-15674,construction,Stone Cladding,Travertine Cladding - Kerf Fixing - 40 mm - Sandblasted,"Supply and install 40 mm sandblasted travertine façade cladding using kerf fixing system, including panels, anchors or adhesive, subframe, restraints, joints, flashings, sealants and protection. | Code Ref: 04 42 00 / OmniClass 23-13 31 21 | Spec: Stone Type/Source: ___ | Thickness: ___ | Panel Size: ___ | Finish: ___ | Fixing System: ___ | Anchor Material: ___ | Subframe: ___ | Design Load: ___ | Water Absorption: ___ | Standard: ___ | Remarks: Pattern-based master item; verify project classification, structural design, local code, tested system, manufacturer data and consultant requirements.",,m²,,,,,,,
FACADE-15675,construction,Stone Cladding,Travertine Cladding - Kerf Fixing - 50 mm - Bush-Hammered,"Supply and install 50 mm bush-hammered travertine façade cladding using kerf fixing system, including panels, anchors or adhesive, subframe, restraints, joints, flashings, sealants and protection. | Code Ref: 04 42 00 / OmniClass 23-13 31 21 | Spec: Stone Type/Source: ___ | Thickness: ___ | Panel Size: ___ | Finish: ___ | Fixing System: ___ | Anchor Material: ___ | Subframe: ___ | Design Load: ___ | Water Absorption: ___ | Standard: ___ | Remarks: Pattern-based master item; verify project classification, structural design, local code, tested system, manufacturer data and consultant requirements.",,m²,,,,,,,
FACADE-15676,construction,Stone Cladding,Travertine Cladding - Kerf Fixing - 50 mm - Flamed,"Supply and install 50 mm flamed travertine façade cladding using kerf fixing system, including panels, anchors or adhesive, subframe, restraints, joints, flashings, sealants and protection. | Code Ref: 04 42 00 / OmniClass 23-13 31 21 | Spec: Stone Type/Source: ___ | Thickness: ___ | Panel Size: ___ | Finish: ___ | Fixing System: ___ | Anchor Material: ___ | Subframe: ___ | Design Load: ___ | Water Absorption: ___ | Standard: ___ | Remarks: Pattern-based master item; verify project classification, structural design, local code, tested system, manufacturer data and consultant requirements.",,m²,,,,,,,
FACADE-15677,construction,Stone Cladding,Travertine Cladding - Kerf Fixing - 50 mm - Honed,"Supply and install 50 mm honed travertine façade cladding using kerf fixing system, including panels, anchors or adhesive, subframe, restraints, joints, flashings, sealants and protection. | Code Ref: 04 42 00 / OmniClass 23-13 31 21 | Spec: Stone Type/Source: ___ | Thickness: ___ | Panel Size: ___ | Finish: ___ | Fixing System: ___ | Anchor Material: ___ | Subframe: ___ | Design Load: ___ | Water Absorption: ___ | Standard: ___ | Remarks: Pattern-based master item; verify project classification, structural design, local code, tested system, manufacturer data and consultant requirements.",,m²,,,,,,,
FACADE-15678,construction,Stone Cladding,Travertine Cladding - Kerf Fixing - 50 mm - Leathered,"Supply and install 50 mm leathered travertine façade cladding using kerf fixing system, including panels, anchors or adhesive, subframe, restraints, joints, flashings, sealants and protection. | Code Ref: 04 42 00 / OmniClass 23-13 31 21 | Spec: Stone Type/Source: ___ | Thickness: ___ | Panel Size: ___ | Finish: ___ | Fixing System: ___ | Anchor Material: ___ | Subframe: ___ | Design Load: ___ | Water Absorption: ___ | Standard: ___ | Remarks: Pattern-based master item; verify project classification, structural design, local code, tested system, manufacturer data and consultant requirements.",,m²,,,,,,,
FACADE-15679,construction,Stone Cladding,Travertine Cladding - Kerf Fixing - 50 mm - Natural Split,"Supply and install 50 mm natural split travertine façade cladding using kerf fixing system, including panels, anchors or adhesive, subframe, restraints, joints, flashings, sealants and protection. | Code Ref: 04 42 00 / OmniClass 23-13 31 21 | Spec: Stone Type/Source: ___ | Thickness: ___ | Panel Size: ___ | Finish: ___ | Fixing System: ___ | Anchor Material: ___ | Subframe: ___ | Design Load: ___ | Water Absorption: ___ | Standard: ___ | Remarks: Pattern-based master item; verify project classification, structural design, local code, tested system, manufacturer data and consultant requirements.",,m²,,,,,,,
FACADE-15680,construction,Stone Cladding,Travertine Cladding - Kerf Fixing - 50 mm - Polished,"Supply and install 50 mm polished travertine façade cladding using kerf fixing system, including panels, anchors or adhesive, subframe, restraints, joints, flashings, sealants and protection. | Code Ref: 04 42 00 / OmniClass 23-13 31 21 | Spec: Stone Type/Source: ___ | Thickness: ___ | Panel Size: ___ | Finish: ___ | Fixing System: ___ | Anchor Material: ___ | Subframe: ___ | Design Load: ___ | Water Absorption: ___ | Standard: ___ | Remarks: Pattern-based master item; verify project classification, structural design, local code, tested system, manufacturer data and consultant requirements.",,m²,,,,,,,
FACADE-15681,construction,Stone Cladding,Travertine Cladding - Kerf Fixing - 50 mm - Sandblasted,"Supply and install 50 mm sandblasted travertine façade cladding using kerf fixing system, including panels, anchors or adhesive, subframe, restraints, joints, flashings, sealants and protection. | Code Ref: 04 42 00 / OmniClass 23-13 31 21 | Spec: Stone Type/Source: ___ | Thickness: ___ | Panel Size: ___ | Finish: ___ | Fixing System: ___ | Anchor Material: ___ | Subframe: ___ | Design Load: ___ | Water Absorption: ___ | Standard: ___ | Remarks: Pattern-based master item; verify project classification, structural design, local code, tested system, manufacturer data and consultant requirements.",,m²,,,,,,,
FACADE-15682,construction,Stone Cladding,Travertine Cladding - Mechanical Fixing - 20 mm - Bush-Hammered,"Supply and install 20 mm bush-hammered travertine façade cladding using mechanical fixing system, including panels, anchors or adhesive, subframe, restraints, joints, flashings, sealants and protection. | Code Ref: 04 42 00 / OmniClass 23-13 31 21 | Spec: Stone Type/Source: ___ | Thickness: ___ | Panel Size: ___ | Finish: ___ | Fixing System: ___ | Anchor Material: ___ | Subframe: ___ | Design Load: ___ | Water Absorption: ___ | Standard: ___ | Remarks: Pattern-based master item; verify project classification, structural design, local code, tested system, manufacturer data and consultant requirements.",,m²,,,,,,,
FACADE-15683,construction,Stone Cladding,Travertine Cladding - Mechanical Fixing - 20 mm - Flamed,"Supply and install 20 mm flamed travertine façade cladding using mechanical fixing system, including panels, anchors or adhesive, subframe, restraints, joints, flashings, sealants and protection. | Code Ref: 04 42 00 / OmniClass 23-13 31 21 | Spec: Stone Type/Source: ___ | Thickness: ___ | Panel Size: ___ | Finish: ___ | Fixing System: ___ | Anchor Material: ___ | Subframe: ___ | Design Load: ___ | Water Absorption: ___ | Standard: ___ | Remarks: Pattern-based master item; verify project classification, structural design, local code, tested system, manufacturer data and consultant requirements.",,m²,,,,,,,
FACADE-15684,construction,Stone Cladding,Travertine Cladding - Mechanical Fixing - 20 mm - Honed,"Supply and install 20 mm honed travertine façade cladding using mechanical fixing system, including panels, anchors or adhesive, subframe, restraints, joints, flashings, sealants and protection. | Code Ref: 04 42 00 / OmniClass 23-13 31 21 | Spec: Stone Type/Source: ___ | Thickness: ___ | Panel Size: ___ | Finish: ___ | Fixing System: ___ | Anchor Material: ___ | Subframe: ___ | Design Load: ___ | Water Absorption: ___ | Standard: ___ | Remarks: Pattern-based master item; verify project classification, structural design, local code, tested system, manufacturer data and consultant requirements.",,m²,,,,,,,
FACADE-15685,construction,Stone Cladding,Travertine Cladding - Mechanical Fixing - 20 mm - Leathered,"Supply and install 20 mm leathered travertine façade cladding using mechanical fixing system, including panels, anchors or adhesive, subframe, restraints, joints, flashings, sealants and protection. | Code Ref: 04 42 00 / OmniClass 23-13 31 21 | Spec: Stone Type/Source: ___ | Thickness: ___ | Panel Size: ___ | Finish: ___ | Fixing System: ___ | Anchor Material: ___ | Subframe: ___ | Design Load: ___ | Water Absorption: ___ | Standard: ___ | Remarks: Pattern-based master item; verify project classification, structural design, local code, tested system, manufacturer data and consultant requirements.",,m²,,,,,,,
FACADE-15686,construction,Stone Cladding,Travertine Cladding - Mechanical Fixing - 20 mm - Natural Split,"Supply and install 20 mm natural split travertine façade cladding using mechanical fixing system, including panels, anchors or adhesive, subframe, restraints, joints, flashings, sealants and protection. | Code Ref: 04 42 00 / OmniClass 23-13 31 21 | Spec: Stone Type/Source: ___ | Thickness: ___ | Panel Size: ___ | Finish: ___ | Fixing System: ___ | Anchor Material: ___ | Subframe: ___ | Design Load: ___ | Water Absorption: ___ | Standard: ___ | Remarks: Pattern-based master item; verify project classification, structural design, local code, tested system, manufacturer data and consultant requirements.",,m²,,,,,,,
FACADE-15687,construction,Stone Cladding,Travertine Cladding - Mechanical Fixing - 20 mm - Polished,"Supply and install 20 mm polished travertine façade cladding using mechanical fixing system, including panels, anchors or adhesive, subframe, restraints, joints, flashings, sealants and protection. | Code Ref: 04 42 00 / OmniClass 23-13 31 21 | Spec: Stone Type/Source: ___ | Thickness: ___ | Panel Size: ___ | Finish: ___ | Fixing System: ___ | Anchor Material: ___ | Subframe: ___ | Design Load: ___ | Water Absorption: ___ | Standard: ___ | Remarks: Pattern-based master item; verify project classification, structural design, local code, tested system, manufacturer data and consultant requirements.",,m²,,,,,,,
FACADE-15688,construction,Stone Cladding,Travertine Cladding - Mechanical Fixing - 20 mm - Sandblasted,"Supply and install 20 mm sandblasted travertine façade cladding using mechanical fixing system, including panels, anchors or adhesive, subframe, restraints, joints, flashings, sealants and protection. | Code Ref: 04 42 00 / OmniClass 23-13 31 21 | Spec: Stone Type/Source: ___ | Thickness: ___ | Panel Size: ___ | Finish: ___ | Fixing System: ___ | Anchor Material: ___ | Subframe: ___ | Design Load: ___ | Water Absorption: ___ | Standard: ___ | Remarks: Pattern-based master item; verify project classification, structural design, local code, tested system, manufacturer data and consultant requirements.",,m²,,,,,,,
FACADE-15689,construction,Stone Cladding,Travertine Cladding - Mechanical Fixing - 25 mm - Bush-Hammered,"Supply and install 25 mm bush-hammered travertine façade cladding using mechanical fixing system, including panels, anchors or adhesive, subframe, restraints, joints, flashings, sealants and protection. | Code Ref: 04 42 00 / OmniClass 23-13 31 21 | Spec: Stone Type/Source: ___ | Thickness: ___ | Panel Size: ___ | Finish: ___ | Fixing System: ___ | Anchor Material: ___ | Subframe: ___ | Design Load: ___ | Water Absorption: ___ | Standard: ___ | Remarks: Pattern-based master item; verify project classification, structural design, local code, tested system, manufacturer data and consultant requirements.",,m²,,,,,,,
FACADE-15690,construction,Stone Cladding,Travertine Cladding - Mechanical Fixing - 25 mm - Flamed,"Supply and install 25 mm flamed travertine façade cladding using mechanical fixing system, including panels, anchors or adhesive, subframe, restraints, joints, flashings, sealants and protection. | Code Ref: 04 42 00 / OmniClass 23-13 31 21 | Spec: Stone Type/Source: ___ | Thickness: ___ | Panel Size: ___ | Finish: ___ | Fixing System: ___ | Anchor Material: ___ | Subframe: ___ | Design Load: ___ | Water Absorption: ___ | Standard: ___ | Remarks: Pattern-based master item; verify project classification, structural design, local code, tested system, manufacturer data and consultant requirements.",,m²,,,,,,,
FACADE-15691,construction,Stone Cladding,Travertine Cladding - Mechanical Fixing - 25 mm - Honed,"Supply and install 25 mm honed travertine façade cladding using mechanical fixing system, including panels, anchors or adhesive, subframe, restraints, joints, flashings, sealants and protection. | Code Ref: 04 42 00 / OmniClass 23-13 31 21 | Spec: Stone Type/Source: ___ | Thickness: ___ | Panel Size: ___ | Finish: ___ | Fixing System: ___ | Anchor Material: ___ | Subframe: ___ | Design Load: ___ | Water Absorption: ___ | Standard: ___ | Remarks: Pattern-based master item; verify project classification, structural design, local code, tested system, manufacturer data and consultant requirements.",,m²,,,,,,,
FACADE-15692,construction,Stone Cladding,Travertine Cladding - Mechanical Fixing - 25 mm - Leathered,"Supply and install 25 mm leathered travertine façade cladding using mechanical fixing system, including panels, anchors or adhesive, subframe, restraints, joints, flashings, sealants and protection. | Code Ref: 04 42 00 / OmniClass 23-13 31 21 | Spec: Stone Type/Source: ___ | Thickness: ___ | Panel Size: ___ | Finish: ___ | Fixing System: ___ | Anchor Material: ___ | Subframe: ___ | Design Load: ___ | Water Absorption: ___ | Standard: ___ | Remarks: Pattern-based master item; verify project classification, structural design, local code, tested system, manufacturer data and consultant requirements.",,m²,,,,,,,
FACADE-15693,construction,Stone Cladding,Travertine Cladding - Mechanical Fixing - 25 mm - Natural Split,"Supply and install 25 mm natural split travertine façade cladding using mechanical fixing system, including panels, anchors or adhesive, subframe, restraints, joints, flashings, sealants and protection. | Code Ref: 04 42 00 / OmniClass 23-13 31 21 | Spec: Stone Type/Source: ___ | Thickness: ___ | Panel Size: ___ | Finish: ___ | Fixing System: ___ | Anchor Material: ___ | Subframe: ___ | Design Load: ___ | Water Absorption: ___ | Standard: ___ | Remarks: Pattern-based master item; verify project classification, structural design, local code, tested system, manufacturer data and consultant requirements.",,m²,,,,,,,
FACADE-15694,construction,Stone Cladding,Travertine Cladding - Mechanical Fixing - 25 mm - Polished,"Supply and install 25 mm polished travertine façade cladding using mechanical fixing system, including panels, anchors or adhesive, subframe, restraints, joints, flashings, sealants and protection. | Code Ref: 04 42 00 / OmniClass 23-13 31 21 | Spec: Stone Type/Source: ___ | Thickness: ___ | Panel Size: ___ | Finish: ___ | Fixing System: ___ | Anchor Material: ___ | Subframe: ___ | Design Load: ___ | Water Absorption: ___ | Standard: ___ | Remarks: Pattern-based master item; verify project classification, structural design, local code, tested system, manufacturer data and consultant requirements.",,m²,,,,,,,
FACADE-15695,construction,Stone Cladding,Travertine Cladding - Mechanical Fixing - 25 mm - Sandblasted,"Supply and install 25 mm sandblasted travertine façade cladding using mechanical fixing system, including panels, anchors or adhesive, subframe, restraints, joints, flashings, sealants and protection. | Code Ref: 04 42 00 / OmniClass 23-13 31 21 | Spec: Stone Type/Source: ___ | Thickness: ___ | Panel Size: ___ | Finish: ___ | Fixing System: ___ | Anchor Material: ___ | Subframe: ___ | Design Load: ___ | Water Absorption: ___ | Standard: ___ | Remarks: Pattern-based master item; verify project classification, structural design, local code, tested system, manufacturer data and consultant requirements.",,m²,,,,,,,
FACADE-15696,construction,Stone Cladding,Travertine Cladding - Mechanical Fixing - 30 mm - Bush-Hammered,"Supply and install 30 mm bush-hammered travertine façade cladding using mechanical fixing system, including panels, anchors or adhesive, subframe, restraints, joints, flashings, sealants and protection. | Code Ref: 04 42 00 / OmniClass 23-13 31 21 | Spec: Stone Type/Source: ___ | Thickness: ___ | Panel Size: ___ | Finish: ___ | Fixing System: ___ | Anchor Material: ___ | Subframe: ___ | Design Load: ___ | Water Absorption: ___ | Standard: ___ | Remarks: Pattern-based master item; verify project classification, structural design, local code, tested system, manufacturer data and consultant requirements.",,m²,,,,,,,
FACADE-15697,construction,Stone Cladding,Travertine Cladding - Mechanical Fixing - 30 mm - Flamed,"Supply and install 30 mm flamed travertine façade cladding using mechanical fixing system, including panels, anchors or adhesive, subframe, restraints, joints, flashings, sealants and protection. | Code Ref: 04 42 00 / OmniClass 23-13 31 21 | Spec: Stone Type/Source: ___ | Thickness: ___ | Panel Size: ___ | Finish: ___ | Fixing System: ___ | Anchor Material: ___ | Subframe: ___ | Design Load: ___ | Water Absorption: ___ | Standard: ___ | Remarks: Pattern-based master item; verify project classification, structural design, local code, tested system, manufacturer data and consultant requirements.",,m²,,,,,,,
FACADE-15698,construction,Stone Cladding,Travertine Cladding - Mechanical Fixing - 30 mm - Honed,"Supply and install 30 mm honed travertine façade cladding using mechanical fixing system, including panels, anchors or adhesive, subframe, restraints, joints, flashings, sealants and protection. | Code Ref: 04 42 00 / OmniClass 23-13 31 21 | Spec: Stone Type/Source: ___ | Thickness: ___ | Panel Size: ___ | Finish: ___ | Fixing System: ___ | Anchor Material: ___ | Subframe: ___ | Design Load: ___ | Water Absorption: ___ | Standard: ___ | Remarks: Pattern-based master item; verify project classification, structural design, local code, tested system, manufacturer data and consultant requirements.",,m²,,,,,,,
FACADE-15699,construction,Stone Cladding,Travertine Cladding - Mechanical Fixing - 30 mm - Leathered,"Supply and install 30 mm leathered travertine façade cladding using mechanical fixing system, including panels, anchors or adhesive, subframe, restraints, joints, flashings, sealants and protection. | Code Ref: 04 42 00 / OmniClass 23-13 31 21 | Spec: Stone Type/Source: ___ | Thickness: ___ | Panel Size: ___ | Finish: ___ | Fixing System: ___ | Anchor Material: ___ | Subframe: ___ | Design Load: ___ | Water Absorption: ___ | Standard: ___ | Remarks: Pattern-based master item; verify project classification, structural design, local code, tested system, manufacturer data and consultant requirements.",,m²,,,,,,,
FACADE-15700,construction,Stone Cladding,Travertine Cladding - Mechanical Fixing - 30 mm - Natural Split,"Supply and install 30 mm natural split travertine façade cladding using mechanical fixing system, including panels, anchors or adhesive, subframe, restraints, joints, flashings, sealants and protection. | Code Ref: 04 42 00 / OmniClass 23-13 31 21 | Spec: Stone Type/Source: ___ | Thickness: ___ | Panel Size: ___ | Finish: ___ | Fixing System: ___ | Anchor Material: ___ | Subframe: ___ | Design Load: ___ | Water Absorption: ___ | Standard: ___ | Remarks: Pattern-based master item; verify project classification, structural design, local code, tested system, manufacturer data and consultant requirements.",,m²,,,,,,,
FACADE-15701,construction,Stone Cladding,Travertine Cladding - Mechanical Fixing - 30 mm - Polished,"Supply and install 30 mm polished travertine façade cladding using mechanical fixing system, including panels, anchors or adhesive, subframe, restraints, joints, flashings, sealants and protection. | Code Ref: 04 42 00 / OmniClass 23-13 31 21 | Spec: Stone Type/Source: ___ | Thickness: ___ | Panel Size: ___ | Finish: ___ | Fixing System: ___ | Anchor Material: ___ | Subframe: ___ | Design Load: ___ | Water Absorption: ___ | Standard: ___ | Remarks: Pattern-based master item; verify project classification, structural design, local code, tested system, manufacturer data and consultant requirements.",,m²,,,,,,,
FACADE-15702,construction,Stone Cladding,Travertine Cladding - Mechanical Fixing - 30 mm - Sandblasted,"Supply and install 30 mm sandblasted travertine façade cladding using mechanical fixing system, including panels, anchors or adhesive, subframe, restraints, joints, flashings, sealants and protection. | Code Ref: 04 42 00 / OmniClass 23-13 31 21 | Spec: Stone Type/Source: ___ | Thickness: ___ | Panel Size: ___ | Finish: ___ | Fixing System: ___ | Anchor Material: ___ | Subframe: ___ | Design Load: ___ | Water Absorption: ___ | Standard: ___ | Remarks: Pattern-based master item; verify project classification, structural design, local code, tested system, manufacturer data and consultant requirements.",,m²,,,,,,,
FACADE-15703,construction,Stone Cladding,Travertine Cladding - Mechanical Fixing - 40 mm - Bush-Hammered,"Supply and install 40 mm bush-hammered travertine façade cladding using mechanical fixing system, including panels, anchors or adhesive, subframe, restraints, joints, flashings, sealants and protection. | Code Ref: 04 42 00 / OmniClass 23-13 31 21 | Spec: Stone Type/Source: ___ | Thickness: ___ | Panel Size: ___ | Finish: ___ | Fixing System: ___ | Anchor Material: ___ | Subframe: ___ | Design Load: ___ | Water Absorption: ___ | Standard: ___ | Remarks: Pattern-based master item; verify project classification, structural design, local code, tested system, manufacturer data and consultant requirements.",,m²,,,,,,,
FACADE-15704,construction,Stone Cladding,Travertine Cladding - Mechanical Fixing - 40 mm - Flamed,"Supply and install 40 mm flamed travertine façade cladding using mechanical fixing system, including panels, anchors or adhesive, subframe, restraints, joints, flashings, sealants and protection. | Code Ref: 04 42 00 / OmniClass 23-13 31 21 | Spec: Stone Type/Source: ___ | Thickness: ___ | Panel Size: ___ | Finish: ___ | Fixing System: ___ | Anchor Material: ___ | Subframe: ___ | Design Load: ___ | Water Absorption: ___ | Standard: ___ | Remarks: Pattern-based master item; verify project classification, structural design, local code, tested system, manufacturer data and consultant requirements.",,m²,,,,,,,
FACADE-15705,construction,Stone Cladding,Travertine Cladding - Mechanical Fixing - 40 mm - Honed,"Supply and install 40 mm honed travertine façade cladding using mechanical fixing system, including panels, anchors or adhesive, subframe, restraints, joints, flashings, sealants and protection. | Code Ref: 04 42 00 / OmniClass 23-13 31 21 | Spec: Stone Type/Source: ___ | Thickness: ___ | Panel Size: ___ | Finish: ___ | Fixing System: ___ | Anchor Material: ___ | Subframe: ___ | Design Load: ___ | Water Absorption: ___ | Standard: ___ | Remarks: Pattern-based master item; verify project classification, structural design, local code, tested system, manufacturer data and consultant requirements.",,m²,,,,,,,
FACADE-15706,construction,Stone Cladding,Travertine Cladding - Mechanical Fixing - 40 mm - Leathered,"Supply and install 40 mm leathered travertine façade cladding using mechanical fixing system, including panels, anchors or adhesive, subframe, restraints, joints, flashings, sealants and protection. | Code Ref: 04 42 00 / OmniClass 23-13 31 21 | Spec: Stone Type/Source: ___ | Thickness: ___ | Panel Size: ___ | Finish: ___ | Fixing System: ___ | Anchor Material: ___ | Subframe: ___ | Design Load: ___ | Water Absorption: ___ | Standard: ___ | Remarks: Pattern-based master item; verify project classification, structural design, local code, tested system, manufacturer data and consultant requirements.",,m²,,,,,,,
FACADE-15707,construction,Stone Cladding,Travertine Cladding - Mechanical Fixing - 40 mm - Natural Split,"Supply and install 40 mm natural split travertine façade cladding using mechanical fixing system, including panels, anchors or adhesive, subframe, restraints, joints, flashings, sealants and protection. | Code Ref: 04 42 00 / OmniClass 23-13 31 21 | Spec: Stone Type/Source: ___ | Thickness: ___ | Panel Size: ___ | Finish: ___ | Fixing System: ___ | Anchor Material: ___ | Subframe: ___ | Design Load: ___ | Water Absorption: ___ | Standard: ___ | Remarks: Pattern-based master item; verify project classification, structural design, local code, tested system, manufacturer data and consultant requirements.",,m²,,,,,,,
FACADE-15708,construction,Stone Cladding,Travertine Cladding - Mechanical Fixing - 40 mm - Polished,"Supply and install 40 mm polished travertine façade cladding using mechanical fixing system, including panels, anchors or adhesive, subframe, restraints, joints, flashings, sealants and protection. | Code Ref: 04 42 00 / OmniClass 23-13 31 21 | Spec: Stone Type/Source: ___ | Thickness: ___ | Panel Size: ___ | Finish: ___ | Fixing System: ___ | Anchor Material: ___ | Subframe: ___ | Design Load: ___ | Water Absorption: ___ | Standard: ___ | Remarks: Pattern-based master item; verify project classification, structural design, local code, tested system, manufacturer data and consultant requirements.",,m²,,,,,,,
FACADE-15709,construction,Stone Cladding,Travertine Cladding - Mechanical Fixing - 40 mm - Sandblasted,"Supply and install 40 mm sandblasted travertine façade cladding using mechanical fixing system, including panels, anchors or adhesive, subframe, restraints, joints, flashings, sealants and protection. | Code Ref: 04 42 00 / OmniClass 23-13 31 21 | Spec: Stone Type/Source: ___ | Thickness: ___ | Panel Size: ___ | Finish: ___ | Fixing System: ___ | Anchor Material: ___ | Subframe: ___ | Design Load: ___ | Water Absorption: ___ | Standard: ___ | Remarks: Pattern-based master item; verify project classification, structural design, local code, tested system, manufacturer data and consultant requirements.",,m²,,,,,,,
FACADE-15710,construction,Stone Cladding,Travertine Cladding - Mechanical Fixing - 50 mm - Bush-Hammered,"Supply and install 50 mm bush-hammered travertine façade cladding using mechanical fixing system, including panels, anchors or adhesive, subframe, restraints, joints, flashings, sealants and protection. | Code Ref: 04 42 00 / OmniClass 23-13 31 21 | Spec: Stone Type/Source: ___ | Thickness: ___ | Panel Size: ___ | Finish: ___ | Fixing System: ___ | Anchor Material: ___ | Subframe: ___ | Design Load: ___ | Water Absorption: ___ | Standard: ___ | Remarks: Pattern-based master item; verify project classification, structural design, local code, tested system, manufacturer data and consultant requirements.",,m²,,,,,,,
FACADE-15711,construction,Stone Cladding,Travertine Cladding - Mechanical Fixing - 50 mm - Flamed,"Supply and install 50 mm flamed travertine façade cladding using mechanical fixing system, including panels, anchors or adhesive, subframe, restraints, joints, flashings, sealants and protection. | Code Ref: 04 42 00 / OmniClass 23-13 31 21 | Spec: Stone Type/Source: ___ | Thickness: ___ | Panel Size: ___ | Finish: ___ | Fixing System: ___ | Anchor Material: ___ | Subframe: ___ | Design Load: ___ | Water Absorption: ___ | Standard: ___ | Remarks: Pattern-based master item; verify project classification, structural design, local code, tested system, manufacturer data and consultant requirements.",,m²,,,,,,,
FACADE-15712,construction,Stone Cladding,Travertine Cladding - Mechanical Fixing - 50 mm - Honed,"Supply and install 50 mm honed travertine façade cladding using mechanical fixing system, including panels, anchors or adhesive, subframe, restraints, joints, flashings, sealants and protection. | Code Ref: 04 42 00 / OmniClass 23-13 31 21 | Spec: Stone Type/Source: ___ | Thickness: ___ | Panel Size: ___ | Finish: ___ | Fixing System: ___ | Anchor Material: ___ | Subframe: ___ | Design Load: ___ | Water Absorption: ___ | Standard: ___ | Remarks: Pattern-based master item; verify project classification, structural design, local code, tested system, manufacturer data and consultant requirements.",,m²,,,,,,,
FACADE-15713,construction,Stone Cladding,Travertine Cladding - Mechanical Fixing - 50 mm - Leathered,"Supply and install 50 mm leathered travertine façade cladding using mechanical fixing system, including panels, anchors or adhesive, subframe, restraints, joints, flashings, sealants and protection. | Code Ref: 04 42 00 / OmniClass 23-13 31 21 | Spec: Stone Type/Source: ___ | Thickness: ___ | Panel Size: ___ | Finish: ___ | Fixing System: ___ | Anchor Material: ___ | Subframe: ___ | Design Load: ___ | Water Absorption: ___ | Standard: ___ | Remarks: Pattern-based master item; verify project classification, structural design, local code, tested system, manufacturer data and consultant requirements.",,m²,,,,,,,
FACADE-15714,construction,Stone Cladding,Travertine Cladding - Mechanical Fixing - 50 mm - Natural Split,"Supply and install 50 mm natural split travertine façade cladding using mechanical fixing system, including panels, anchors or adhesive, subframe, restraints, joints, flashings, sealants and protection. | Code Ref: 04 42 00 / OmniClass 23-13 31 21 | Spec: Stone Type/Source: ___ | Thickness: ___ | Panel Size: ___ | Finish: ___ | Fixing System: ___ | Anchor Material: ___ | Subframe: ___ | Design Load: ___ | Water Absorption: ___ | Standard: ___ | Remarks: Pattern-based master item; verify project classification, structural design, local code, tested system, manufacturer data and consultant requirements.",,m²,,,,,,,
FACADE-15715,construction,Stone Cladding,Travertine Cladding - Mechanical Fixing - 50 mm - Polished,"Supply and install 50 mm polished travertine façade cladding using mechanical fixing system, including panels, anchors or adhesive, subframe, restraints, joints, flashings, sealants and protection. | Code Ref: 04 42 00 / OmniClass 23-13 31 21 | Spec: Stone Type/Source: ___ | Thickness: ___ | Panel Size: ___ | Finish: ___ | Fixing System: ___ | Anchor Material: ___ | Subframe: ___ | Design Load: ___ | Water Absorption: ___ | Standard: ___ | Remarks: Pattern-based master item; verify project classification, structural design, local code, tested system, manufacturer data and consultant requirements.",,m²,,,,,,,
FACADE-15716,construction,Stone Cladding,Travertine Cladding - Mechanical Fixing - 50 mm - Sandblasted,"Supply and install 50 mm sandblasted travertine façade cladding using mechanical fixing system, including panels, anchors or adhesive, subframe, restraints, joints, flashings, sealants and protection. | Code Ref: 04 42 00 / OmniClass 23-13 31 21 | Spec: Stone Type/Source: ___ | Thickness: ___ | Panel Size: ___ | Finish: ___ | Fixing System: ___ | Anchor Material: ___ | Subframe: ___ | Design Load: ___ | Water Absorption: ___ | Standard: ___ | Remarks: Pattern-based master item; verify project classification, structural design, local code, tested system, manufacturer data and consultant requirements.",,m²,,,,,,,
FACADE-15717,construction,Stone Cladding,Travertine Cladding - Rainscreen - 20 mm - Bush-Hammered,"Supply and install 20 mm bush-hammered travertine façade cladding using rainscreen system, including panels, anchors or adhesive, subframe, restraints, joints, flashings, sealants and protection. | Code Ref: 04 42 00 / OmniClass 23-13 31 21 | Spec: Stone Type/Source: ___ | Thickness: ___ | Panel Size: ___ | Finish: ___ | Fixing System: ___ | Anchor Material: ___ | Subframe: ___ | Design Load: ___ | Water Absorption: ___ | Standard: ___ | Remarks: Pattern-based master item; verify project classification, structural design, local code, tested system, manufacturer data and consultant requirements.",,m²,,,,,,,
FACADE-15718,construction,Stone Cladding,Travertine Cladding - Rainscreen - 20 mm - Flamed,"Supply and install 20 mm flamed travertine façade cladding using rainscreen system, including panels, anchors or adhesive, subframe, restraints, joints, flashings, sealants and protection. | Code Ref: 04 42 00 / OmniClass 23-13 31 21 | Spec: Stone Type/Source: ___ | Thickness: ___ | Panel Size: ___ | Finish: ___ | Fixing System: ___ | Anchor Material: ___ | Subframe: ___ | Design Load: ___ | Water Absorption: ___ | Standard: ___ | Remarks: Pattern-based master item; verify project classification, structural design, local code, tested system, manufacturer data and consultant requirements.",,m²,,,,,,,
FACADE-15719,construction,Stone Cladding,Travertine Cladding - Rainscreen - 20 mm - Honed,"Supply and install 20 mm honed travertine façade cladding using rainscreen system, including panels, anchors or adhesive, subframe, restraints, joints, flashings, sealants and protection. | Code Ref: 04 42 00 / OmniClass 23-13 31 21 | Spec: Stone Type/Source: ___ | Thickness: ___ | Panel Size: ___ | Finish: ___ | Fixing System: ___ | Anchor Material: ___ | Subframe: ___ | Design Load: ___ | Water Absorption: ___ | Standard: ___ | Remarks: Pattern-based master item; verify project classification, structural design, local code, tested system, manufacturer data and consultant requirements.",,m²,,,,,,,
FACADE-15720,construction,Stone Cladding,Travertine Cladding - Rainscreen - 20 mm - Leathered,"Supply and install 20 mm leathered travertine façade cladding using rainscreen system, including panels, anchors or adhesive, subframe, restraints, joints, flashings, sealants and protection. | Code Ref: 04 42 00 / OmniClass 23-13 31 21 | Spec: Stone Type/Source: ___ | Thickness: ___ | Panel Size: ___ | Finish: ___ | Fixing System: ___ | Anchor Material: ___ | Subframe: ___ | Design Load: ___ | Water Absorption: ___ | Standard: ___ | Remarks: Pattern-based master item; verify project classification, structural design, local code, tested system, manufacturer data and consultant requirements.",,m²,,,,,,,
FACADE-15721,construction,Stone Cladding,Travertine Cladding - Rainscreen - 20 mm - Natural Split,"Supply and install 20 mm natural split travertine façade cladding using rainscreen system, including panels, anchors or adhesive, subframe, restraints, joints, flashings, sealants and protection. | Code Ref: 04 42 00 / OmniClass 23-13 31 21 | Spec: Stone Type/Source: ___ | Thickness: ___ | Panel Size: ___ | Finish: ___ | Fixing System: ___ | Anchor Material: ___ | Subframe: ___ | Design Load: ___ | Water Absorption: ___ | Standard: ___ | Remarks: Pattern-based master item; verify project classification, structural design, local code, tested system, manufacturer data and consultant requirements.",,m²,,,,,,,
FACADE-15722,construction,Stone Cladding,Travertine Cladding - Rainscreen - 20 mm - Polished,"Supply and install 20 mm polished travertine façade cladding using rainscreen system, including panels, anchors or adhesive, subframe, restraints, joints, flashings, sealants and protection. | Code Ref: 04 42 00 / OmniClass 23-13 31 21 | Spec: Stone Type/Source: ___ | Thickness: ___ | Panel Size: ___ | Finish: ___ | Fixing System: ___ | Anchor Material: ___ | Subframe: ___ | Design Load: ___ | Water Absorption: ___ | Standard: ___ | Remarks: Pattern-based master item; verify project classification, structural design, local code, tested system, manufacturer data and consultant requirements.",,m²,,,,,,,
FACADE-15723,construction,Stone Cladding,Travertine Cladding - Rainscreen - 20 mm - Sandblasted,"Supply and install 20 mm sandblasted travertine façade cladding using rainscreen system, including panels, anchors or adhesive, subframe, restraints, joints, flashings, sealants and protection. | Code Ref: 04 42 00 / OmniClass 23-13 31 21 | Spec: Stone Type/Source: ___ | Thickness: ___ | Panel Size: ___ | Finish: ___ | Fixing System: ___ | Anchor Material: ___ | Subframe: ___ | Design Load: ___ | Water Absorption: ___ | Standard: ___ | Remarks: Pattern-based master item; verify project classification, structural design, local code, tested system, manufacturer data and consultant requirements.",,m²,,,,,,,
FACADE-15724,construction,Stone Cladding,Travertine Cladding - Rainscreen - 25 mm - Bush-Hammered,"Supply and install 25 mm bush-hammered travertine façade cladding using rainscreen system, including panels, anchors or adhesive, subframe, restraints, joints, flashings, sealants and protection. | Code Ref: 04 42 00 / OmniClass 23-13 31 21 | Spec: Stone Type/Source: ___ | Thickness: ___ | Panel Size: ___ | Finish: ___ | Fixing System: ___ | Anchor Material: ___ | Subframe: ___ | Design Load: ___ | Water Absorption: ___ | Standard: ___ | Remarks: Pattern-based master item; verify project classification, structural design, local code, tested system, manufacturer data and consultant requirements.",,m²,,,,,,,
FACADE-15725,construction,Stone Cladding,Travertine Cladding - Rainscreen - 25 mm - Flamed,"Supply and install 25 mm flamed travertine façade cladding using rainscreen system, including panels, anchors or adhesive, subframe, restraints, joints, flashings, sealants and protection. | Code Ref: 04 42 00 / OmniClass 23-13 31 21 | Spec: Stone Type/Source: ___ | Thickness: ___ | Panel Size: ___ | Finish: ___ | Fixing System: ___ | Anchor Material: ___ | Subframe: ___ | Design Load: ___ | Water Absorption: ___ | Standard: ___ | Remarks: Pattern-based master item; verify project classification, structural design, local code, tested system, manufacturer data and consultant requirements.",,m²,,,,,,,
FACADE-15726,construction,Stone Cladding,Travertine Cladding - Rainscreen - 25 mm - Honed,"Supply and install 25 mm honed travertine façade cladding using rainscreen system, including panels, anchors or adhesive, subframe, restraints, joints, flashings, sealants and protection. | Code Ref: 04 42 00 / OmniClass 23-13 31 21 | Spec: Stone Type/Source: ___ | Thickness: ___ | Panel Size: ___ | Finish: ___ | Fixing System: ___ | Anchor Material: ___ | Subframe: ___ | Design Load: ___ | Water Absorption: ___ | Standard: ___ | Remarks: Pattern-based master item; verify project classification, structural design, local code, tested system, manufacturer data and consultant requirements.",,m²,,,,,,,
FACADE-15727,construction,Stone Cladding,Travertine Cladding - Rainscreen - 25 mm - Leathered,"Supply and install 25 mm leathered travertine façade cladding using rainscreen system, including panels, anchors or adhesive, subframe, restraints, joints, flashings, sealants and protection. | Code Ref: 04 42 00 / OmniClass 23-13 31 21 | Spec: Stone Type/Source: ___ | Thickness: ___ | Panel Size: ___ | Finish: ___ | Fixing System: ___ | Anchor Material: ___ | Subframe: ___ | Design Load: ___ | Water Absorption: ___ | Standard: ___ | Remarks: Pattern-based master item; verify project classification, structural design, local code, tested system, manufacturer data and consultant requirements.",,m²,,,,,,,
FACADE-15728,construction,Stone Cladding,Travertine Cladding - Rainscreen - 25 mm - Natural Split,"Supply and install 25 mm natural split travertine façade cladding using rainscreen system, including panels, anchors or adhesive, subframe, restraints, joints, flashings, sealants and protection. | Code Ref: 04 42 00 / OmniClass 23-13 31 21 | Spec: Stone Type/Source: ___ | Thickness: ___ | Panel Size: ___ | Finish: ___ | Fixing System: ___ | Anchor Material: ___ | Subframe: ___ | Design Load: ___ | Water Absorption: ___ | Standard: ___ | Remarks: Pattern-based master item; verify project classification, structural design, local code, tested system, manufacturer data and consultant requirements.",,m²,,,,,,,
FACADE-15729,construction,Stone Cladding,Travertine Cladding - Rainscreen - 25 mm - Polished,"Supply and install 25 mm polished travertine façade cladding using rainscreen system, including panels, anchors or adhesive, subframe, restraints, joints, flashings, sealants and protection. | Code Ref: 04 42 00 / OmniClass 23-13 31 21 | Spec: Stone Type/Source: ___ | Thickness: ___ | Panel Size: ___ | Finish: ___ | Fixing System: ___ | Anchor Material: ___ | Subframe: ___ | Design Load: ___ | Water Absorption: ___ | Standard: ___ | Remarks: Pattern-based master item; verify project classification, structural design, local code, tested system, manufacturer data and consultant requirements.",,m²,,,,,,,
FACADE-15730,construction,Stone Cladding,Travertine Cladding - Rainscreen - 25 mm - Sandblasted,"Supply and install 25 mm sandblasted travertine façade cladding using rainscreen system, including panels, anchors or adhesive, subframe, restraints, joints, flashings, sealants and protection. | Code Ref: 04 42 00 / OmniClass 23-13 31 21 | Spec: Stone Type/Source: ___ | Thickness: ___ | Panel Size: ___ | Finish: ___ | Fixing System: ___ | Anchor Material: ___ | Subframe: ___ | Design Load: ___ | Water Absorption: ___ | Standard: ___ | Remarks: Pattern-based master item; verify project classification, structural design, local code, tested system, manufacturer data and consultant requirements.",,m²,,,,,,,
FACADE-15731,construction,Stone Cladding,Travertine Cladding - Rainscreen - 30 mm - Bush-Hammered,"Supply and install 30 mm bush-hammered travertine façade cladding using rainscreen system, including panels, anchors or adhesive, subframe, restraints, joints, flashings, sealants and protection. | Code Ref: 04 42 00 / OmniClass 23-13 31 21 | Spec: Stone Type/Source: ___ | Thickness: ___ | Panel Size: ___ | Finish: ___ | Fixing System: ___ | Anchor Material: ___ | Subframe: ___ | Design Load: ___ | Water Absorption: ___ | Standard: ___ | Remarks: Pattern-based master item; verify project classification, structural design, local code, tested system, manufacturer data and consultant requirements.",,m²,,,,,,,
FACADE-15732,construction,Stone Cladding,Travertine Cladding - Rainscreen - 30 mm - Flamed,"Supply and install 30 mm flamed travertine façade cladding using rainscreen system, including panels, anchors or adhesive, subframe, restraints, joints, flashings, sealants and protection. | Code Ref: 04 42 00 / OmniClass 23-13 31 21 | Spec: Stone Type/Source: ___ | Thickness: ___ | Panel Size: ___ | Finish: ___ | Fixing System: ___ | Anchor Material: ___ | Subframe: ___ | Design Load: ___ | Water Absorption: ___ | Standard: ___ | Remarks: Pattern-based master item; verify project classification, structural design, local code, tested system, manufacturer data and consultant requirements.",,m²,,,,,,,
FACADE-15733,construction,Stone Cladding,Travertine Cladding - Rainscreen - 30 mm - Honed,"Supply and install 30 mm honed travertine façade cladding using rainscreen system, including panels, anchors or adhesive, subframe, restraints, joints, flashings, sealants and protection. | Code Ref: 04 42 00 / OmniClass 23-13 31 21 | Spec: Stone Type/Source: ___ | Thickness: ___ | Panel Size: ___ | Finish: ___ | Fixing System: ___ | Anchor Material: ___ | Subframe: ___ | Design Load: ___ | Water Absorption: ___ | Standard: ___ | Remarks: Pattern-based master item; verify project classification, structural design, local code, tested system, manufacturer data and consultant requirements.",,m²,,,,,,,
FACADE-15734,construction,Stone Cladding,Travertine Cladding - Rainscreen - 30 mm - Leathered,"Supply and install 30 mm leathered travertine façade cladding using rainscreen system, including panels, anchors or adhesive, subframe, restraints, joints, flashings, sealants and protection. | Code Ref: 04 42 00 / OmniClass 23-13 31 21 | Spec: Stone Type/Source: ___ | Thickness: ___ | Panel Size: ___ | Finish: ___ | Fixing System: ___ | Anchor Material: ___ | Subframe: ___ | Design Load: ___ | Water Absorption: ___ | Standard: ___ | Remarks: Pattern-based master item; verify project classification, structural design, local code, tested system, manufacturer data and consultant requirements.",,m²,,,,,,,
FACADE-15735,construction,Stone Cladding,Travertine Cladding - Rainscreen - 30 mm - Natural Split,"Supply and install 30 mm natural split travertine façade cladding using rainscreen system, including panels, anchors or adhesive, subframe, restraints, joints, flashings, sealants and protection. | Code Ref: 04 42 00 / OmniClass 23-13 31 21 | Spec: Stone Type/Source: ___ | Thickness: ___ | Panel Size: ___ | Finish: ___ | Fixing System: ___ | Anchor Material: ___ | Subframe: ___ | Design Load: ___ | Water Absorption: ___ | Standard: ___ | Remarks: Pattern-based master item; verify project classification, structural design, local code, tested system, manufacturer data and consultant requirements.",,m²,,,,,,,
FACADE-15736,construction,Stone Cladding,Travertine Cladding - Rainscreen - 30 mm - Polished,"Supply and install 30 mm polished travertine façade cladding using rainscreen system, including panels, anchors or adhesive, subframe, restraints, joints, flashings, sealants and protection. | Code Ref: 04 42 00 / OmniClass 23-13 31 21 | Spec: Stone Type/Source: ___ | Thickness: ___ | Panel Size: ___ | Finish: ___ | Fixing System: ___ | Anchor Material: ___ | Subframe: ___ | Design Load: ___ | Water Absorption: ___ | Standard: ___ | Remarks: Pattern-based master item; verify project classification, structural design, local code, tested system, manufacturer data and consultant requirements.",,m²,,,,,,,
FACADE-15737,construction,Stone Cladding,Travertine Cladding - Rainscreen - 30 mm - Sandblasted,"Supply and install 30 mm sandblasted travertine façade cladding using rainscreen system, including panels, anchors or adhesive, subframe, restraints, joints, flashings, sealants and protection. | Code Ref: 04 42 00 / OmniClass 23-13 31 21 | Spec: Stone Type/Source: ___ | Thickness: ___ | Panel Size: ___ | Finish: ___ | Fixing System: ___ | Anchor Material: ___ | Subframe: ___ | Design Load: ___ | Water Absorption: ___ | Standard: ___ | Remarks: Pattern-based master item; verify project classification, structural design, local code, tested system, manufacturer data and consultant requirements.",,m²,,,,,,,
FACADE-15738,construction,Stone Cladding,Travertine Cladding - Rainscreen - 40 mm - Bush-Hammered,"Supply and install 40 mm bush-hammered travertine façade cladding using rainscreen system, including panels, anchors or adhesive, subframe, restraints, joints, flashings, sealants and protection. | Code Ref: 04 42 00 / OmniClass 23-13 31 21 | Spec: Stone Type/Source: ___ | Thickness: ___ | Panel Size: ___ | Finish: ___ | Fixing System: ___ | Anchor Material: ___ | Subframe: ___ | Design Load: ___ | Water Absorption: ___ | Standard: ___ | Remarks: Pattern-based master item; verify project classification, structural design, local code, tested system, manufacturer data and consultant requirements.",,m²,,,,,,,
FACADE-15739,construction,Stone Cladding,Travertine Cladding - Rainscreen - 40 mm - Flamed,"Supply and install 40 mm flamed travertine façade cladding using rainscreen system, including panels, anchors or adhesive, subframe, restraints, joints, flashings, sealants and protection. | Code Ref: 04 42 00 / OmniClass 23-13 31 21 | Spec: Stone Type/Source: ___ | Thickness: ___ | Panel Size: ___ | Finish: ___ | Fixing System: ___ | Anchor Material: ___ | Subframe: ___ | Design Load: ___ | Water Absorption: ___ | Standard: ___ | Remarks: Pattern-based master item; verify project classification, structural design, local code, tested system, manufacturer data and consultant requirements.",,m²,,,,,,,
FACADE-15740,construction,Stone Cladding,Travertine Cladding - Rainscreen - 40 mm - Honed,"Supply and install 40 mm honed travertine façade cladding using rainscreen system, including panels, anchors or adhesive, subframe, restraints, joints, flashings, sealants and protection. | Code Ref: 04 42 00 / OmniClass 23-13 31 21 | Spec: Stone Type/Source: ___ | Thickness: ___ | Panel Size: ___ | Finish: ___ | Fixing System: ___ | Anchor Material: ___ | Subframe: ___ | Design Load: ___ | Water Absorption: ___ | Standard: ___ | Remarks: Pattern-based master item; verify project classification, structural design, local code, tested system, manufacturer data and consultant requirements.",,m²,,,,,,,
FACADE-15741,construction,Stone Cladding,Travertine Cladding - Rainscreen - 40 mm - Leathered,"Supply and install 40 mm leathered travertine façade cladding using rainscreen system, including panels, anchors or adhesive, subframe, restraints, joints, flashings, sealants and protection. | Code Ref: 04 42 00 / OmniClass 23-13 31 21 | Spec: Stone Type/Source: ___ | Thickness: ___ | Panel Size: ___ | Finish: ___ | Fixing System: ___ | Anchor Material: ___ | Subframe: ___ | Design Load: ___ | Water Absorption: ___ | Standard: ___ | Remarks: Pattern-based master item; verify project classification, structural design, local code, tested system, manufacturer data and consultant requirements.",,m²,,,,,,,
FACADE-15742,construction,Stone Cladding,Travertine Cladding - Rainscreen - 40 mm - Natural Split,"Supply and install 40 mm natural split travertine façade cladding using rainscreen system, including panels, anchors or adhesive, subframe, restraints, joints, flashings, sealants and protection. | Code Ref: 04 42 00 / OmniClass 23-13 31 21 | Spec: Stone Type/Source: ___ | Thickness: ___ | Panel Size: ___ | Finish: ___ | Fixing System: ___ | Anchor Material: ___ | Subframe: ___ | Design Load: ___ | Water Absorption: ___ | Standard: ___ | Remarks: Pattern-based master item; verify project classification, structural design, local code, tested system, manufacturer data and consultant requirements.",,m²,,,,,,,
FACADE-15743,construction,Stone Cladding,Travertine Cladding - Rainscreen - 40 mm - Polished,"Supply and install 40 mm polished travertine façade cladding using rainscreen system, including panels, anchors or adhesive, subframe, restraints, joints, flashings, sealants and protection. | Code Ref: 04 42 00 / OmniClass 23-13 31 21 | Spec: Stone Type/Source: ___ | Thickness: ___ | Panel Size: ___ | Finish: ___ | Fixing System: ___ | Anchor Material: ___ | Subframe: ___ | Design Load: ___ | Water Absorption: ___ | Standard: ___ | Remarks: Pattern-based master item; verify project classification, structural design, local code, tested system, manufacturer data and consultant requirements.",,m²,,,,,,,
FACADE-15744,construction,Stone Cladding,Travertine Cladding - Rainscreen - 40 mm - Sandblasted,"Supply and install 40 mm sandblasted travertine façade cladding using rainscreen system, including panels, anchors or adhesive, subframe, restraints, joints, flashings, sealants and protection. | Code Ref: 04 42 00 / OmniClass 23-13 31 21 | Spec: Stone Type/Source: ___ | Thickness: ___ | Panel Size: ___ | Finish: ___ | Fixing System: ___ | Anchor Material: ___ | Subframe: ___ | Design Load: ___ | Water Absorption: ___ | Standard: ___ | Remarks: Pattern-based master item; verify project classification, structural design, local code, tested system, manufacturer data and consultant requirements.",,m²,,,,,,,
FACADE-15745,construction,Stone Cladding,Travertine Cladding - Rainscreen - 50 mm - Bush-Hammered,"Supply and install 50 mm bush-hammered travertine façade cladding using rainscreen system, including panels, anchors or adhesive, subframe, restraints, joints, flashings, sealants and protection. | Code Ref: 04 42 00 / OmniClass 23-13 31 21 | Spec: Stone Type/Source: ___ | Thickness: ___ | Panel Size: ___ | Finish: ___ | Fixing System: ___ | Anchor Material: ___ | Subframe: ___ | Design Load: ___ | Water Absorption: ___ | Standard: ___ | Remarks: Pattern-based master item; verify project classification, structural design, local code, tested system, manufacturer data and consultant requirements.",,m²,,,,,,,
FACADE-15746,construction,Stone Cladding,Travertine Cladding - Rainscreen - 50 mm - Flamed,"Supply and install 50 mm flamed travertine façade cladding using rainscreen system, including panels, anchors or adhesive, subframe, restraints, joints, flashings, sealants and protection. | Code Ref: 04 42 00 / OmniClass 23-13 31 21 | Spec: Stone Type/Source: ___ | Thickness: ___ | Panel Size: ___ | Finish: ___ | Fixing System: ___ | Anchor Material: ___ | Subframe: ___ | Design Load: ___ | Water Absorption: ___ | Standard: ___ | Remarks: Pattern-based master item; verify project classification, structural design, local code, tested system, manufacturer data and consultant requirements.",,m²,,,,,,,
FACADE-15747,construction,Stone Cladding,Travertine Cladding - Rainscreen - 50 mm - Honed,"Supply and install 50 mm honed travertine façade cladding using rainscreen system, including panels, anchors or adhesive, subframe, restraints, joints, flashings, sealants and protection. | Code Ref: 04 42 00 / OmniClass 23-13 31 21 | Spec: Stone Type/Source: ___ | Thickness: ___ | Panel Size: ___ | Finish: ___ | Fixing System: ___ | Anchor Material: ___ | Subframe: ___ | Design Load: ___ | Water Absorption: ___ | Standard: ___ | Remarks: Pattern-based master item; verify project classification, structural design, local code, tested system, manufacturer data and consultant requirements.",,m²,,,,,,,
FACADE-15748,construction,Stone Cladding,Travertine Cladding - Rainscreen - 50 mm - Leathered,"Supply and install 50 mm leathered travertine façade cladding using rainscreen system, including panels, anchors or adhesive, subframe, restraints, joints, flashings, sealants and protection. | Code Ref: 04 42 00 / OmniClass 23-13 31 21 | Spec: Stone Type/Source: ___ | Thickness: ___ | Panel Size: ___ | Finish: ___ | Fixing System: ___ | Anchor Material: ___ | Subframe: ___ | Design Load: ___ | Water Absorption: ___ | Standard: ___ | Remarks: Pattern-based master item; verify project classification, structural design, local code, tested system, manufacturer data and consultant requirements.",,m²,,,,,,,
FACADE-15749,construction,Stone Cladding,Travertine Cladding - Rainscreen - 50 mm - Natural Split,"Supply and install 50 mm natural split travertine façade cladding using rainscreen system, including panels, anchors or adhesive, subframe, restraints, joints, flashings, sealants and protection. | Code Ref: 04 42 00 / OmniClass 23-13 31 21 | Spec: Stone Type/Source: ___ | Thickness: ___ | Panel Size: ___ | Finish: ___ | Fixing System: ___ | Anchor Material: ___ | Subframe: ___ | Design Load: ___ | Water Absorption: ___ | Standard: ___ | Remarks: Pattern-based master item; verify project classification, structural design, local code, tested system, manufacturer data and consultant requirements.",,m²,,,,,,,
FACADE-15750,construction,Stone Cladding,Travertine Cladding - Rainscreen - 50 mm - Polished,"Supply and install 50 mm polished travertine façade cladding using rainscreen system, including panels, anchors or adhesive, subframe, restraints, joints, flashings, sealants and protection. | Code Ref: 04 42 00 / OmniClass 23-13 31 21 | Spec: Stone Type/Source: ___ | Thickness: ___ | Panel Size: ___ | Finish: ___ | Fixing System: ___ | Anchor Material: ___ | Subframe: ___ | Design Load: ___ | Water Absorption: ___ | Standard: ___ | Remarks: Pattern-based master item; verify project classification, structural design, local code, tested system, manufacturer data and consultant requirements.",,m²,,,,,,,
FACADE-15751,construction,Stone Cladding,Travertine Cladding - Rainscreen - 50 mm - Sandblasted,"Supply and install 50 mm sandblasted travertine façade cladding using rainscreen system, including panels, anchors or adhesive, subframe, restraints, joints, flashings, sealants and protection. | Code Ref: 04 42 00 / OmniClass 23-13 31 21 | Spec: Stone Type/Source: ___ | Thickness: ___ | Panel Size: ___ | Finish: ___ | Fixing System: ___ | Anchor Material: ___ | Subframe: ___ | Design Load: ___ | Water Absorption: ___ | Standard: ___ | Remarks: Pattern-based master item; verify project classification, structural design, local code, tested system, manufacturer data and consultant requirements.",,m²,,,,,,,
FACADE-15752,construction,Stone Cladding,Travertine Cladding - Undercut Anchor - 20 mm - Bush-Hammered,"Supply and install 20 mm bush-hammered travertine façade cladding using undercut anchor system, including panels, anchors or adhesive, subframe, restraints, joints, flashings, sealants and protection. | Code Ref: 04 42 00 / OmniClass 23-13 31 21 | Spec: Stone Type/Source: ___ | Thickness: ___ | Panel Size: ___ | Finish: ___ | Fixing System: ___ | Anchor Material: ___ | Subframe: ___ | Design Load: ___ | Water Absorption: ___ | Standard: ___ | Remarks: Pattern-based master item; verify project classification, structural design, local code, tested system, manufacturer data and consultant requirements.",,m²,,,,,,,
FACADE-15753,construction,Stone Cladding,Travertine Cladding - Undercut Anchor - 20 mm - Flamed,"Supply and install 20 mm flamed travertine façade cladding using undercut anchor system, including panels, anchors or adhesive, subframe, restraints, joints, flashings, sealants and protection. | Code Ref: 04 42 00 / OmniClass 23-13 31 21 | Spec: Stone Type/Source: ___ | Thickness: ___ | Panel Size: ___ | Finish: ___ | Fixing System: ___ | Anchor Material: ___ | Subframe: ___ | Design Load: ___ | Water Absorption: ___ | Standard: ___ | Remarks: Pattern-based master item; verify project classification, structural design, local code, tested system, manufacturer data and consultant requirements.",,m²,,,,,,,
FACADE-15754,construction,Stone Cladding,Travertine Cladding - Undercut Anchor - 20 mm - Honed,"Supply and install 20 mm honed travertine façade cladding using undercut anchor system, including panels, anchors or adhesive, subframe, restraints, joints, flashings, sealants and protection. | Code Ref: 04 42 00 / OmniClass 23-13 31 21 | Spec: Stone Type/Source: ___ | Thickness: ___ | Panel Size: ___ | Finish: ___ | Fixing System: ___ | Anchor Material: ___ | Subframe: ___ | Design Load: ___ | Water Absorption: ___ | Standard: ___ | Remarks: Pattern-based master item; verify project classification, structural design, local code, tested system, manufacturer data and consultant requirements.",,m²,,,,,,,
FACADE-15755,construction,Stone Cladding,Travertine Cladding - Undercut Anchor - 20 mm - Leathered,"Supply and install 20 mm leathered travertine façade cladding using undercut anchor system, including panels, anchors or adhesive, subframe, restraints, joints, flashings, sealants and protection. | Code Ref: 04 42 00 / OmniClass 23-13 31 21 | Spec: Stone Type/Source: ___ | Thickness: ___ | Panel Size: ___ | Finish: ___ | Fixing System: ___ | Anchor Material: ___ | Subframe: ___ | Design Load: ___ | Water Absorption: ___ | Standard: ___ | Remarks: Pattern-based master item; verify project classification, structural design, local code, tested system, manufacturer data and consultant requirements.",,m²,,,,,,,
FACADE-15756,construction,Stone Cladding,Travertine Cladding - Undercut Anchor - 20 mm - Natural Split,"Supply and install 20 mm natural split travertine façade cladding using undercut anchor system, including panels, anchors or adhesive, subframe, restraints, joints, flashings, sealants and protection. | Code Ref: 04 42 00 / OmniClass 23-13 31 21 | Spec: Stone Type/Source: ___ | Thickness: ___ | Panel Size: ___ | Finish: ___ | Fixing System: ___ | Anchor Material: ___ | Subframe: ___ | Design Load: ___ | Water Absorption: ___ | Standard: ___ | Remarks: Pattern-based master item; verify project classification, structural design, local code, tested system, manufacturer data and consultant requirements.",,m²,,,,,,,
FACADE-15757,construction,Stone Cladding,Travertine Cladding - Undercut Anchor - 20 mm - Polished,"Supply and install 20 mm polished travertine façade cladding using undercut anchor system, including panels, anchors or adhesive, subframe, restraints, joints, flashings, sealants and protection. | Code Ref: 04 42 00 / OmniClass 23-13 31 21 | Spec: Stone Type/Source: ___ | Thickness: ___ | Panel Size: ___ | Finish: ___ | Fixing System: ___ | Anchor Material: ___ | Subframe: ___ | Design Load: ___ | Water Absorption: ___ | Standard: ___ | Remarks: Pattern-based master item; verify project classification, structural design, local code, tested system, manufacturer data and consultant requirements.",,m²,,,,,,,
FACADE-15758,construction,Stone Cladding,Travertine Cladding - Undercut Anchor - 20 mm - Sandblasted,"Supply and install 20 mm sandblasted travertine façade cladding using undercut anchor system, including panels, anchors or adhesive, subframe, restraints, joints, flashings, sealants and protection. | Code Ref: 04 42 00 / OmniClass 23-13 31 21 | Spec: Stone Type/Source: ___ | Thickness: ___ | Panel Size: ___ | Finish: ___ | Fixing System: ___ | Anchor Material: ___ | Subframe: ___ | Design Load: ___ | Water Absorption: ___ | Standard: ___ | Remarks: Pattern-based master item; verify project classification, structural design, local code, tested system, manufacturer data and consultant requirements.",,m²,,,,,,,
FACADE-15759,construction,Stone Cladding,Travertine Cladding - Undercut Anchor - 25 mm - Bush-Hammered,"Supply and install 25 mm bush-hammered travertine façade cladding using undercut anchor system, including panels, anchors or adhesive, subframe, restraints, joints, flashings, sealants and protection. | Code Ref: 04 42 00 / OmniClass 23-13 31 21 | Spec: Stone Type/Source: ___ | Thickness: ___ | Panel Size: ___ | Finish: ___ | Fixing System: ___ | Anchor Material: ___ | Subframe: ___ | Design Load: ___ | Water Absorption: ___ | Standard: ___ | Remarks: Pattern-based master item; verify project classification, structural design, local code, tested system, manufacturer data and consultant requirements.",,m²,,,,,,,
FACADE-15760,construction,Stone Cladding,Travertine Cladding - Undercut Anchor - 25 mm - Flamed,"Supply and install 25 mm flamed travertine façade cladding using undercut anchor system, including panels, anchors or adhesive, subframe, restraints, joints, flashings, sealants and protection. | Code Ref: 04 42 00 / OmniClass 23-13 31 21 | Spec: Stone Type/Source: ___ | Thickness: ___ | Panel Size: ___ | Finish: ___ | Fixing System: ___ | Anchor Material: ___ | Subframe: ___ | Design Load: ___ | Water Absorption: ___ | Standard: ___ | Remarks: Pattern-based master item; verify project classification, structural design, local code, tested system, manufacturer data and consultant requirements.",,m²,,,,,,,
FACADE-15761,construction,Stone Cladding,Travertine Cladding - Undercut Anchor - 25 mm - Honed,"Supply and install 25 mm honed travertine façade cladding using undercut anchor system, including panels, anchors or adhesive, subframe, restraints, joints, flashings, sealants and protection. | Code Ref: 04 42 00 / OmniClass 23-13 31 21 | Spec: Stone Type/Source: ___ | Thickness: ___ | Panel Size: ___ | Finish: ___ | Fixing System: ___ | Anchor Material: ___ | Subframe: ___ | Design Load: ___ | Water Absorption: ___ | Standard: ___ | Remarks: Pattern-based master item; verify project classification, structural design, local code, tested system, manufacturer data and consultant requirements.",,m²,,,,,,,
FACADE-15762,construction,Stone Cladding,Travertine Cladding - Undercut Anchor - 25 mm - Leathered,"Supply and install 25 mm leathered travertine façade cladding using undercut anchor system, including panels, anchors or adhesive, subframe, restraints, joints, flashings, sealants and protection. | Code Ref: 04 42 00 / OmniClass 23-13 31 21 | Spec: Stone Type/Source: ___ | Thickness: ___ | Panel Size: ___ | Finish: ___ | Fixing System: ___ | Anchor Material: ___ | Subframe: ___ | Design Load: ___ | Water Absorption: ___ | Standard: ___ | Remarks: Pattern-based master item; verify project classification, structural design, local code, tested system, manufacturer data and consultant requirements.",,m²,,,,,,,
FACADE-15763,construction,Stone Cladding,Travertine Cladding - Undercut Anchor - 25 mm - Natural Split,"Supply and install 25 mm natural split travertine façade cladding using undercut anchor system, including panels, anchors or adhesive, subframe, restraints, joints, flashings, sealants and protection. | Code Ref: 04 42 00 / OmniClass 23-13 31 21 | Spec: Stone Type/Source: ___ | Thickness: ___ | Panel Size: ___ | Finish: ___ | Fixing System: ___ | Anchor Material: ___ | Subframe: ___ | Design Load: ___ | Water Absorption: ___ | Standard: ___ | Remarks: Pattern-based master item; verify project classification, structural design, local code, tested system, manufacturer data and consultant requirements.",,m²,,,,,,,
FACADE-15764,construction,Stone Cladding,Travertine Cladding - Undercut Anchor - 25 mm - Polished,"Supply and install 25 mm polished travertine façade cladding using undercut anchor system, including panels, anchors or adhesive, subframe, restraints, joints, flashings, sealants and protection. | Code Ref: 04 42 00 / OmniClass 23-13 31 21 | Spec: Stone Type/Source: ___ | Thickness: ___ | Panel Size: ___ | Finish: ___ | Fixing System: ___ | Anchor Material: ___ | Subframe: ___ | Design Load: ___ | Water Absorption: ___ | Standard: ___ | Remarks: Pattern-based master item; verify project classification, structural design, local code, tested system, manufacturer data and consultant requirements.",,m²,,,,,,,
FACADE-15765,construction,Stone Cladding,Travertine Cladding - Undercut Anchor - 25 mm - Sandblasted,"Supply and install 25 mm sandblasted travertine façade cladding using undercut anchor system, including panels, anchors or adhesive, subframe, restraints, joints, flashings, sealants and protection. | Code Ref: 04 42 00 / OmniClass 23-13 31 21 | Spec: Stone Type/Source: ___ | Thickness: ___ | Panel Size: ___ | Finish: ___ | Fixing System: ___ | Anchor Material: ___ | Subframe: ___ | Design Load: ___ | Water Absorption: ___ | Standard: ___ | Remarks: Pattern-based master item; verify project classification, structural design, local code, tested system, manufacturer data and consultant requirements.",,m²,,,,,,,
FACADE-15766,construction,Stone Cladding,Travertine Cladding - Undercut Anchor - 30 mm - Bush-Hammered,"Supply and install 30 mm bush-hammered travertine façade cladding using undercut anchor system, including panels, anchors or adhesive, subframe, restraints, joints, flashings, sealants and protection. | Code Ref: 04 42 00 / OmniClass 23-13 31 21 | Spec: Stone Type/Source: ___ | Thickness: ___ | Panel Size: ___ | Finish: ___ | Fixing System: ___ | Anchor Material: ___ | Subframe: ___ | Design Load: ___ | Water Absorption: ___ | Standard: ___ | Remarks: Pattern-based master item; verify project classification, structural design, local code, tested system, manufacturer data and consultant requirements.",,m²,,,,,,,
FACADE-15767,construction,Stone Cladding,Travertine Cladding - Undercut Anchor - 30 mm - Flamed,"Supply and install 30 mm flamed travertine façade cladding using undercut anchor system, including panels, anchors or adhesive, subframe, restraints, joints, flashings, sealants and protection. | Code Ref: 04 42 00 / OmniClass 23-13 31 21 | Spec: Stone Type/Source: ___ | Thickness: ___ | Panel Size: ___ | Finish: ___ | Fixing System: ___ | Anchor Material: ___ | Subframe: ___ | Design Load: ___ | Water Absorption: ___ | Standard: ___ | Remarks: Pattern-based master item; verify project classification, structural design, local code, tested system, manufacturer data and consultant requirements.",,m²,,,,,,,
FACADE-15768,construction,Stone Cladding,Travertine Cladding - Undercut Anchor - 30 mm - Honed,"Supply and install 30 mm honed travertine façade cladding using undercut anchor system, including panels, anchors or adhesive, subframe, restraints, joints, flashings, sealants and protection. | Code Ref: 04 42 00 / OmniClass 23-13 31 21 | Spec: Stone Type/Source: ___ | Thickness: ___ | Panel Size: ___ | Finish: ___ | Fixing System: ___ | Anchor Material: ___ | Subframe: ___ | Design Load: ___ | Water Absorption: ___ | Standard: ___ | Remarks: Pattern-based master item; verify project classification, structural design, local code, tested system, manufacturer data and consultant requirements.",,m²,,,,,,,
FACADE-15769,construction,Stone Cladding,Travertine Cladding - Undercut Anchor - 30 mm - Leathered,"Supply and install 30 mm leathered travertine façade cladding using undercut anchor system, including panels, anchors or adhesive, subframe, restraints, joints, flashings, sealants and protection. | Code Ref: 04 42 00 / OmniClass 23-13 31 21 | Spec: Stone Type/Source: ___ | Thickness: ___ | Panel Size: ___ | Finish: ___ | Fixing System: ___ | Anchor Material: ___ | Subframe: ___ | Design Load: ___ | Water Absorption: ___ | Standard: ___ | Remarks: Pattern-based master item; verify project classification, structural design, local code, tested system, manufacturer data and consultant requirements.",,m²,,,,,,,
FACADE-15770,construction,Stone Cladding,Travertine Cladding - Undercut Anchor - 30 mm - Natural Split,"Supply and install 30 mm natural split travertine façade cladding using undercut anchor system, including panels, anchors or adhesive, subframe, restraints, joints, flashings, sealants and protection. | Code Ref: 04 42 00 / OmniClass 23-13 31 21 | Spec: Stone Type/Source: ___ | Thickness: ___ | Panel Size: ___ | Finish: ___ | Fixing System: ___ | Anchor Material: ___ | Subframe: ___ | Design Load: ___ | Water Absorption: ___ | Standard: ___ | Remarks: Pattern-based master item; verify project classification, structural design, local code, tested system, manufacturer data and consultant requirements.",,m²,,,,,,,
FACADE-15771,construction,Stone Cladding,Travertine Cladding - Undercut Anchor - 30 mm - Polished,"Supply and install 30 mm polished travertine façade cladding using undercut anchor system, including panels, anchors or adhesive, subframe, restraints, joints, flashings, sealants and protection. | Code Ref: 04 42 00 / OmniClass 23-13 31 21 | Spec: Stone Type/Source: ___ | Thickness: ___ | Panel Size: ___ | Finish: ___ | Fixing System: ___ | Anchor Material: ___ | Subframe: ___ | Design Load: ___ | Water Absorption: ___ | Standard: ___ | Remarks: Pattern-based master item; verify project classification, structural design, local code, tested system, manufacturer data and consultant requirements.",,m²,,,,,,,
FACADE-15772,construction,Stone Cladding,Travertine Cladding - Undercut Anchor - 30 mm - Sandblasted,"Supply and install 30 mm sandblasted travertine façade cladding using undercut anchor system, including panels, anchors or adhesive, subframe, restraints, joints, flashings, sealants and protection. | Code Ref: 04 42 00 / OmniClass 23-13 31 21 | Spec: Stone Type/Source: ___ | Thickness: ___ | Panel Size: ___ | Finish: ___ | Fixing System: ___ | Anchor Material: ___ | Subframe: ___ | Design Load: ___ | Water Absorption: ___ | Standard: ___ | Remarks: Pattern-based master item; verify project classification, structural design, local code, tested system, manufacturer data and consultant requirements.",,m²,,,,,,,
FACADE-15773,construction,Stone Cladding,Travertine Cladding - Undercut Anchor - 40 mm - Bush-Hammered,"Supply and install 40 mm bush-hammered travertine façade cladding using undercut anchor system, including panels, anchors or adhesive, subframe, restraints, joints, flashings, sealants and protection. | Code Ref: 04 42 00 / OmniClass 23-13 31 21 | Spec: Stone Type/Source: ___ | Thickness: ___ | Panel Size: ___ | Finish: ___ | Fixing System: ___ | Anchor Material: ___ | Subframe: ___ | Design Load: ___ | Water Absorption: ___ | Standard: ___ | Remarks: Pattern-based master item; verify project classification, structural design, local code, tested system, manufacturer data and consultant requirements.",,m²,,,,,,,
FACADE-15774,construction,Stone Cladding,Travertine Cladding - Undercut Anchor - 40 mm - Flamed,"Supply and install 40 mm flamed travertine façade cladding using undercut anchor system, including panels, anchors or adhesive, subframe, restraints, joints, flashings, sealants and protection. | Code Ref: 04 42 00 / OmniClass 23-13 31 21 | Spec: Stone Type/Source: ___ | Thickness: ___ | Panel Size: ___ | Finish: ___ | Fixing System: ___ | Anchor Material: ___ | Subframe: ___ | Design Load: ___ | Water Absorption: ___ | Standard: ___ | Remarks: Pattern-based master item; verify project classification, structural design, local code, tested system, manufacturer data and consultant requirements.",,m²,,,,,,,
FACADE-15775,construction,Stone Cladding,Travertine Cladding - Undercut Anchor - 40 mm - Honed,"Supply and install 40 mm honed travertine façade cladding using undercut anchor system, including panels, anchors or adhesive, subframe, restraints, joints, flashings, sealants and protection. | Code Ref: 04 42 00 / OmniClass 23-13 31 21 | Spec: Stone Type/Source: ___ | Thickness: ___ | Panel Size: ___ | Finish: ___ | Fixing System: ___ | Anchor Material: ___ | Subframe: ___ | Design Load: ___ | Water Absorption: ___ | Standard: ___ | Remarks: Pattern-based master item; verify project classification, structural design, local code, tested system, manufacturer data and consultant requirements.",,m²,,,,,,,
FACADE-15776,construction,Stone Cladding,Travertine Cladding - Undercut Anchor - 40 mm - Leathered,"Supply and install 40 mm leathered travertine façade cladding using undercut anchor system, including panels, anchors or adhesive, subframe, restraints, joints, flashings, sealants and protection. | Code Ref: 04 42 00 / OmniClass 23-13 31 21 | Spec: Stone Type/Source: ___ | Thickness: ___ | Panel Size: ___ | Finish: ___ | Fixing System: ___ | Anchor Material: ___ | Subframe: ___ | Design Load: ___ | Water Absorption: ___ | Standard: ___ | Remarks: Pattern-based master item; verify project classification, structural design, local code, tested system, manufacturer data and consultant requirements.",,m²,,,,,,,
FACADE-15777,construction,Stone Cladding,Travertine Cladding - Undercut Anchor - 40 mm - Natural Split,"Supply and install 40 mm natural split travertine façade cladding using undercut anchor system, including panels, anchors or adhesive, subframe, restraints, joints, flashings, sealants and protection. | Code Ref: 04 42 00 / OmniClass 23-13 31 21 | Spec: Stone Type/Source: ___ | Thickness: ___ | Panel Size: ___ | Finish: ___ | Fixing System: ___ | Anchor Material: ___ | Subframe: ___ | Design Load: ___ | Water Absorption: ___ | Standard: ___ | Remarks: Pattern-based master item; verify project classification, structural design, local code, tested system, manufacturer data and consultant requirements.",,m²,,,,,,,
FACADE-15778,construction,Stone Cladding,Travertine Cladding - Undercut Anchor - 40 mm - Polished,"Supply and install 40 mm polished travertine façade cladding using undercut anchor system, including panels, anchors or adhesive, subframe, restraints, joints, flashings, sealants and protection. | Code Ref: 04 42 00 / OmniClass 23-13 31 21 | Spec: Stone Type/Source: ___ | Thickness: ___ | Panel Size: ___ | Finish: ___ | Fixing System: ___ | Anchor Material: ___ | Subframe: ___ | Design Load: ___ | Water Absorption: ___ | Standard: ___ | Remarks: Pattern-based master item; verify project classification, structural design, local code, tested system, manufacturer data and consultant requirements.",,m²,,,,,,,
FACADE-15779,construction,Stone Cladding,Travertine Cladding - Undercut Anchor - 40 mm - Sandblasted,"Supply and install 40 mm sandblasted travertine façade cladding using undercut anchor system, including panels, anchors or adhesive, subframe, restraints, joints, flashings, sealants and protection. | Code Ref: 04 42 00 / OmniClass 23-13 31 21 | Spec: Stone Type/Source: ___ | Thickness: ___ | Panel Size: ___ | Finish: ___ | Fixing System: ___ | Anchor Material: ___ | Subframe: ___ | Design Load: ___ | Water Absorption: ___ | Standard: ___ | Remarks: Pattern-based master item; verify project classification, structural design, local code, tested system, manufacturer data and consultant requirements.",,m²,,,,,,,
FACADE-15780,construction,Stone Cladding,Travertine Cladding - Undercut Anchor - 50 mm - Bush-Hammered,"Supply and install 50 mm bush-hammered travertine façade cladding using undercut anchor system, including panels, anchors or adhesive, subframe, restraints, joints, flashings, sealants and protection. | Code Ref: 04 42 00 / OmniClass 23-13 31 21 | Spec: Stone Type/Source: ___ | Thickness: ___ | Panel Size: ___ | Finish: ___ | Fixing System: ___ | Anchor Material: ___ | Subframe: ___ | Design Load: ___ | Water Absorption: ___ | Standard: ___ | Remarks: Pattern-based master item; verify project classification, structural design, local code, tested system, manufacturer data and consultant requirements.",,m²,,,,,,,
FACADE-15781,construction,Stone Cladding,Travertine Cladding - Undercut Anchor - 50 mm - Flamed,"Supply and install 50 mm flamed travertine façade cladding using undercut anchor system, including panels, anchors or adhesive, subframe, restraints, joints, flashings, sealants and protection. | Code Ref: 04 42 00 / OmniClass 23-13 31 21 | Spec: Stone Type/Source: ___ | Thickness: ___ | Panel Size: ___ | Finish: ___ | Fixing System: ___ | Anchor Material: ___ | Subframe: ___ | Design Load: ___ | Water Absorption: ___ | Standard: ___ | Remarks: Pattern-based master item; verify project classification, structural design, local code, tested system, manufacturer data and consultant requirements.",,m²,,,,,,,
FACADE-15782,construction,Stone Cladding,Travertine Cladding - Undercut Anchor - 50 mm - Honed,"Supply and install 50 mm honed travertine façade cladding using undercut anchor system, including panels, anchors or adhesive, subframe, restraints, joints, flashings, sealants and protection. | Code Ref: 04 42 00 / OmniClass 23-13 31 21 | Spec: Stone Type/Source: ___ | Thickness: ___ | Panel Size: ___ | Finish: ___ | Fixing System: ___ | Anchor Material: ___ | Subframe: ___ | Design Load: ___ | Water Absorption: ___ | Standard: ___ | Remarks: Pattern-based master item; verify project classification, structural design, local code, tested system, manufacturer data and consultant requirements.",,m²,,,,,,,
FACADE-15783,construction,Stone Cladding,Travertine Cladding - Undercut Anchor - 50 mm - Leathered,"Supply and install 50 mm leathered travertine façade cladding using undercut anchor system, including panels, anchors or adhesive, subframe, restraints, joints, flashings, sealants and protection. | Code Ref: 04 42 00 / OmniClass 23-13 31 21 | Spec: Stone Type/Source: ___ | Thickness: ___ | Panel Size: ___ | Finish: ___ | Fixing System: ___ | Anchor Material: ___ | Subframe: ___ | Design Load: ___ | Water Absorption: ___ | Standard: ___ | Remarks: Pattern-based master item; verify project classification, structural design, local code, tested system, manufacturer data and consultant requirements.",,m²,,,,,,,
FACADE-15784,construction,Stone Cladding,Travertine Cladding - Undercut Anchor - 50 mm - Natural Split,"Supply and install 50 mm natural split travertine façade cladding using undercut anchor system, including panels, anchors or adhesive, subframe, restraints, joints, flashings, sealants and protection. | Code Ref: 04 42 00 / OmniClass 23-13 31 21 | Spec: Stone Type/Source: ___ | Thickness: ___ | Panel Size: ___ | Finish: ___ | Fixing System: ___ | Anchor Material: ___ | Subframe: ___ | Design Load: ___ | Water Absorption: ___ | Standard: ___ | Remarks: Pattern-based master item; verify project classification, structural design, local code, tested system, manufacturer data and consultant requirements.",,m²,,,,,,,
FACADE-15785,construction,Stone Cladding,Travertine Cladding - Undercut Anchor - 50 mm - Polished,"Supply and install 50 mm polished travertine façade cladding using undercut anchor system, including panels, anchors or adhesive, subframe, restraints, joints, flashings, sealants and protection. | Code Ref: 04 42 00 / OmniClass 23-13 31 21 | Spec: Stone Type/Source: ___ | Thickness: ___ | Panel Size: ___ | Finish: ___ | Fixing System: ___ | Anchor Material: ___ | Subframe: ___ | Design Load: ___ | Water Absorption: ___ | Standard: ___ | Remarks: Pattern-based master item; verify project classification, structural design, local code, tested system, manufacturer data and consultant requirements.",,m²,,,,,,,
FACADE-15786,construction,Stone Cladding,Travertine Cladding - Undercut Anchor - 50 mm - Sandblasted,"Supply and install 50 mm sandblasted travertine façade cladding using undercut anchor system, including panels, anchors or adhesive, subframe, restraints, joints, flashings, sealants and protection. | Code Ref: 04 42 00 / OmniClass 23-13 31 21 | Spec: Stone Type/Source: ___ | Thickness: ___ | Panel Size: ___ | Finish: ___ | Fixing System: ___ | Anchor Material: ___ | Subframe: ___ | Design Load: ___ | Water Absorption: ___ | Standard: ___ | Remarks: Pattern-based master item; verify project classification, structural design, local code, tested system, manufacturer data and consultant requirements.",,m²,,,,,,,
